time,soc,state
0,100.0,BASELINE
1,99.86333333333334,BASELINE
2,99.84333333333333,BASELINE
3,99.82333333333334,BASELINE
4,99.80333333333334,BASELINE
5,99.78333333333335,BASELINE
6,99.64666666666669,BASELINE
7,99.56000000000003,BASELINE
8,99.54000000000003,BASELINE
9,99.52000000000002,BASELINE
10,99.50000000000003,BASELINE
11,99.2966666666667,BASELINE
12,99.2766666666667,BASELINE
13,99.2566666666667,BASELINE
14,99.23666666666671,BASELINE
15,99.21666666666671,BASELINE
16,99.08000000000004,BASELINE
17,99.06000000000004,BASELINE
18,99.04000000000005,BASELINE
19,99.02000000000005,BASELINE
20,99.00000000000007,BASELINE
21,98.86333333333339,BASELINE
22,98.8433333333334,BASELINE
23,98.82333333333341,BASELINE
24,98.80333333333341,BASELINE
25,98.78333333333342,BASELINE
26,98.64666666666675,BASELINE
27,98.62666666666675,BASELINE
28,98.60666666666675,BASELINE
29,98.58666666666676,BASELINE
30,98.50000000000009,BASELINE
31,98.36333333333343,BASELINE
32,98.34333333333343,BASELINE
33,98.25666666666677,BASELINE
34,98.23666666666678,BASELINE
35,98.21666666666677,BASELINE
36,98.08000000000011,BASELINE
37,98.06000000000012,BASELINE
38,97.97333333333344,BASELINE
39,97.95333333333345,BASELINE
40,97.93333333333345,BASELINE
41,97.79666666666678,BASELINE
42,97.77666666666678,BASELINE
43,97.69000000000013,BASELINE
44,97.67000000000013,BASELINE
45,97.65000000000013,BASELINE
46,97.51333333333348,BASELINE
47,97.49333333333348,BASELINE
48,97.47333333333347,BASELINE
49,97.45333333333348,BASELINE
50,97.43333333333348,BASELINE
51,97.29666666666682,BASELINE
52,97.27666666666683,BASELINE
53,97.25666666666683,BASELINE
54,97.23666666666682,BASELINE
55,97.21666666666682,BASELINE
56,97.08000000000017,BASELINE
57,96.99333333333351,BASELINE
58,96.97333333333351,BASELINE
59,96.88666666666684,BASELINE
60,96.86666666666684,BASELINE
61,96.73000000000019,BASELINE
62,96.71000000000018,BASELINE
63,96.69000000000018,BASELINE
64,96.67000000000019,BASELINE
65,96.6500000000002,BASELINE
66,96.51333333333353,BASELINE
67,96.49333333333354,BASELINE
68,96.47333333333354,BASELINE
69,96.38666666666687,BASELINE
70,96.36666666666687,BASELINE
71,96.23000000000022,BASELINE
72,96.21000000000022,BASELINE
73,96.12333333333355,BASELINE
74,96.10333333333357,BASELINE
75,96.08333333333357,BASELINE
76,95.9466666666669,BASELINE
77,95.9266666666669,BASELINE
78,95.84000000000023,BASELINE
79,95.82000000000023,BASELINE
80,95.80000000000024,BASELINE
81,95.66333333333358,BASELINE
82,95.64333333333359,BASELINE
83,95.62333333333358,BASELINE
84,95.53666666666693,BASELINE
85,95.51666666666692,BASELINE
86,95.38000000000027,BASELINE
87,95.36000000000027,BASELINE
88,95.34000000000027,BASELINE
89,95.32000000000028,BASELINE
90,95.30000000000027,BASELINE
91,95.16333333333361,BASELINE
92,95.14333333333362,BASELINE
93,95.12333333333362,BASELINE
94,95.10333333333362,BASELINE
95,95.08333333333361,BASELINE
96,94.94666666666696,BASELINE
97,94.92666666666696,BASELINE
98,94.90666666666696,BASELINE
99,94.8200000000003,BASELINE
100,94.80000000000031,BASELINE
101,94.59666666666698,BASELINE
102,94.57666666666698,BASELINE
103,94.55666666666698,BASELINE
104,94.53666666666697,BASELINE
105,94.51666666666698,BASELINE
106,94.38000000000032,BASELINE
107,94.36000000000033,BASELINE
108,94.34000000000033,BASELINE
109,94.32000000000032,BASELINE
110,94.23333333333368,BASELINE
111,94.096666666667,BASELINE
112,94.07666666666701,BASELINE
113,94.05666666666701,BASELINE
114,94.03666666666702,BASELINE
115,94.01666666666702,BASELINE
116,93.88000000000035,BASELINE
117,93.86000000000035,BASELINE
118,93.84000000000036,BASELINE
119,93.82000000000036,BASELINE
120,93.80000000000037,BASELINE
121,93.6633333333337,BASELINE
122,93.6433333333337,BASELINE
123,93.6233333333337,BASELINE
124,93.60333333333371,BASELINE
125,93.58333333333371,BASELINE
126,93.44666666666704,BASELINE
127,93.42666666666705,BASELINE
128,93.40666666666706,BASELINE
129,93.32000000000039,BASELINE
130,93.3000000000004,BASELINE
131,93.16333333333372,BASELINE
132,93.14333333333373,BASELINE
133,93.12333333333373,BASELINE
134,93.10333333333374,BASELINE
135,93.08333333333374,BASELINE
136,92.94666666666707,BASELINE
137,92.92666666666707,BASELINE
138,92.90666666666708,BASELINE
139,92.88666666666708,BASELINE
140,92.86666666666709,BASELINE
141,92.73000000000042,BASELINE
142,92.71000000000042,BASELINE
143,92.69000000000044,BASELINE
144,92.67000000000044,BASELINE
145,92.65000000000045,BASELINE
146,92.44666666666711,BASELINE
147,92.42666666666712,BASELINE
148,92.40666666666712,BASELINE
149,92.32000000000046,BASELINE
150,92.30000000000047,BASELINE
151,92.16333333333378,BASELINE
152,92.1433333333338,BASELINE
153,92.1233333333338,BASELINE
154,92.10333333333381,BASELINE
155,92.08333333333381,BASELINE
156,91.94666666666714,BASELINE
157,91.92666666666715,BASELINE
158,91.90666666666715,BASELINE
159,91.88666666666715,BASELINE
160,91.86666666666716,BASELINE
161,91.73000000000049,BASELINE
162,91.71000000000049,BASELINE
163,91.6900000000005,BASELINE
164,91.6700000000005,BASELINE
165,91.58333333333384,BASELINE
166,91.44666666666717,BASELINE
167,91.42666666666717,BASELINE
168,91.40666666666718,BASELINE
169,91.3200000000005,BASELINE
170,91.30000000000051,BASELINE
171,91.16333333333385,BASELINE
172,91.07666666666718,BASELINE
173,91.0566666666672,BASELINE
174,91.0366666666672,BASELINE
175,91.0166666666672,BASELINE
176,90.88000000000054,BASELINE
177,90.86000000000054,BASELINE
178,90.84000000000054,BASELINE
179,90.82000000000055,BASELINE
180,90.80000000000055,BASELINE
181,90.66333333333388,BASELINE
182,90.64333333333389,BASELINE
183,90.62333333333389,BASELINE
184,90.6033333333339,BASELINE
185,90.5833333333339,BASELINE
186,90.44666666666723,BASELINE
187,90.42666666666723,BASELINE
188,90.40666666666723,BASELINE
189,90.38666666666724,BASELINE
190,90.36666666666724,BASELINE
191,90.16333333333392,BASELINE
192,90.14333333333391,BASELINE
193,90.12333333333392,BASELINE
194,90.10333333333392,BASELINE
195,90.08333333333393,BASELINE
196,89.94666666666727,BASELINE
197,89.92666666666726,BASELINE
198,89.90666666666726,BASELINE
199,89.88666666666727,BASELINE
200,89.86666666666727,BASELINE
201,89.73000000000062,BASELINE
202,89.64333333333394,BASELINE
203,89.62333333333395,BASELINE
204,89.60333333333395,BASELINE
205,89.58333333333395,BASELINE
206,89.38000000000062,BASELINE
207,89.36000000000062,BASELINE
208,89.34000000000063,BASELINE
209,89.25333333333396,BASELINE
210,89.23333333333397,BASELINE
211,89.0966666666673,BASELINE
212,89.07666666666731,BASELINE
213,89.05666666666731,BASELINE
214,89.03666666666732,BASELINE
215,89.01666666666732,BASELINE
216,88.88000000000066,BASELINE
217,88.86000000000067,BASELINE
218,88.84000000000066,BASELINE
219,88.82000000000066,BASELINE
220,88.80000000000067,BASELINE
221,88.66333333333401,BASELINE
222,88.64333333333401,BASELINE
223,88.55666666666734,BASELINE
224,88.53666666666734,BASELINE
225,88.51666666666735,BASELINE
226,88.38000000000068,BASELINE
227,88.3600000000007,BASELINE
228,88.3400000000007,BASELINE
229,88.3200000000007,BASELINE
230,88.3000000000007,BASELINE
231,88.16333333333404,BASELINE
232,88.14333333333404,BASELINE
233,88.12333333333405,BASELINE
234,88.10333333333405,BASELINE
235,88.08333333333405,BASELINE
236,87.94666666666738,BASELINE
237,87.92666666666739,BASELINE
238,87.84000000000071,BASELINE
239,87.82000000000072,BASELINE
240,87.80000000000074,BASELINE
241,87.66333333333407,BASELINE
242,87.64333333333407,BASELINE
243,87.62333333333407,BASELINE
244,87.60333333333408,BASELINE
245,87.5166666666674,BASELINE
246,87.38000000000075,BASELINE
247,87.36000000000075,BASELINE
248,87.34000000000076,BASELINE
249,87.32000000000075,BASELINE
250,87.30000000000075,BASELINE
251,87.1633333333341,BASELINE
252,87.1433333333341,BASELINE
253,87.1233333333341,BASELINE
254,87.10333333333409,BASELINE
255,87.0833333333341,BASELINE
256,86.94666666666744,BASELINE
257,86.92666666666744,BASELINE
258,86.90666666666745,BASELINE
259,86.88666666666745,BASELINE
260,86.8000000000008,BASELINE
261,86.66333333333412,BASELINE
262,86.64333333333413,BASELINE
263,86.62333333333413,BASELINE
264,86.60333333333413,BASELINE
265,86.58333333333414,BASELINE
266,86.44666666666747,BASELINE
267,86.42666666666747,BASELINE
268,86.40666666666748,BASELINE
269,86.38666666666748,BASELINE
270,86.36666666666748,BASELINE
271,86.23000000000081,BASELINE
272,86.21000000000082,BASELINE
273,86.19000000000084,BASELINE
274,86.17000000000084,BASELINE
275,86.15000000000083,BASELINE
276,86.01333333333417,BASELINE
277,85.99333333333418,BASELINE
278,85.97333333333418,BASELINE
279,85.95333333333419,BASELINE
280,85.93333333333419,BASELINE
281,85.79666666666752,BASELINE
282,85.77666666666752,BASELINE
283,85.75666666666753,BASELINE
284,85.67000000000085,BASELINE
285,85.65000000000086,BASELINE
286,85.44666666666754,BASELINE
287,85.42666666666754,BASELINE
288,85.40666666666755,BASELINE
289,85.38666666666754,BASELINE
290,85.36666666666754,BASELINE
291,85.16333333333421,BASELINE
292,85.07666666666755,BASELINE
293,85.05666666666755,BASELINE
294,85.03666666666756,BASELINE
295,85.01666666666756,BASELINE
296,84.8800000000009,BASELINE
297,84.8600000000009,BASELINE
298,84.8400000000009,BASELINE
299,84.8200000000009,BASELINE
300,84.73333333333424,BASELINE
301,84.53000000000091,BASELINE
302,84.51000000000091,BASELINE
303,84.49000000000092,BASELINE
304,84.47000000000092,BASELINE
305,84.45000000000093,BASELINE
306,84.31333333333426,BASELINE
307,84.29333333333426,BASELINE
308,84.27333333333426,BASELINE
309,84.25333333333427,BASELINE
310,84.23333333333427,BASELINE
311,84.0966666666676,BASELINE
312,84.01000000000096,BASELINE
313,83.92333333333428,BASELINE
314,83.90333333333429,BASELINE
315,83.88333333333429,BASELINE
316,83.74666666666762,BASELINE
317,83.72666666666763,BASELINE
318,83.70666666666763,BASELINE
319,83.68666666666763,BASELINE
320,83.66666666666764,BASELINE
321,83.53000000000097,BASELINE
322,83.51000000000097,BASELINE
323,83.49000000000098,BASELINE
324,83.47000000000098,BASELINE
325,83.45000000000098,BASELINE
326,83.31333333333431,BASELINE
327,83.29333333333433,BASELINE
328,83.27333333333434,BASELINE
329,83.25333333333434,BASELINE
330,83.23333333333434,BASELINE
331,83.09666666666767,BASELINE
332,83.07666666666768,BASELINE
333,82.990000000001,BASELINE
334,82.97000000000101,BASELINE
335,82.88333333333435,BASELINE
336,82.68000000000102,BASELINE
337,82.66000000000102,BASELINE
338,82.64000000000102,BASELINE
339,82.62000000000103,BASELINE
340,82.53333333333437,BASELINE
341,82.3966666666677,BASELINE
342,82.3766666666677,BASELINE
343,82.3566666666677,BASELINE
344,82.33666666666771,BASELINE
345,82.31666666666771,BASELINE
346,82.18000000000106,BASELINE
347,82.16000000000105,BASELINE
348,82.07333333333439,BASELINE
349,82.0533333333344,BASELINE
350,82.0333333333344,BASELINE
351,81.89666666666773,BASELINE
352,81.87666666666773,BASELINE
353,81.85666666666773,BASELINE
354,81.83666666666774,BASELINE
355,81.75000000000108,BASELINE
356,81.61333333333441,BASELINE
357,81.52666666666775,BASELINE
358,81.50666666666775,BASELINE
359,81.48666666666774,BASELINE
360,81.46666666666775,BASELINE
361,81.33000000000109,BASELINE
362,81.3100000000011,BASELINE
363,81.2900000000011,BASELINE
364,81.2700000000011,BASELINE
365,81.25000000000111,BASELINE
366,81.11333333333445,BASELINE
367,81.09333333333446,BASELINE
368,81.07333333333445,BASELINE
369,81.05333333333445,BASELINE
370,80.96666666666779,BASELINE
371,80.83000000000112,BASELINE
372,80.74333333333446,BASELINE
373,80.6566666666678,BASELINE
374,80.6366666666678,BASELINE
375,80.55000000000113,BASELINE
376,80.41333333333446,BASELINE
377,80.39333333333447,BASELINE
378,80.30666666666781,BASELINE
379,80.28666666666781,BASELINE
380,80.26666666666782,BASELINE
381,80.13000000000116,BASELINE
382,80.11000000000116,BASELINE
383,80.09000000000115,BASELINE
384,80.07000000000116,BASELINE
385,80.05000000000116,BASELINE
386,79.9133333333345,BASELINE
387,79.89333333333451,BASELINE
388,79.8733333333345,BASELINE
389,79.8533333333345,BASELINE
390,79.83333333333451,BASELINE
391,79.69666666666785,BASELINE
392,79.67666666666786,BASELINE
393,79.65666666666786,BASELINE
394,79.63666666666786,BASELINE
395,79.61666666666787,BASELINE
396,79.48000000000121,BASELINE
397,79.4600000000012,BASELINE
398,79.4400000000012,BASELINE
399,79.42000000000121,BASELINE
400,79.40000000000121,BASELINE
401,79.26333333333456,BASELINE
402,79.24333333333455,BASELINE
403,79.22333333333455,BASELINE
404,79.20333333333456,BASELINE
405,79.18333333333456,BASELINE
406,79.0466666666679,BASELINE
407,79.0266666666679,BASELINE
408,78.94000000000123,BASELINE
409,78.92000000000124,BASELINE
410,78.83333333333458,BASELINE
411,78.69666666666791,BASELINE
412,78.67666666666791,BASELINE
413,78.65666666666792,BASELINE
414,78.63666666666792,BASELINE
415,78.61666666666792,BASELINE
416,78.48000000000125,BASELINE
417,78.46000000000126,BASELINE
418,78.44000000000126,BASELINE
419,78.42000000000127,BASELINE
420,78.40000000000127,BASELINE
421,78.2633333333346,BASELINE
422,78.2433333333346,BASELINE
423,78.15666666666795,BASELINE
424,78.13666666666795,BASELINE
425,78.05000000000129,BASELINE
426,77.91333333333462,BASELINE
427,77.89333333333462,BASELINE
428,77.87333333333463,BASELINE
429,77.85333333333463,BASELINE
430,77.83333333333464,BASELINE
431,77.69666666666797,BASELINE
432,77.67666666666798,BASELINE
433,77.65666666666799,BASELINE
434,77.63666666666799,BASELINE
435,77.55000000000132,BASELINE
436,77.41333333333465,BASELINE
437,77.32666666666799,BASELINE
438,77.306666666668,BASELINE
439,77.286666666668,BASELINE
440,77.20000000000134,BASELINE
441,76.996666666668,BASELINE
442,76.97666666666801,BASELINE
443,76.956666666668,BASELINE
444,76.936666666668,BASELINE
445,76.91666666666802,BASELINE
446,76.78000000000135,BASELINE
447,76.76000000000136,BASELINE
448,76.74000000000136,BASELINE
449,76.72000000000136,BASELINE
450,76.63333333333469,BASELINE
451,76.49666666666803,BASELINE
452,76.47666666666804,BASELINE
453,76.45666666666804,BASELINE
454,76.43666666666805,BASELINE
455,76.41666666666805,BASELINE
456,76.28000000000138,BASELINE
457,76.19333333333472,BASELINE
458,76.17333333333472,BASELINE
459,76.08666666666805,BASELINE
460,76.06666666666806,BASELINE
461,75.9300000000014,BASELINE
462,75.9100000000014,BASELINE
463,75.89000000000141,BASELINE
464,75.8700000000014,BASELINE
465,75.8500000000014,BASELINE
466,75.71333333333475,BASELINE
467,75.69333333333475,BASELINE
468,75.67333333333475,BASELINE
469,75.65333333333476,BASELINE
470,75.63333333333476,BASELINE
471,75.43000000000143,BASELINE
472,75.41000000000143,BASELINE
473,75.32333333333476,BASELINE
474,75.30333333333476,BASELINE
475,75.28333333333478,BASELINE
476,75.14666666666811,BASELINE
477,75.06000000000145,BASELINE
478,75.04000000000146,BASELINE
479,75.02000000000145,BASELINE
480,75.00000000000145,BASELINE
481,74.8633333333348,BASELINE
482,74.8433333333348,BASELINE
483,74.8233333333348,BASELINE
484,74.80333333333479,BASELINE
485,74.7833333333348,BASELINE
486,74.64666666666814,BASELINE
487,74.56000000000148,BASELINE
488,74.54000000000148,BASELINE
489,74.52000000000149,BASELINE
490,74.50000000000149,BASELINE
491,74.36333333333482,BASELINE
492,74.34333333333483,BASELINE
493,74.32333333333483,BASELINE
494,74.30333333333483,BASELINE
495,74.28333333333484,BASELINE
496,74.14666666666817,BASELINE
497,74.12666666666817,BASELINE
498,74.0400000000015,BASELINE
499,74.02000000000152,BASELINE
500,74.00000000000152,BASELINE
501,73.86333333333485,BASELINE
502,73.84333333333485,BASELINE
503,73.82333333333486,BASELINE
504,73.80333333333486,BASELINE
505,73.78333333333487,BASELINE
506,73.64666666666821,BASELINE
507,73.6266666666682,BASELINE
508,73.6066666666682,BASELINE
509,73.58666666666821,BASELINE
510,73.56666666666821,BASELINE
511,73.43000000000156,BASELINE
512,73.41000000000155,BASELINE
513,73.39000000000155,BASELINE
514,73.37000000000155,BASELINE
515,73.2833333333349,BASELINE
516,73.08000000000156,BASELINE
517,73.06000000000157,BASELINE
518,73.04000000000157,BASELINE
519,73.02000000000157,BASELINE
520,73.00000000000158,BASELINE
521,72.86333333333491,BASELINE
522,72.84333333333491,BASELINE
523,72.82333333333492,BASELINE
524,72.80333333333492,BASELINE
525,72.78333333333492,BASELINE
526,72.64666666666825,BASELINE
527,72.62666666666826,BASELINE
528,72.60666666666826,BASELINE
529,72.5200000000016,BASELINE
530,72.5000000000016,BASELINE
531,72.36333333333495,BASELINE
532,72.34333333333495,BASELINE
533,72.32333333333494,BASELINE
534,72.30333333333495,BASELINE
535,72.28333333333495,BASELINE
536,72.1466666666683,BASELINE
537,72.1266666666683,BASELINE
538,72.10666666666829,BASELINE
539,72.0866666666683,BASELINE
540,72.0666666666683,BASELINE
541,71.93000000000164,BASELINE
542,71.91000000000165,BASELINE
543,71.89000000000163,BASELINE
544,71.87000000000164,BASELINE
545,71.85000000000166,BASELINE
546,71.71333333333499,BASELINE
547,71.69333333333499,BASELINE
548,71.673333333335,BASELINE
549,71.653333333335,BASELINE
550,71.633333333335,BASELINE
551,71.49666666666835,BASELINE
552,71.47666666666834,BASELINE
553,71.45666666666834,BASELINE
554,71.43666666666834,BASELINE
555,71.41666666666835,BASELINE
556,71.28000000000169,BASELINE
557,71.26000000000168,BASELINE
558,71.17333333333502,BASELINE
559,71.15333333333503,BASELINE
560,71.13333333333503,BASELINE
561,70.99666666666836,BASELINE
562,70.97666666666838,BASELINE
563,70.95666666666838,BASELINE
564,70.87000000000171,BASELINE
565,70.85000000000171,BASELINE
566,70.71333333333504,BASELINE
567,70.69333333333505,BASELINE
568,70.67333333333505,BASELINE
569,70.65333333333506,BASELINE
570,70.63333333333506,BASELINE
571,70.49666666666839,BASELINE
572,70.4766666666684,BASELINE
573,70.4566666666684,BASELINE
574,70.4366666666684,BASELINE
575,70.41666666666842,BASELINE
576,70.28000000000173,BASELINE
577,70.26000000000175,BASELINE
578,70.24000000000176,BASELINE
579,70.22000000000176,BASELINE
580,70.20000000000176,BASELINE
581,70.0633333333351,BASELINE
582,70.0433333333351,BASELINE
583,70.0233333333351,BASELINE
584,70.0033333333351,BASELINE
585,69.98333333333511,BASELINE
586,69.84666666666844,BASELINE
587,69.76000000000178,BASELINE
588,69.74000000000177,BASELINE
589,69.72000000000178,BASELINE
590,69.7000000000018,BASELINE
591,69.56333333333512,BASELINE
592,69.54333333333513,BASELINE
593,69.52333333333513,BASELINE
594,69.50333333333514,BASELINE
595,69.48333333333514,BASELINE
596,69.34666666666848,BASELINE
597,69.32666666666847,BASELINE
598,69.30666666666848,BASELINE
599,69.28666666666848,BASELINE
600,69.20000000000182,BASELINE
601,69.06333333333515,BASELINE
602,69.04333333333516,BASELINE
603,69.02333333333516,BASELINE
604,68.9366666666685,BASELINE
605,68.9166666666685,BASELINE
606,68.78000000000183,BASELINE
607,68.76000000000184,BASELINE
608,68.74000000000184,BASELINE
609,68.72000000000185,BASELINE
610,68.70000000000185,BASELINE
611,68.49666666666852,BASELINE
612,68.47666666666852,BASELINE
613,68.45666666666853,BASELINE
614,68.37000000000187,BASELINE
615,68.35000000000187,BASELINE
616,68.2133333333352,BASELINE
617,68.12666666666854,BASELINE
618,68.10666666666853,BASELINE
619,68.08666666666853,BASELINE
620,68.06666666666855,BASELINE
621,67.93000000000188,BASELINE
622,67.91000000000189,BASELINE
623,67.89000000000189,BASELINE
624,67.8700000000019,BASELINE
625,67.8500000000019,BASELINE
626,67.71333333333523,BASELINE
627,67.69333333333523,BASELINE
628,67.67333333333524,BASELINE
629,67.58666666666858,BASELINE
630,67.56666666666857,BASELINE
631,67.43000000000191,BASELINE
632,67.41000000000192,BASELINE
633,67.39000000000192,BASELINE
634,67.37000000000192,BASELINE
635,67.35000000000193,BASELINE
636,67.21333333333526,BASELINE
637,67.19333333333527,BASELINE
638,67.17333333333528,BASELINE
639,67.15333333333527,BASELINE
640,67.13333333333527,BASELINE
641,66.93000000000194,BASELINE
642,66.91000000000194,BASELINE
643,66.89000000000195,BASELINE
644,66.87000000000195,BASELINE
645,66.85000000000196,BASELINE
646,66.71333333333529,BASELINE
647,66.69333333333529,BASELINE
648,66.6733333333353,BASELINE
649,66.6533333333353,BASELINE
650,66.6333333333353,BASELINE
651,66.43000000000198,BASELINE
652,66.41000000000197,BASELINE
653,66.39000000000198,BASELINE
654,66.37000000000198,BASELINE
655,66.35000000000198,BASELINE
656,66.21333333333533,BASELINE
657,66.19333333333532,BASELINE
658,66.17333333333532,BASELINE
659,66.15333333333533,BASELINE
660,66.13333333333533,BASELINE
661,65.99666666666867,BASELINE
662,65.97666666666868,BASELINE
663,65.95666666666867,BASELINE
664,65.93666666666867,BASELINE
665,65.91666666666868,BASELINE
666,65.78000000000202,BASELINE
667,65.76000000000202,BASELINE
668,65.74000000000203,BASELINE
669,65.72000000000203,BASELINE
670,65.70000000000203,BASELINE
671,65.56333333333538,BASELINE
672,65.54333333333537,BASELINE
673,65.45666666666871,BASELINE
674,65.43666666666871,BASELINE
675,65.4166666666687,BASELINE
676,65.28000000000205,BASELINE
677,65.26000000000205,BASELINE
678,65.24000000000206,BASELINE
679,65.22000000000206,BASELINE
680,65.20000000000206,BASELINE
681,65.0633333333354,BASELINE
682,65.0433333333354,BASELINE
683,65.02333333333542,BASELINE
684,65.0033333333354,BASELINE
685,64.98333333333541,BASELINE
686,64.84666666666875,BASELINE
687,64.82666666666876,BASELINE
688,64.80666666666876,BASELINE
689,64.78666666666875,BASELINE
690,64.76666666666875,BASELINE
691,64.6300000000021,BASELINE
692,64.6100000000021,BASELINE
693,64.5900000000021,BASELINE
694,64.5700000000021,BASELINE
695,64.5500000000021,BASELINE
696,64.41333333333544,BASELINE
697,64.39333333333545,BASELINE
698,64.37333333333545,BASELINE
699,64.35333333333546,BASELINE
700,64.33333333333545,BASELINE
701,64.19666666666879,BASELINE
702,64.11000000000213,BASELINE
703,64.09000000000214,BASELINE
704,64.07000000000214,BASELINE
705,63.983333333335466,BASELINE
706,63.8466666666688,BASELINE
707,63.82666666666881,BASELINE
708,63.80666666666881,BASELINE
709,63.786666666668815,BASELINE
710,63.76666666666881,BASELINE
711,63.63000000000215,BASELINE
712,63.61000000000215,BASELINE
713,63.59000000000216,BASELINE
714,63.57000000000217,BASELINE
715,63.55000000000217,BASELINE
716,63.41333333333551,BASELINE
717,63.39333333333551,BASELINE
718,63.373333333335516,BASELINE
719,63.35333333333551,BASELINE
720,63.33333333333552,BASELINE
721,63.196666666668854,BASELINE
722,63.17666666666886,BASELINE
723,63.09000000000219,BASELINE
724,63.07000000000219,BASELINE
725,63.05000000000219,BASELINE
726,62.91333333333553,BASELINE
727,62.89333333333553,BASELINE
728,62.87333333333554,BASELINE
729,62.85333333333555,BASELINE
730,62.83333333333555,BASELINE
731,62.69666666666889,BASELINE
732,62.67666666666889,BASELINE
733,62.65666666666889,BASELINE
734,62.636666666668894,BASELINE
735,62.6166666666689,BASELINE
736,62.480000000002235,BASELINE
737,62.46000000000224,BASELINE
738,62.440000000002236,BASELINE
739,62.42000000000224,BASELINE
740,62.400000000002244,BASELINE
741,62.26333333333558,BASELINE
742,62.243333333335585,BASELINE
743,62.22333333333558,BASELINE
744,62.203333333335586,BASELINE
745,62.18333333333559,BASELINE
746,62.046666666668926,BASELINE
747,62.02666666666893,BASELINE
748,62.00666666666893,BASELINE
749,61.98666666666893,BASELINE
750,61.96666666666894,BASELINE
751,61.83000000000227,BASELINE
752,61.81000000000228,BASELINE
753,61.79000000000229,BASELINE
754,61.77000000000229,BASELINE
755,61.750000000002295,BASELINE
756,61.61333333333563,BASELINE
757,61.59333333333563,BASELINE
758,61.57333333333563,BASELINE
759,61.55333333333564,BASELINE
760,61.53333333333564,BASELINE
761,61.39666666666898,BASELINE
762,61.376666666668974,BASELINE
763,61.35666666666898,BASELINE
764,61.33666666666898,BASELINE
765,61.250000000002316,BASELINE
766,61.11333333333565,BASELINE
767,61.09333333333565,BASELINE
768,61.07333333333567,BASELINE
769,61.05333333333567,BASELINE
770,61.03333333333567,BASELINE
771,60.896666666669006,BASELINE
772,60.87666666666901,BASELINE
773,60.856666666669014,BASELINE
774,60.83666666666902,BASELINE
775,60.816666666669015,BASELINE
776,60.68000000000235,BASELINE
777,60.660000000002356,BASELINE
778,60.64000000000236,BASELINE
779,60.62000000000236,BASELINE
780,60.60000000000236,BASELINE
781,60.4633333333357,BASELINE
782,60.4433333333357,BASELINE
783,60.423333333335705,BASELINE
784,60.40333333333571,BASELINE
785,60.383333333335706,BASELINE
786,60.24666666666904,BASELINE
787,60.22666666666905,BASELINE
788,60.20666666666905,BASELINE
789,60.18666666666906,BASELINE
790,60.166666666669066,BASELINE
791,60.030000000002396,BASELINE
792,60.01000000000241,BASELINE
793,59.99000000000241,BASELINE
794,59.97000000000241,BASELINE
795,59.88333333333574,BASELINE
796,59.74666666666908,BASELINE
797,59.72666666666908,BASELINE
798,59.706666666669086,BASELINE
799,59.68666666666908,BASELINE
800,59.66666666666909,BASELINE
801,59.530000000002424,BASELINE
802,59.51000000000243,BASELINE
803,59.49000000000243,BASELINE
804,59.47000000000243,BASELINE
805,59.45000000000245,BASELINE
806,59.31333333333577,BASELINE
807,59.29333333333579,BASELINE
808,59.273333333335785,BASELINE
809,59.25333333333579,BASELINE
810,59.23333333333579,BASELINE
811,59.09666666666913,BASELINE
812,59.076666666669134,BASELINE
813,59.05666666666913,BASELINE
814,59.036666666669134,BASELINE
815,59.01666666666914,BASELINE
816,58.880000000002475,BASELINE
817,58.86000000000248,BASELINE
818,58.840000000002476,BASELINE
819,58.75333333333581,BASELINE
820,58.73333333333582,BASELINE
821,58.59666666666915,BASELINE
822,58.51000000000249,BASELINE
823,58.490000000002496,BASELINE
824,58.4700000000025,BASELINE
825,58.4500000000025,BASELINE
826,58.313333333335834,BASELINE
827,58.29333333333584,BASELINE
828,58.27333333333584,BASELINE
829,58.253333333335846,BASELINE
830,58.23333333333585,BASELINE
831,58.096666666669186,BASELINE
832,58.07666666666918,BASELINE
833,58.05666666666919,BASELINE
834,58.03666666666919,BASELINE
835,58.0166666666692,BASELINE
836,57.88000000000253,BASELINE
837,57.86000000000254,BASELINE
838,57.84000000000255,BASELINE
839,57.820000000002544,BASELINE
840,57.80000000000255,BASELINE
841,57.596666666669215,BASELINE
842,57.57666666666922,BASELINE
843,57.55666666666922,BASELINE
844,57.53666666666922,BASELINE
845,57.516666666669224,BASELINE
846,57.38000000000256,BASELINE
847,57.29333333333591,BASELINE
848,57.273333333335906,BASELINE
849,57.25333333333591,BASELINE
850,57.23333333333591,BASELINE
851,57.03000000000258,BASELINE
852,57.01000000000258,BASELINE
853,56.99000000000258,BASELINE
854,56.970000000002585,BASELINE
855,56.95000000000259,BASELINE
856,56.813333333335926,BASELINE
857,56.72666666666927,BASELINE
858,56.70666666666927,BASELINE
859,56.686666666669275,BASELINE
860,56.6000000000026,BASELINE
861,56.46333333333594,BASELINE
862,56.44333333333594,BASELINE
863,56.42333333333595,BASELINE
864,56.40333333333595,BASELINE
865,56.38333333333596,BASELINE
866,56.246666666669284,BASELINE
867,56.2266666666693,BASELINE
868,56.2066666666693,BASELINE
869,56.1866666666693,BASELINE
870,56.16666666666931,BASELINE
871,56.030000000002644,BASELINE
872,56.01000000000265,BASELINE
873,55.99000000000265,BASELINE
874,55.97000000000265,BASELINE
875,55.88333333333598,BASELINE
876,55.74666666666932,BASELINE
877,55.726666666669324,BASELINE
878,55.70666666666932,BASELINE
879,55.62000000000267,BASELINE
880,55.600000000002666,BASELINE
881,55.46333333333601,BASELINE
882,55.44333333333601,BASELINE
883,55.35666666666934,BASELINE
884,55.336666666669345,BASELINE
885,55.31666666666935,BASELINE
886,55.180000000002686,BASELINE
887,55.16000000000268,BASELINE
888,55.140000000002686,BASELINE
889,55.05333333333603,BASELINE
890,55.03333333333603,BASELINE
891,54.89666666666937,BASELINE
892,54.87666666666937,BASELINE
893,54.856666666669376,BASELINE
894,54.83666666666937,BASELINE
895,54.81666666666938,BASELINE
896,54.680000000002714,BASELINE
897,54.66000000000272,BASELINE
898,54.64000000000272,BASELINE
899,54.55333333333606,BASELINE
900,54.4666666666694,BASELINE
901,54.330000000002734,BASELINE
902,54.24333333333606,BASELINE
903,54.223333333336065,BASELINE
904,54.203333333336076,BASELINE
905,54.18333333333608,BASELINE
906,54.04666666666942,BASELINE
907,54.02666666666942,BASELINE
908,54.006666666669425,BASELINE
909,53.98666666666942,BASELINE
910,53.966666666669425,BASELINE
911,53.83000000000276,BASELINE
912,53.810000000002766,BASELINE
913,53.79000000000277,BASELINE
914,53.770000000002774,BASELINE
915,53.75000000000277,BASELINE
916,53.61333333333611,BASELINE
917,53.59333333333611,BASELINE
918,53.573333333336116,BASELINE
919,53.55333333333612,BASELINE
920,53.53333333333612,BASELINE
921,53.396666666669454,BASELINE
922,53.37666666666946,BASELINE
923,53.35666666666946,BASELINE
924,53.336666666669466,BASELINE
925,53.31666666666946,BASELINE
926,53.11333333333614,BASELINE
927,53.09333333333615,BASELINE
928,53.07333333333615,BASELINE
929,53.05333333333615,BASELINE
930,53.03333333333615,BASELINE
931,52.89666666666949,BASELINE
932,52.87666666666949,BASELINE
933,52.8566666666695,BASELINE
934,52.836666666669494,BASELINE
935,52.8166666666695,BASELINE
936,52.680000000002835,BASELINE
937,52.593333333336176,BASELINE
938,52.57333333333618,BASELINE
939,52.553333333336184,BASELINE
940,52.53333333333619,BASELINE
941,52.396666666669525,BASELINE
942,52.37666666666952,BASELINE
943,52.356666666669526,BASELINE
944,52.33666666666953,BASELINE
945,52.31666666666953,BASELINE
946,52.1133333333362,BASELINE
947,52.0933333333362,BASELINE
948,52.0733333333362,BASELINE
949,52.05333333333621,BASELINE
950,52.033333333336216,BASELINE
951,51.89666666666955,BASELINE
952,51.87666666666956,BASELINE
953,51.85666666666956,BASELINE
954,51.836666666669565,BASELINE
955,51.81666666666956,BASELINE
956,51.6800000000029,BASELINE
957,51.6600000000029,BASELINE
958,51.57333333333624,BASELINE
959,51.55333333333624,BASELINE
960,51.53333333333624,BASELINE
961,51.33000000000292,BASELINE
962,51.31000000000292,BASELINE
963,51.29000000000292,BASELINE
964,51.27000000000292,BASELINE
965,51.25000000000293,BASELINE
966,51.113333333336264,BASELINE
967,51.09333333333627,BASELINE
968,51.073333333336265,BASELINE
969,51.05333333333627,BASELINE
970,51.03333333333627,BASELINE
971,50.89666666666961,BASELINE
972,50.876666666669614,BASELINE
973,50.85666666666961,BASELINE
974,50.836666666669615,BASELINE
975,50.750000000002956,BASELINE
976,50.6133333333363,BASELINE
977,50.5933333333363,BASELINE
978,50.50666666666963,BASELINE
979,50.486666666669635,BASELINE
980,50.46666666666964,BASELINE
981,50.330000000002975,BASELINE
982,50.31000000000297,BASELINE
983,50.290000000002976,BASELINE
984,50.20333333333632,BASELINE
985,50.18333333333632,BASELINE
986,50.04666666666966,BASELINE
987,50.02666666666966,BASELINE
988,50.006666666669666,BASELINE
989,47.486000000003145,BASELINE
990,47.46500000000315,BASELINE
991,47.321500000003155,BASELINE
992,47.300500000003154,BASELINE
993,47.27950000000316,BASELINE
994,47.25850000000316,BASELINE
995,47.237500000003166,BASELINE
996,47.02400000000317,BASELINE
997,47.003000000003176,BASELINE
998,46.98200000000317,BASELINE
999,46.961000000003175,BASELINE
1000,46.94000000000319,BASELINE
1001,46.796500000003185,BASELINE
1002,46.7755000000032,BASELINE
1003,46.75450000000319,BASELINE
1004,46.7335000000032,BASELINE
1005,46.7125000000032,BASELINE
1006,46.56900000000321,BASELINE
1007,46.548000000003206,BASELINE
1008,46.527000000003206,BASELINE
1009,46.50600000000321,BASELINE
1010,46.48500000000321,BASELINE
1011,46.341500000003215,BASELINE
1012,46.32050000000322,BASELINE
1013,46.29950000000323,BASELINE
1014,46.20850000000323,BASELINE
1015,46.18750000000323,BASELINE
1016,46.04400000000324,BASELINE
1017,46.023000000003236,BASELINE
1018,46.00200000000324,BASELINE
1019,45.98100000000325,BASELINE
1020,45.89000000000325,BASELINE
1021,45.74650000000325,BASELINE
1022,45.72550000000326,BASELINE
1023,45.70450000000326,BASELINE
1024,45.683500000003264,BASELINE
1025,45.66250000000326,BASELINE
1026,45.51900000000327,BASELINE
1027,45.498000000003266,BASELINE
1028,45.47700000000327,BASELINE
1029,45.45600000000328,BASELINE
1030,45.43500000000327,BASELINE
1031,45.22150000000328,BASELINE
1032,45.20050000000329,BASELINE
1033,45.17950000000329,BASELINE
1034,45.158500000003286,BASELINE
1035,45.06750000000329,BASELINE
1036,44.924000000003296,BASELINE
1037,44.9030000000033,BASELINE
1038,44.8820000000033,BASELINE
1039,44.79100000000331,BASELINE
1040,44.77000000000331,BASELINE
1041,44.62650000000332,BASELINE
1042,44.60550000000331,BASELINE
1043,44.584500000003324,BASELINE
1044,44.56350000000333,BASELINE
1045,44.54250000000332,BASELINE
1046,44.39900000000333,BASELINE
1047,44.37800000000333,BASELINE
1048,44.28700000000334,BASELINE
1049,44.266000000003345,BASELINE
1050,44.175000000003344,BASELINE
1051,44.03150000000334,BASELINE
1052,44.010500000003354,BASELINE
1053,43.98950000000336,BASELINE
1054,43.96850000000335,BASELINE
1055,43.94750000000336,BASELINE
1056,43.80400000000336,BASELINE
1057,43.78300000000337,BASELINE
1058,43.76200000000337,BASELINE
1059,43.74100000000337,BASELINE
1060,43.72000000000337,BASELINE
1061,43.57650000000338,BASELINE
1062,43.55550000000338,BASELINE
1063,43.53450000000338,BASELINE
1064,43.51350000000339,BASELINE
1065,43.49250000000339,BASELINE
1066,43.34900000000339,BASELINE
1067,43.3280000000034,BASELINE
1068,43.3070000000034,BASELINE
1069,43.2860000000034,BASELINE
1070,43.265000000003404,BASELINE
1071,43.12150000000341,BASELINE
1072,43.100500000003414,BASELINE
1073,43.00950000000341,BASELINE
1074,42.91850000000342,BASELINE
1075,42.897500000003426,BASELINE
1076,42.75400000000343,BASELINE
1077,42.73300000000343,BASELINE
1078,42.71200000000343,BASELINE
1079,42.691000000003434,BASELINE
1080,42.67000000000344,BASELINE
1081,42.52650000000344,BASELINE
1082,42.435500000003444,BASELINE
1083,42.41450000000344,BASELINE
1084,42.39350000000345,BASELINE
1085,42.372500000003456,BASELINE
1086,42.22900000000346,BASELINE
1087,42.208000000003466,BASELINE
1088,42.187000000003465,BASELINE
1089,42.166000000003464,BASELINE
1090,42.14500000000347,BASELINE
1091,42.001500000003475,BASELINE
1092,41.980500000003474,BASELINE
1093,41.95950000000348,BASELINE
1094,41.93850000000348,BASELINE
1095,41.917500000003486,BASELINE
1096,41.77400000000348,BASELINE
1097,41.753000000003496,BASELINE
1098,41.7320000000035,BASELINE
1099,41.711000000003494,BASELINE
1100,41.6900000000035,BASELINE
1101,41.4765000000035,BASELINE
1102,41.45550000000351,BASELINE
1103,41.43450000000351,BASELINE
1104,41.413500000003516,BASELINE
1105,41.392500000003515,BASELINE
1106,41.24900000000352,BASELINE
1107,41.228000000003526,BASELINE
1108,41.207000000003525,BASELINE
1109,41.186000000003524,BASELINE
1110,41.16500000000354,BASELINE
1111,41.021500000003535,BASELINE
1112,41.00050000000354,BASELINE
1113,40.97950000000354,BASELINE
1114,40.958500000003546,BASELINE
1115,40.93750000000355,BASELINE
1116,40.79400000000356,BASELINE
1117,40.703000000003556,BASELINE
1118,40.68200000000356,BASELINE
1119,40.66100000000356,BASELINE
1120,40.64000000000357,BASELINE
1121,40.49650000000357,BASELINE
1122,40.47550000000357,BASELINE
1123,40.45450000000357,BASELINE
1124,40.433500000003576,BASELINE
1125,40.41250000000358,BASELINE
1126,40.26900000000359,BASELINE
1127,40.178000000003586,BASELINE
1128,40.15700000000359,BASELINE
1129,40.13600000000359,BASELINE
1130,40.1150000000036,BASELINE
1131,39.971500000003594,BASELINE
1132,39.95050000000361,BASELINE
1133,39.85950000000361,BASELINE
1134,39.83850000000361,BASELINE
1135,39.81750000000361,BASELINE
1136,39.604000000003616,BASELINE
1137,39.58300000000362,BASELINE
1138,39.56200000000362,BASELINE
1139,39.54100000000363,BASELINE
1140,39.520000000003634,BASELINE
1141,39.37650000000364,BASELINE
1142,39.35550000000364,BASELINE
1143,39.334500000003636,BASELINE
1144,39.31350000000364,BASELINE
1145,39.29250000000364,BASELINE
1146,39.149000000003646,BASELINE
1147,39.12800000000365,BASELINE
1148,39.10700000000365,BASELINE
1149,39.08600000000366,BASELINE
1150,39.065000000003664,BASELINE
1151,38.92150000000367,BASELINE
1152,38.90050000000367,BASELINE
1153,38.87950000000367,BASELINE
1154,38.85850000000367,BASELINE
1155,38.83750000000368,BASELINE
1156,38.69400000000368,BASELINE
1157,38.67300000000368,BASELINE
1158,38.65200000000368,BASELINE
1159,38.63100000000369,BASELINE
1160,38.54000000000369,BASELINE
1161,38.3965000000037,BASELINE
1162,38.3755000000037,BASELINE
1163,38.354500000003696,BASELINE
1164,38.3335000000037,BASELINE
1165,38.31250000000371,BASELINE
1166,38.16900000000371,BASELINE
1167,38.14800000000372,BASELINE
1168,38.12700000000372,BASELINE
1169,38.03600000000372,BASELINE
1170,38.015000000003724,BASELINE
1171,37.87150000000373,BASELINE
1172,37.850500000003734,BASELINE
1173,37.82950000000373,BASELINE
1174,37.80850000000373,BASELINE
1175,37.78750000000374,BASELINE
1176,37.64400000000374,BASELINE
1177,37.62300000000374,BASELINE
1178,37.60200000000375,BASELINE
1179,37.581000000003755,BASELINE
1180,37.56000000000376,BASELINE
1181,37.41650000000375,BASELINE
1182,37.395500000003764,BASELINE
1183,37.37450000000377,BASELINE
1184,37.35350000000377,BASELINE
1185,37.33250000000377,BASELINE
1186,37.18900000000377,BASELINE
1187,37.16800000000378,BASELINE
1188,37.07700000000378,BASELINE
1189,37.056000000003785,BASELINE
1190,37.03500000000379,BASELINE
1191,36.821500000003795,BASELINE
1192,36.800500000003794,BASELINE
1193,36.77950000000379,BASELINE
1194,36.7585000000038,BASELINE
1195,36.6675000000038,BASELINE
1196,36.5240000000038,BASELINE
1197,36.50300000000381,BASELINE
1198,36.482000000003815,BASELINE
1199,36.46100000000382,BASELINE
1200,36.44000000000381,BASELINE
1201,36.29650000000382,BASELINE
1202,36.20550000000382,BASELINE
1203,36.11450000000383,BASELINE
1204,36.09350000000383,BASELINE
1205,36.072500000003835,BASELINE
1206,35.92900000000384,BASELINE
1207,35.908000000003845,BASELINE
1208,35.887000000003844,BASELINE
1209,35.866000000003844,BASELINE
1210,35.84500000000386,BASELINE
1211,35.701500000003854,BASELINE
1212,35.68050000000386,BASELINE
1213,35.65950000000386,BASELINE
1214,35.638500000003866,BASELINE
1215,35.61750000000387,BASELINE
1216,35.47400000000387,BASELINE
1217,35.383000000003875,BASELINE
1218,35.362000000003874,BASELINE
1219,35.34100000000388,BASELINE
1220,35.32000000000389,BASELINE
1221,35.17650000000389,BASELINE
1222,35.15550000000388,BASELINE
1223,35.13450000000389,BASELINE
1224,35.113500000003896,BASELINE
1225,35.092500000003895,BASELINE
1226,34.9490000000039,BASELINE
1227,34.928000000003905,BASELINE
1228,34.90700000000391,BASELINE
1229,34.88600000000392,BASELINE
1230,34.86500000000392,BASELINE
1231,34.72150000000392,BASELINE
1232,34.70050000000392,BASELINE
1233,34.67950000000393,BASELINE
1234,34.58850000000393,BASELINE
1235,34.56750000000393,BASELINE
1236,34.42400000000393,BASELINE
1237,34.403000000003935,BASELINE
1238,34.38200000000394,BASELINE
1239,34.36100000000394,BASELINE
1240,34.34000000000395,BASELINE
1241,34.196500000003944,BASELINE
1242,34.17550000000396,BASELINE
1243,34.154500000003964,BASELINE
1244,34.133500000003956,BASELINE
1245,34.11250000000396,BASELINE
1246,33.969000000003966,BASELINE
1247,33.94800000000397,BASELINE
1248,33.85700000000398,BASELINE
1249,33.83600000000398,BASELINE
1250,33.81500000000398,BASELINE
1251,33.67150000000398,BASELINE
1252,33.65050000000399,BASELINE
1253,33.62950000000399,BASELINE
1254,33.608500000003986,BASELINE
1255,33.587500000004,BASELINE
1256,33.444000000003996,BASELINE
1257,33.42300000000401,BASELINE
1258,33.402000000004,BASELINE
1259,33.311000000004,BASELINE
1260,33.290000000004014,BASELINE
1261,33.14650000000401,BASELINE
1262,33.12550000000402,BASELINE
1263,33.10450000000402,BASELINE
1264,33.08350000000402,BASELINE
1265,32.99250000000403,BASELINE
1266,32.779000000004025,BASELINE
1267,32.75800000000403,BASELINE
1268,32.737000000004045,BASELINE
1269,32.71600000000404,BASELINE
1270,32.69500000000404,BASELINE
1271,32.55150000000405,BASELINE
1272,32.530500000004054,BASELINE
1273,32.50950000000405,BASELINE
1274,32.41850000000405,BASELINE
1275,32.39750000000406,BASELINE
1276,32.25400000000406,BASELINE
1277,32.23300000000407,BASELINE
1278,32.21200000000407,BASELINE
1279,32.19100000000407,BASELINE
1280,32.17000000000407,BASELINE
1281,32.02650000000408,BASELINE
1282,32.005500000004076,BASELINE
1283,31.984500000004083,BASELINE
1284,31.893500000004085,BASELINE
1285,31.872500000004088,BASELINE
1286,31.729000000004092,BASELINE
1287,31.638000000004094,BASELINE
1288,31.617000000004097,BASELINE
1289,31.526000000004107,BASELINE
1290,31.435000000004106,BASELINE
1291,31.29150000000411,BASELINE
1292,31.270500000004112,BASELINE
1293,31.24950000000412,BASELINE
1294,31.228500000004114,BASELINE
1295,31.207500000004117,BASELINE
1296,31.06400000000412,BASELINE
1297,31.043000000004128,BASELINE
1298,31.02200000000413,BASELINE
1299,31.001000000004137,BASELINE
1300,30.98000000000414,BASELINE
1301,30.76650000000414,BASELINE
1302,30.745500000004135,BASELINE
1303,30.654500000004138,BASELINE
1304,30.633500000004133,BASELINE
1305,30.612500000004133,BASELINE
1306,30.469000000004133,BASELINE
1307,30.448000000004132,BASELINE
1308,30.427000000004128,BASELINE
1309,30.40600000000413,BASELINE
1310,30.38500000000413,BASELINE
1311,30.17150000000413,BASELINE
1312,30.150500000004133,BASELINE
1313,30.12950000000413,BASELINE
1314,30.108500000004128,BASELINE
1315,30.087500000004123,BASELINE
1316,29.944000000004127,BASELINE
1317,29.923000000004123,BASELINE
1318,29.902000000004122,BASELINE
1319,29.81100000000412,BASELINE
1320,29.72000000000412,BASELINE
1321,29.576500000004117,BASELINE
1322,29.555500000004123,BASELINE
1323,29.53450000000412,BASELINE
1324,29.51350000000412,BASELINE
1325,29.49250000000412,BASELINE
1326,29.349000000004118,BASELINE
1327,29.32800000000412,BASELINE
1328,29.307000000004116,BASELINE
1329,29.286000000004115,BASELINE
1330,29.26500000000411,BASELINE
1331,29.121500000004115,BASELINE
1332,29.10050000000411,BASELINE
1333,29.079500000004106,BASELINE
1334,29.058500000004113,BASELINE
1335,29.03750000000411,BASELINE
1336,28.894000000004105,BASELINE
1337,28.873000000004108,BASELINE
1338,28.852000000004104,BASELINE
1339,28.761000000004106,BASELINE
1340,28.67000000000411,BASELINE
1341,28.526500000004106,BASELINE
1342,28.505500000004105,BASELINE
1343,28.484500000004104,BASELINE
1344,28.4635000000041,BASELINE
1345,28.442500000004106,BASELINE
1346,28.2990000000041,BASELINE
1347,28.2780000000041,BASELINE
1348,28.2570000000041,BASELINE
1349,28.236000000004097,BASELINE
1350,28.145000000004096,BASELINE
1351,28.0015000000041,BASELINE
1352,27.980500000004096,BASELINE
1353,27.9595000000041,BASELINE
1354,27.938500000004098,BASELINE
1355,27.91750000000409,BASELINE
1356,27.774000000004097,BASELINE
1357,27.753000000004093,BASELINE
1358,27.732000000004096,BASELINE
1359,27.71100000000409,BASELINE
1360,27.690000000004087,BASELINE
1361,27.54650000000409,BASELINE
1362,27.525500000004087,BASELINE
1363,27.504500000004093,BASELINE
1364,27.483500000004085,BASELINE
1365,27.46250000000408,BASELINE
1366,27.31900000000409,BASELINE
1367,27.29800000000408,BASELINE
1368,27.277000000004087,BASELINE
1369,27.256000000004082,BASELINE
1370,27.235000000004085,BASELINE
1371,27.091500000004082,BASELINE
1372,27.07050000000408,BASELINE
1373,27.04950000000408,BASELINE
1374,27.02850000000408,BASELINE
1375,27.007500000004082,BASELINE
1376,26.86400000000408,BASELINE
1377,26.843000000004075,BASELINE
1378,26.822000000004078,BASELINE
1379,26.801000000004077,BASELINE
1380,26.780000000004076,BASELINE
1381,26.636500000004077,BASELINE
1382,26.615500000004072,BASELINE
1383,26.594500000004075,BASELINE
1384,26.57350000000407,BASELINE
1385,26.552500000004073,BASELINE
1386,26.40900000000407,BASELINE
1387,26.388000000004066,BASELINE
1388,26.367000000004072,BASELINE
1389,26.346000000004068,BASELINE
1390,26.325000000004067,BASELINE
1391,26.181500000004068,BASELINE
1392,26.090500000004067,BASELINE
1393,26.069500000004062,BASELINE
1394,26.048500000004065,BASELINE
1395,26.02750000000406,BASELINE
1396,25.884000000004058,BASELINE
1397,25.863000000004064,BASELINE
1398,25.842000000004056,BASELINE
1399,25.821000000004062,BASELINE
1400,25.800000000004058,BASELINE
1401,25.65650000000405,BASELINE
1402,25.635500000004058,BASELINE
1403,25.544500000004057,BASELINE
1404,25.52350000000406,BASELINE
1405,25.502500000004055,BASELINE
1406,25.359000000004052,BASELINE
1407,25.338000000004055,BASELINE
1408,25.317000000004054,BASELINE
1409,25.296000000004053,BASELINE
1410,25.27500000000405,BASELINE
1411,25.13150000000405,BASELINE
1412,25.110500000004052,BASELINE
1413,25.089500000004048,BASELINE
1414,24.998500000004046,BASELINE
1415,24.97750000000405,BASELINE
1416,24.834000000004046,BASELINE
1417,24.743000000004045,BASELINE
1418,24.72200000000404,BASELINE
1419,24.701000000004043,BASELINE
1420,24.68000000000404,BASELINE
1421,24.536500000004047,BASELINE
1422,24.51550000000404,BASELINE
1423,24.424500000004038,BASELINE
1424,24.40350000000404,BASELINE
1425,24.382500000004036,BASELINE
1426,24.239000000004037,BASELINE
1427,24.148000000004032,BASELINE
1428,24.12700000000404,BASELINE
1429,24.106000000004034,BASELINE
1430,24.085000000004037,BASELINE
1431,23.941500000004034,BASELINE
1432,23.920500000004033,BASELINE
1433,23.899500000004032,BASELINE
1434,23.878500000004028,BASELINE
1435,23.857500000004034,BASELINE
1436,23.644000000004034,BASELINE
1437,23.623000000004026,BASELINE
1438,23.602000000004033,BASELINE
1439,23.58100000000403,BASELINE
1440,23.560000000004027,BASELINE
1441,23.416500000004028,BASELINE
1442,23.325500000004023,BASELINE
1443,23.304500000004023,BASELINE
1444,23.283500000004025,BASELINE
1445,23.26250000000402,BASELINE
1446,23.119000000004018,BASELINE
1447,23.09800000000402,BASELINE
1448,23.07700000000402,BASELINE
1449,23.05600000000402,BASELINE
1450,23.03500000000402,BASELINE
1451,22.891500000004015,BASELINE
1452,22.870500000004018,BASELINE
1453,22.849500000004014,BASELINE
1454,22.82850000000402,BASELINE
1455,22.737500000004015,BASELINE
1456,22.594000000004016,BASELINE
1457,22.573000000004015,BASELINE
1458,22.55200000000401,BASELINE
1459,22.53100000000401,BASELINE
1460,22.51000000000401,BASELINE
1461,22.36650000000401,BASELINE
1462,22.345500000004012,BASELINE
1463,22.324500000004008,BASELINE
1464,22.303500000004004,BASELINE
1465,22.282500000004006,BASELINE
1466,22.069000000004007,BASELINE
1467,22.048000000004002,BASELINE
1468,22.027000000004005,BASELINE
1469,22.006000000004,BASELINE
1470,21.985000000004007,BASELINE
1471,21.841500000004,BASELINE
1472,21.820500000004,BASELINE
1473,21.799500000004002,BASELINE
1474,21.778500000003998,BASELINE
1475,21.757500000004,BASELINE
1476,21.614000000003998,BASELINE
1477,21.593000000003997,BASELINE
1478,21.572000000003996,BASELINE
1479,21.551000000003995,BASELINE
1480,21.530000000003998,BASELINE
1481,21.386500000003995,BASELINE
1482,21.36550000000399,BASELINE
1483,21.344500000003997,BASELINE
1484,21.253500000003992,BASELINE
1485,21.23250000000399,BASELINE
1486,21.08900000000399,BASELINE
1487,21.068000000003988,BASELINE
1488,21.04700000000399,BASELINE
1489,21.026000000003986,BASELINE
1490,21.005000000003985,BASELINE
1491,20.861500000003986,BASELINE
1492,20.840500000003985,BASELINE
1493,20.819500000003984,BASELINE
1494,20.728500000003983,BASELINE
1495,20.707500000003982,BASELINE
1496,20.564000000003986,BASELINE
1497,20.543000000003982,BASELINE
1498,20.522000000003978,BASELINE
1499,20.501000000003977,BASELINE
1500,20.48000000000398,BASELINE
1501,20.33650000000398,BASELINE
1502,20.315500000003976,BASELINE
1503,20.224500000003978,BASELINE
1504,20.203500000003977,BASELINE
1505,20.182500000003976,BASELINE
1506,20.039000000003973,BASELINE
1507,20.018000000003973,BASELINE
1508,19.997000000003975,BASELINE
1509,19.97600000000397,BASELINE
1510,19.95500000000397,BASELINE
1511,19.81150000000397,BASELINE
1512,19.790500000003966,BASELINE
1513,19.76950000000397,BASELINE
1514,19.678500000003964,BASELINE
1515,19.657500000003967,BASELINE
1516,19.444000000003967,BASELINE
1517,19.423000000003967,BASELINE
1518,19.402000000003966,BASELINE
1519,19.381000000003965,BASELINE
1520,19.36000000000396,BASELINE
1521,19.14650000000396,BASELINE
1522,19.12550000000396,BASELINE
1523,19.104500000003963,BASELINE
1524,19.08350000000396,BASELINE
1525,19.062500000003958,BASELINE
1526,18.919000000003958,BASELINE
1527,18.898000000003954,BASELINE
1528,18.877000000003957,BASELINE
1529,18.856000000003956,BASELINE
1530,18.83500000000396,BASELINE
1531,18.691500000003952,BASELINE
1532,18.670500000003955,BASELINE
1533,18.649500000003954,BASELINE
1534,18.62850000000395,BASELINE
1535,18.607500000003952,BASELINE
1536,18.46400000000395,BASELINE
1537,18.44300000000395,BASELINE
1538,18.422000000003948,BASELINE
1539,18.401000000003947,BASELINE
1540,18.380000000003946,BASELINE
1541,18.236500000003947,BASELINE
1542,18.215500000003946,BASELINE
1543,18.19450000000394,BASELINE
1544,18.173500000003944,BASELINE
1545,18.152500000003943,BASELINE
1546,18.00900000000394,BASELINE
1547,17.98800000000394,BASELINE
1548,17.967000000003942,BASELINE
1549,17.876000000003938,BASELINE
1550,17.855000000003937,BASELINE
1551,17.711500000003937,BASELINE
1552,17.690500000003937,BASELINE
1553,17.66950000000394,BASELINE
1554,17.648500000003935,BASELINE
1555,17.627500000003934,BASELINE
1556,17.484000000003935,BASELINE
1557,17.463000000003934,BASELINE
1558,17.442000000003933,BASELINE
1559,17.421000000003932,BASELINE
1560,17.40000000000393,BASELINE
1561,17.256500000003932,BASELINE
1562,17.23550000000393,BASELINE
1563,17.21450000000393,BASELINE
1564,17.19350000000393,BASELINE
1565,17.172500000003925,BASELINE
1566,17.02900000000393,BASELINE
1567,17.008000000003925,BASELINE
1568,16.917000000003924,BASELINE
1569,16.896000000003923,BASELINE
1570,16.875000000003922,BASELINE
1571,16.731500000003923,BASELINE
1572,16.71050000000392,BASELINE
1573,16.68950000000392,BASELINE
1574,16.66850000000392,BASELINE
1575,16.64750000000392,BASELINE
1576,16.43400000000392,BASELINE
1577,16.34300000000392,BASELINE
1578,16.322000000003918,BASELINE
1579,16.301000000003917,BASELINE
1580,16.280000000003916,BASELINE
1581,16.136500000003917,BASELINE
1582,16.115500000003912,BASELINE
1583,16.09450000000391,BASELINE
1584,16.073500000003914,BASELINE
1585,16.052500000003914,BASELINE
1586,15.90900000000391,BASELINE
1587,15.88800000000391,BASELINE
1588,15.86700000000391,BASELINE
1589,15.846000000003908,BASELINE
1590,15.825000000003907,BASELINE
1591,15.681500000003908,BASELINE
1592,15.660500000003903,BASELINE
1593,15.639500000003906,BASELINE
1594,15.618500000003905,BASELINE
1595,15.597500000003901,BASELINE
1596,15.454000000003902,BASELINE
1597,15.433000000003902,BASELINE
1598,15.3420000000039,BASELINE
1599,15.2510000000039,BASELINE
1600,15.230000000003901,BASELINE
1601,15.086500000003902,BASELINE
1602,15.065500000003897,BASELINE
1603,15.044500000003897,BASELINE
1604,15.0235000000039,BASELINE
1605,14.932500000003895,BASELINE
1606,14.789000000003895,BASELINE
1607,14.698000000003896,BASELINE
1608,14.677000000003893,BASELINE
1609,14.656000000003889,BASELINE
1610,14.63500000000389,BASELINE
1611,14.491500000003892,BASELINE
1612,14.470500000003891,BASELINE
1613,14.449500000003887,BASELINE
1614,14.428500000003886,BASELINE
1615,14.407500000003889,BASELINE
1616,14.264000000003888,BASELINE
1617,14.243000000003889,BASELINE
1618,14.222000000003884,BASELINE
1619,14.20100000000388,BASELINE
1620,14.180000000003883,BASELINE
1621,14.036500000003882,BASELINE
1622,13.945500000003882,BASELINE
1623,13.92450000000388,BASELINE
1624,13.90350000000388,BASELINE
1625,13.88250000000388,BASELINE
1626,13.739000000003877,BASELINE
1627,13.718000000003876,BASELINE
1628,13.697000000003879,BASELINE
1629,13.606000000003874,BASELINE
1630,13.585000000003873,BASELINE
1631,13.441500000003874,BASELINE
1632,13.420500000003871,BASELINE
1633,13.399500000003872,BASELINE
1634,13.378500000003871,BASELINE
1635,13.357500000003869,BASELINE
1636,13.214000000003873,BASELINE
1637,13.19300000000387,BASELINE
1638,13.172000000003866,BASELINE
1639,13.151000000003867,BASELINE
1640,13.130000000003868,BASELINE
1641,12.986500000003868,BASELINE
1642,12.965500000003864,BASELINE
1643,12.944500000003863,BASELINE
1644,12.923500000003866,BASELINE
1645,12.832500000003865,BASELINE
1646,12.689000000003862,BASELINE
1647,12.668000000003861,BASELINE
1648,12.647000000003862,BASELINE
1649,12.62600000000386,BASELINE
1650,12.605000000003859,BASELINE
1651,12.391500000003855,BASELINE
1652,12.370500000003856,BASELINE
1653,12.349500000003857,BASELINE
1654,12.328500000003856,BASELINE
1655,12.237500000003855,BASELINE
1656,12.094000000003854,BASELINE
1657,12.073000000003855,BASELINE
1658,12.052000000003854,BASELINE
1659,12.031000000003852,BASELINE
1660,12.01000000000385,BASELINE
1661,11.866500000003853,BASELINE
1662,11.845500000003849,BASELINE
1663,11.82450000000385,BASELINE
1664,11.80350000000385,BASELINE
1665,11.782500000003846,BASELINE
1666,11.639000000003847,BASELINE
1667,11.618000000003846,BASELINE
1668,11.597000000003845,BASELINE
1669,11.576000000003846,BASELINE
1670,11.555000000003844,BASELINE
1671,11.411500000003844,BASELINE
1672,11.390500000003843,BASELINE
1673,11.369500000003843,BASELINE
1674,11.348500000003842,BASELINE
1675,11.327500000003841,BASELINE
1676,11.184000000003838,BASELINE
1677,11.093000000003837,BASELINE
1678,11.072000000003836,BASELINE
1679,11.051000000003837,BASELINE
1680,11.030000000003835,BASELINE
1681,10.886500000003833,BASELINE
1682,10.865500000003834,BASELINE
1683,10.844500000003833,BASELINE
1684,10.823500000003833,BASELINE
1685,10.802500000003832,BASELINE
1686,10.659000000003829,BASELINE
1687,10.638000000003832,BASELINE
1688,10.617000000003827,BASELINE
1689,10.596000000003826,BASELINE
1690,10.57500000000383,BASELINE
1691,10.431500000003826,BASELINE
1692,10.410500000003825,BASELINE
1693,10.389500000003824,BASELINE
1694,10.368500000003824,BASELINE
1695,10.347500000003823,BASELINE
1696,10.134000000003823,BASELINE
1697,10.043000000003822,BASELINE
1698,10.022000000003821,BASELINE
1699,10.00100000000382,BASELINE
1700,9.98000000000382,BASELINE
1701,9.836500000003818,BASELINE
1702,9.815500000003818,BASELINE
1703,9.794500000003818,BASELINE
1704,9.773500000003816,BASELINE
1705,9.752500000003817,BASELINE
1706,9.609000000003814,BASELINE
1707,9.588000000003813,BASELINE
1708,9.567000000003814,BASELINE
1709,9.546000000003811,BASELINE
1710,9.525000000003814,BASELINE
1711,9.381500000003811,BASELINE
1712,9.290500000003806,BASELINE
1713,9.26950000000381,BASELINE
1714,9.248500000003808,BASELINE
1715,9.15750000000381,BASELINE
1716,9.014000000003808,BASELINE
1717,8.923000000003807,BASELINE
1718,8.902000000003806,BASELINE
1719,8.881000000003803,BASELINE
1720,8.860000000003804,BASELINE
1721,8.716500000003801,BASELINE
1722,8.6955000000038,BASELINE
1723,8.6745000000038,BASELINE
1724,8.653500000003799,BASELINE
1725,8.632500000003802,BASELINE
1726,8.419000000003802,BASELINE
1727,8.398000000003798,BASELINE
1728,8.3770000000038,BASELINE
1729,8.3560000000038,BASELINE
1730,8.335000000003795,BASELINE
1731,8.191500000003796,BASELINE
1732,8.170500000003795,BASELINE
1733,8.149500000003794,BASELINE
1734,8.128500000003793,BASELINE
1735,8.107500000003792,BASELINE
1736,7.96400000000379,BASELINE
1737,7.9430000000037895,BASELINE
1738,7.9220000000037905,BASELINE
1739,7.901000000003788,BASELINE
1740,7.880000000003787,BASELINE
1741,7.736500000003787,BASELINE
1742,7.715500000003788,BASELINE
1743,7.694500000003784,BASELINE
1744,7.603500000003785,BASELINE
1745,7.582500000003783,BASELINE
1746,7.439000000003784,BASELINE
1747,7.348000000003782,BASELINE
1748,7.327000000003781,BASELINE
1749,7.306000000003782,BASELINE
1750,7.285000000003779,BASELINE
1751,7.141500000003778,BASELINE
1752,7.120500000003778,BASELINE
1753,7.029500000003777,BASELINE
1754,7.008500000003777,BASELINE
1755,6.987500000003776,BASELINE
1756,6.844000000003774,BASELINE
1757,6.823000000003775,BASELINE
1758,6.8020000000037735,BASELINE
1759,6.781000000003774,BASELINE
1760,6.760000000003773,BASELINE
1761,6.616500000003771,BASELINE
1762,6.595500000003772,BASELINE
1763,6.50450000000377,BASELINE
1764,6.483500000003768,BASELINE
1765,6.462500000003767,BASELINE
1766,6.319000000003767,BASELINE
1767,6.298000000003767,BASELINE
1768,6.277000000003766,BASELINE
1769,6.256000000003764,BASELINE
1770,6.235000000003763,BASELINE
1771,6.091500000003763,BASELINE
1772,6.070500000003763,BASELINE
1773,6.049500000003762,BASELINE
1774,6.028500000003761,BASELINE
1775,6.007500000003759,BASELINE
1776,5.864000000003759,BASELINE
1777,5.843000000003758,BASELINE
1778,5.822000000003759,BASELINE
1779,5.801000000003756,BASELINE
1780,5.780000000003757,BASELINE
1781,5.566500000003756,BASELINE
1782,5.545500000003754,BASELINE
1783,5.524500000003754,BASELINE
1784,5.503500000003753,BASELINE
1785,5.482500000003752,BASELINE
1786,5.339000000003752,BASELINE
1787,5.31800000000375,BASELINE
1788,5.2970000000037505,BASELINE
1789,5.206000000003748,BASELINE
1790,5.185000000003748,BASELINE
1791,5.041500000003748,BASELINE
1792,5.0205000000037465,BASELINE
1793,4.999500000003745,BASELINE
1794,4.978500000003744,BASELINE
1795,4.887500000003745,BASELINE
1796,4.674000000003742,BASELINE
1797,4.653000000003743,BASELINE
1798,4.562000000003742,BASELINE
1799,4.471000000003741,BASELINE
1800,4.380000000003739,BASELINE
1801,4.236500000003738,BASELINE
1802,4.215500000003738,BASELINE
1803,4.194500000003737,BASELINE
1804,4.173500000003737,BASELINE
1805,4.1525000000037355,BASELINE
1806,4.009000000003733,BASELINE
1807,3.9880000000037343,BASELINE
1808,3.9670000000037335,BASELINE
1809,3.9460000000037336,BASELINE
1810,3.8550000000037343,BASELINE
1811,3.711500000003734,BASELINE
1812,3.690500000003735,BASELINE
1813,3.669500000003735,BASELINE
1814,3.5785000000037357,BASELINE
1815,3.4875000000037346,BASELINE
1816,3.344000000003735,BASELINE
1817,3.323000000003736,BASELINE
1818,3.3020000000037353,BASELINE
1819,3.2810000000037354,BASELINE
1820,3.2600000000037355,BASELINE
1821,3.116500000003737,BASELINE
1822,3.095500000003737,BASELINE
1823,3.074500000003737,BASELINE
1824,3.0535000000037362,BASELINE
1825,3.032500000003737,BASELINE
1826,2.889000000003737,BASELINE
1827,2.7980000000037366,BASELINE
1828,2.7770000000037385,BASELINE
1829,2.7560000000037386,BASELINE
1830,2.7350000000037378,BASELINE
1831,2.5915000000037383,BASELINE
1832,2.5705000000037384,BASELINE
1833,2.5495000000037384,BASELINE
1834,2.5285000000037385,BASELINE
1835,2.5075000000037395,BASELINE
1836,2.36400000000374,BASELINE
1837,2.343000000003739,BASELINE
1838,2.32200000000374,BASELINE
1839,2.3010000000037403,BASELINE
1840,2.2800000000037395,BASELINE
1841,2.13650000000374,BASELINE
1842,2.115500000003741,BASELINE
1843,2.0945000000037393,BASELINE
1844,2.073500000003741,BASELINE
1845,2.052500000003742,BASELINE
1846,1.9090000000037417,BASELINE
1847,1.888000000003741,BASELINE
1848,1.867000000003741,BASELINE
1849,1.846000000003741,BASELINE
1850,1.825000000003742,BASELINE
1851,1.6815000000037426,BASELINE
1852,1.6605000000037426,BASELINE
1853,1.6395000000037427,BASELINE
1854,1.6185000000037428,BASELINE
1855,1.5975000000037438,BASELINE
1856,1.4540000000037434,BASELINE
1857,1.4330000000037435,BASELINE
1858,1.4120000000037445,BASELINE
1859,1.3910000000037437,BASELINE
1860,1.3700000000037438,BASELINE
1861,1.2265000000037443,BASELINE
1862,1.2055000000037444,BASELINE
1863,1.1845000000037444,BASELINE
1864,1.1635000000037454,BASELINE
1865,1.1425000000037446,BASELINE
1866,0.999000000003746,BASELINE
1867,0.9080000000037449,BASELINE
1868,0.8870000000037459,BASELINE
1869,0.866000000003746,BASELINE
1870,0.8450000000037452,BASELINE
1871,0.7015000000037466,BASELINE
1872,0.6805000000037458,BASELINE
1873,0.6595000000037468,BASELINE
1874,0.6385000000037468,BASELINE
1875,0.6175000000037469,BASELINE
1876,0.4740000000037474,BASELINE
1877,0.4530000000037475,BASELINE
1878,0.4320000000037476,BASELINE
1879,0.4110000000037477,BASELINE
1880,0.3900000000037478,BASELINE
1881,0.24650000000374828,BASELINE
1882,0.22550000000374926,BASELINE
1883,0.20450000000374757,BASELINE
1884,0.18350000000374855,BASELINE
1885,0.16250000000374953,BASELINE
1886,0.01900000000374913,BASELINE
1887,0.0,BASELINE
1888,0.0,BASELINE
1889,0.0,BASELINE
1890,0.0,BASELINE
1891,0.0,BASELINE
1892,0.0,BASELINE
1893,0.0,BASELINE
1894,0.0,BASELINE
1895,0.0,BASELINE
1896,0.0,BASELINE
1897,0.0,BASELINE
1898,0.0,BASELINE
1899,0.0,BASELINE
1900,0.0,BASELINE
1901,0.0,BASELINE
1902,0.0,BASELINE
1903,0.0,BASELINE
1904,0.0,BASELINE
1905,0.0,BASELINE
1906,0.0,BASELINE
1907,0.0,BASELINE
1908,0.0,BASELINE
1909,0.0,BASELINE
1910,0.0,BASELINE
1911,0.0,BASELINE
1912,0.0,BASELINE
1913,0.0,BASELINE
1914,0.0,BASELINE
1915,0.0,BASELINE
1916,0.0,BASELINE
1917,0.0,BASELINE
1918,0.0,BASELINE
1919,0.0,BASELINE
1920,0.0,BASELINE
1921,0.0,BASELINE
1922,0.0,BASELINE
1923,0.0,BASELINE
1924,0.0,BASELINE
1925,0.0,BASELINE
1926,0.0,BASELINE
1927,0.0,BASELINE
1928,0.0,BASELINE
1929,0.0,BASELINE
1930,0.0,BASELINE
1931,0.0,BASELINE
1932,0.0,BASELINE
1933,0.0,BASELINE
1934,0.0,BASELINE
1935,0.0,BASELINE
1936,0.0,BASELINE
1937,0.0,BASELINE
1938,0.0,BASELINE
1939,0.0,BASELINE
1940,0.0,BASELINE
1941,0.0,BASELINE
1942,0.0,BASELINE
1943,0.0,BASELINE
1944,0.0,BASELINE
1945,0.0,BASELINE
1946,0.0,BASELINE
1947,0.0,BASELINE
1948,0.0,BASELINE
1949,0.0,BASELINE
1950,0.0,BASELINE
1951,0.0,BASELINE
1952,0.0,BASELINE
1953,0.0,BASELINE
1954,0.0,BASELINE
1955,0.0,BASELINE
1956,0.0,BASELINE
1957,0.0,BASELINE
1958,0.0,BASELINE
1959,0.0,BASELINE
1960,0.0,BASELINE
1961,0.0,BASELINE
1962,0.0,BASELINE
1963,0.0,BASELINE
1964,0.0,BASELINE
1965,0.0,BASELINE
1966,0.0,BASELINE
1967,0.0,BASELINE
1968,0.0,BASELINE
1969,0.0,BASELINE
1970,0.0,BASELINE
1971,0.0,BASELINE
1972,0.0,BASELINE
1973,0.0,BASELINE
1974,0.0,BASELINE
1975,0.0,BASELINE
1976,0.0,BASELINE
1977,0.0,BASELINE
1978,0.0,BASELINE
1979,0.0,BASELINE
1980,0.0,BASELINE
