date,city,daily_cardiac_admissions
2015-01-01,Lagos,164
2015-01-02,Lagos,205
2015-01-03,Lagos,134
2015-01-04,Lagos,121
2015-01-05,Lagos,193
2015-01-06,Lagos,35
2015-01-07,Lagos,10
2015-01-08,Lagos,0
2015-01-09,Lagos,82
2015-01-10,Lagos,210
2015-01-11,Lagos,334
2015-01-12,Lagos,136
2015-01-13,Lagos,62
2015-01-14,Lagos,185
2015-01-15,Lagos,84
2015-01-16,Lagos,0
2015-01-17,Lagos,260
2015-01-18,Lagos,126
2015-01-19,Lagos,121
2015-01-20,Lagos,245
2015-01-21,Lagos,175
2015-01-22,Lagos,171
2015-01-23,Lagos,183
2015-01-24,Lagos,164
2015-01-25,Lagos,436
2015-01-26,Lagos,134
2015-01-27,Lagos,213
2015-01-28,Lagos,307
2015-01-29,Lagos,433
2015-01-30,Lagos,330
2015-01-31,Lagos,149
2015-02-01,Lagos,193
2015-02-02,Lagos,101
2015-02-03,Lagos,178
2015-02-04,Lagos,450
2015-02-05,Lagos,215
2015-02-06,Lagos,55
2015-02-07,Lagos,290
2015-02-08,Lagos,36
2015-02-09,Lagos,86
2015-02-10,Lagos,326
2015-02-11,Lagos,53
2015-02-12,Lagos,109
2015-02-13,Lagos,98
2015-02-14,Lagos,138
2015-02-15,Lagos,220
2015-02-16,Lagos,310
2015-02-17,Lagos,320
2015-02-18,Lagos,29
2015-02-19,Lagos,146
2015-02-20,Lagos,119
2015-02-21,Lagos,0
2015-02-22,Lagos,384
2015-02-23,Lagos,318
2015-02-24,Lagos,154
2015-02-25,Lagos,173
2015-02-26,Lagos,162
2015-02-27,Lagos,79
2015-02-28,Lagos,49
2015-03-01,Lagos,137
2015-03-02,Lagos,165
2015-03-03,Lagos,41
2015-03-04,Lagos,144
2015-03-05,Lagos,129
2015-03-06,Lagos,230
2015-03-07,Lagos,115
2015-03-08,Lagos,89
2015-03-09,Lagos,91
2015-03-10,Lagos,323
2015-03-11,Lagos,127
2015-03-12,Lagos,0
2015-03-13,Lagos,157
2015-03-14,Lagos,39
2015-03-15,Lagos,163
2015-03-16,Lagos,253
2015-03-17,Lagos,131
2015-03-18,Lagos,466
2015-03-19,Lagos,134
2015-03-20,Lagos,168
2015-03-21,Lagos,0
2015-03-22,Lagos,207
2015-03-23,Lagos,125
2015-03-24,Lagos,219
2015-03-25,Lagos,307
2015-03-26,Lagos,0
2015-03-27,Lagos,101
2015-03-28,Lagos,66
2015-03-29,Lagos,174
2015-03-30,Lagos,411
2015-03-31,Lagos,388
2015-04-01,Lagos,211
2015-04-02,Lagos,0
2015-04-03,Lagos,269
2015-04-04,Lagos,0
2015-04-05,Lagos,165
2015-04-06,Lagos,234
2015-04-07,Lagos,142
2015-04-08,Lagos,344
2015-04-09,Lagos,27
2015-04-10,Lagos,181
2015-04-11,Lagos,149
2015-04-12,Lagos,252
2015-04-13,Lagos,92
2015-04-14,Lagos,153
2015-04-15,Lagos,0
2015-04-16,Lagos,290
2015-04-17,Lagos,342
2015-04-18,Lagos,85
2015-04-19,Lagos,46
2015-04-20,Lagos,0
2015-04-21,Lagos,164
2015-04-22,Lagos,140
2015-04-23,Lagos,257
2015-04-24,Lagos,10
2015-04-25,Lagos,226
2015-04-26,Lagos,200
2015-04-27,Lagos,248
2015-04-28,Lagos,7
2015-04-29,Lagos,122
2015-04-30,Lagos,152
2015-05-01,Lagos,350
2015-05-02,Lagos,177
2015-05-03,Lagos,89
2015-05-04,Lagos,0
2015-05-05,Lagos,312
2015-05-06,Lagos,122
2015-05-07,Lagos,100
2015-05-08,Lagos,180
2015-05-09,Lagos,0
2015-05-10,Lagos,238
2015-05-11,Lagos,123
2015-05-12,Lagos,157
2015-05-13,Lagos,233
2015-05-14,Lagos,280
2015-05-15,Lagos,69
2015-05-16,Lagos,216
2015-05-17,Lagos,143
2015-05-18,Lagos,123
2015-05-19,Lagos,159
2015-05-20,Lagos,168
2015-05-21,Lagos,38
2015-05-22,Lagos,0
2015-05-23,Lagos,194
2015-05-24,Lagos,88
2015-05-25,Lagos,80
2015-05-26,Lagos,265
2015-05-27,Lagos,240
2015-05-28,Lagos,82
2015-05-29,Lagos,201
2015-05-30,Lagos,167
2015-05-31,Lagos,213
2015-06-01,Lagos,299
2015-06-02,Lagos,274
2015-06-03,Lagos,247
2015-06-04,Lagos,71
2015-06-05,Lagos,234
2015-06-06,Lagos,150
2015-06-07,Lagos,87
2015-06-08,Lagos,319
2015-06-09,Lagos,174
2015-06-10,Lagos,292
2015-06-11,Lagos,137
2015-06-12,Lagos,247
2015-06-13,Lagos,172
2015-06-14,Lagos,236
2015-06-15,Lagos,31
2015-06-16,Lagos,180
2015-06-17,Lagos,122
2015-06-18,Lagos,169
2015-06-19,Lagos,209
2015-06-20,Lagos,437
2015-06-21,Lagos,0
2015-06-22,Lagos,86
2015-06-23,Lagos,307
2015-06-24,Lagos,148
2015-06-25,Lagos,245
2015-06-26,Lagos,223
2015-06-27,Lagos,117
2015-06-28,Lagos,220
2015-06-29,Lagos,148
2015-06-30,Lagos,294
2015-07-01,Lagos,53
2015-07-02,Lagos,269
2015-07-03,Lagos,75
2015-07-04,Lagos,203
2015-07-05,Lagos,87
2015-07-06,Lagos,71
2015-07-07,Lagos,183
2015-07-08,Lagos,53
2015-07-09,Lagos,291
2015-07-10,Lagos,143
2015-07-11,Lagos,93
2015-07-12,Lagos,195
2015-07-13,Lagos,0
2015-07-14,Lagos,71
2015-07-15,Lagos,112
2015-07-16,Lagos,0
2015-07-17,Lagos,9
2015-07-18,Lagos,0
2015-07-19,Lagos,172
2015-07-20,Lagos,118
2015-07-21,Lagos,102
2015-07-22,Lagos,139
2015-07-23,Lagos,59
2015-07-24,Lagos,85
2015-07-25,Lagos,59
2015-07-26,Lagos,133
2015-07-27,Lagos,166
2015-07-28,Lagos,105
2015-07-29,Lagos,68
2015-07-30,Lagos,187
2015-07-31,Lagos,150
2015-08-01,Lagos,170
2015-08-02,Lagos,105
2015-08-03,Lagos,213
2015-08-04,Lagos,97
2015-08-05,Lagos,278
2015-08-06,Lagos,240
2015-08-07,Lagos,153
2015-08-08,Lagos,72
2015-08-09,Lagos,172
2015-08-10,Lagos,150
2015-08-11,Lagos,81
2015-08-12,Lagos,88
2015-08-13,Lagos,143
2015-08-14,Lagos,126
2015-08-15,Lagos,114
2015-08-16,Lagos,154
2015-08-17,Lagos,26
2015-08-18,Lagos,129
2015-08-19,Lagos,242
2015-08-20,Lagos,192
2015-08-21,Lagos,254
2015-08-22,Lagos,77
2015-08-23,Lagos,107
2015-08-24,Lagos,130
2015-08-25,Lagos,67
2015-08-26,Lagos,81
2015-08-27,Lagos,74
2015-08-28,Lagos,214
2015-08-29,Lagos,106
2015-08-30,Lagos,146
2015-08-31,Lagos,158
2015-09-01,Lagos,119
2015-09-02,Lagos,121
2015-09-03,Lagos,149
2015-09-04,Lagos,132
2015-09-05,Lagos,105
2015-09-06,Lagos,105
2015-09-07,Lagos,95
2015-09-08,Lagos,121
2015-09-09,Lagos,117
2015-09-10,Lagos,128
2015-09-11,Lagos,98
2015-09-12,Lagos,55
2015-09-13,Lagos,119
2015-09-14,Lagos,143
2015-09-15,Lagos,136
2015-09-16,Lagos,134
2015-09-17,Lagos,99
2015-09-18,Lagos,195
2015-09-19,Lagos,130
2015-09-20,Lagos,145
2015-09-21,Lagos,63
2015-09-22,Lagos,122
2015-09-23,Lagos,166
2015-09-24,Lagos,101
2015-09-25,Lagos,95
2015-09-26,Lagos,67
2015-09-27,Lagos,112
2015-09-28,Lagos,168
2015-09-29,Lagos,86
2015-09-30,Lagos,108
2015-10-01,Lagos,189
2015-10-02,Lagos,79
2015-10-03,Lagos,54
2015-10-04,Lagos,158
2015-10-05,Lagos,109
2015-10-06,Lagos,210
2015-10-07,Lagos,148
2015-10-08,Lagos,84
2015-10-09,Lagos,111
2015-10-10,Lagos,193
2015-10-11,Lagos,166
2015-10-12,Lagos,21
2015-10-13,Lagos,151
2015-10-14,Lagos,138
2015-10-15,Lagos,239
2015-10-16,Lagos,231
2015-10-17,Lagos,92
2015-10-18,Lagos,218
2015-10-19,Lagos,87
2015-10-20,Lagos,71
2015-10-21,Lagos,157
2015-10-22,Lagos,134
2015-10-23,Lagos,173
2015-10-24,Lagos,62
2015-10-25,Lagos,111
2015-10-26,Lagos,128
2015-10-27,Lagos,48
2015-10-28,Lagos,118
2015-10-29,Lagos,112
2015-10-30,Lagos,14
2015-10-31,Lagos,108
2015-11-01,Lagos,114
2015-11-02,Lagos,92
2015-11-03,Lagos,92
2015-11-04,Lagos,157
2015-11-05,Lagos,155
2015-11-06,Lagos,111
2015-11-07,Lagos,131
2015-11-08,Lagos,109
2015-11-09,Lagos,44
2015-11-10,Lagos,0
2015-11-11,Lagos,53
2015-11-12,Lagos,94
2015-11-13,Lagos,112
2015-11-14,Lagos,137
2015-11-15,Lagos,139
2015-11-16,Lagos,140
2015-11-17,Lagos,103
2015-11-18,Lagos,114
2015-11-19,Lagos,167
2015-11-20,Lagos,196
2015-11-21,Lagos,172
2015-11-22,Lagos,259
2015-11-23,Lagos,140
2015-11-24,Lagos,176
2015-11-25,Lagos,239
2015-11-26,Lagos,156
2015-11-27,Lagos,38
2015-11-28,Lagos,26
2015-11-29,Lagos,78
2015-11-30,Lagos,105
2015-12-01,Lagos,99
2015-12-02,Lagos,116
2015-12-03,Lagos,65
2015-12-04,Lagos,61
2015-12-05,Lagos,187
2015-12-06,Lagos,0
2015-12-07,Lagos,129
2015-12-08,Lagos,212
2015-12-09,Lagos,0
2015-12-10,Lagos,58
2015-12-11,Lagos,129
2015-12-12,Lagos,123
2015-12-13,Lagos,231
2015-12-14,Lagos,22
2015-12-15,Lagos,80
2015-12-16,Lagos,140
2015-12-17,Lagos,140
2015-12-18,Lagos,15
2015-12-19,Lagos,220
2015-12-20,Lagos,179
2015-12-21,Lagos,385
2015-12-22,Lagos,211
2015-12-23,Lagos,109
2015-12-24,Lagos,208
2015-12-25,Lagos,63
2015-12-26,Lagos,112
2015-12-27,Lagos,231
2015-12-28,Lagos,88
2015-12-29,Lagos,92
2015-12-30,Lagos,79
2015-12-31,Lagos,111
2016-01-01,Lagos,183
2016-01-02,Lagos,121
2016-01-03,Lagos,35
2016-01-04,Lagos,295
2016-01-05,Lagos,159
2016-01-06,Lagos,237
2016-01-07,Lagos,229
2016-01-08,Lagos,161
2016-01-09,Lagos,29
2016-01-10,Lagos,70
2016-01-11,Lagos,195
2016-01-12,Lagos,87
2016-01-13,Lagos,72
2016-01-14,Lagos,289
2016-01-15,Lagos,94
2016-01-16,Lagos,121
2016-01-17,Lagos,0
2016-01-18,Lagos,118
2016-01-19,Lagos,76
2016-01-20,Lagos,38
2016-01-21,Lagos,134
2016-01-22,Lagos,102
2016-01-23,Lagos,350
2016-01-24,Lagos,320
2016-01-25,Lagos,71
2016-01-26,Lagos,276
2016-01-27,Lagos,133
2016-01-28,Lagos,346
2016-01-29,Lagos,34
2016-01-30,Lagos,90
2016-01-31,Lagos,15
2016-02-01,Lagos,261
2016-02-02,Lagos,0
2016-02-03,Lagos,345
2016-02-04,Lagos,352
2016-02-05,Lagos,0
2016-02-06,Lagos,112
2016-02-07,Lagos,81
2016-02-08,Lagos,330
2016-02-09,Lagos,31
2016-02-10,Lagos,105
2016-02-11,Lagos,69
2016-02-12,Lagos,6
2016-02-13,Lagos,174
2016-02-14,Lagos,212
2016-02-15,Lagos,101
2016-02-16,Lagos,323
2016-02-17,Lagos,247
2016-02-18,Lagos,221
2016-02-19,Lagos,0
2016-02-20,Lagos,43
2016-02-21,Lagos,105
2016-02-22,Lagos,21
2016-02-23,Lagos,166
2016-02-24,Lagos,93
2016-02-25,Lagos,385
2016-02-26,Lagos,0
2016-02-27,Lagos,241
2016-02-28,Lagos,185
2016-02-29,Lagos,249
2016-03-01,Lagos,118
2016-03-02,Lagos,104
2016-03-03,Lagos,66
2016-03-04,Lagos,308
2016-03-05,Lagos,351
2016-03-06,Lagos,0
2016-03-07,Lagos,78
2016-03-08,Lagos,354
2016-03-09,Lagos,353
2016-03-10,Lagos,198
2016-03-11,Lagos,271
2016-03-12,Lagos,359
2016-03-13,Lagos,178
2016-03-14,Lagos,254
2016-03-15,Lagos,208
2016-03-16,Lagos,51
2016-03-17,Lagos,36
2016-03-18,Lagos,192
2016-03-19,Lagos,89
2016-03-20,Lagos,232
2016-03-21,Lagos,252
2016-03-22,Lagos,113
2016-03-23,Lagos,108
2016-03-24,Lagos,156
2016-03-25,Lagos,176
2016-03-26,Lagos,222
2016-03-27,Lagos,313
2016-03-28,Lagos,107
2016-03-29,Lagos,146
2016-03-30,Lagos,165
2016-03-31,Lagos,156
2016-04-01,Lagos,114
2016-04-02,Lagos,334
2016-04-03,Lagos,66
2016-04-04,Lagos,191
2016-04-05,Lagos,265
2016-04-06,Lagos,204
2016-04-07,Lagos,38
2016-04-08,Lagos,217
2016-04-09,Lagos,137
2016-04-10,Lagos,355
2016-04-11,Lagos,245
2016-04-12,Lagos,404
2016-04-13,Lagos,178
2016-04-14,Lagos,146
2016-04-15,Lagos,365
2016-04-16,Lagos,154
2016-04-17,Lagos,209
2016-04-18,Lagos,212
2016-04-19,Lagos,167
2016-04-20,Lagos,0
2016-04-21,Lagos,258
2016-04-22,Lagos,0
2016-04-23,Lagos,209
2016-04-24,Lagos,0
2016-04-25,Lagos,151
2016-04-26,Lagos,197
2016-04-27,Lagos,152
2016-04-28,Lagos,309
2016-04-29,Lagos,53
2016-04-30,Lagos,8
2016-05-01,Lagos,159
2016-05-02,Lagos,63
2016-05-03,Lagos,200
2016-05-04,Lagos,129
2016-05-05,Lagos,115
2016-05-06,Lagos,66
2016-05-07,Lagos,341
2016-05-08,Lagos,117
2016-05-09,Lagos,280
2016-05-10,Lagos,0
2016-05-11,Lagos,266
2016-05-12,Lagos,296
2016-05-13,Lagos,77
2016-05-14,Lagos,446
2016-05-15,Lagos,223
2016-05-16,Lagos,165
2016-05-17,Lagos,113
2016-05-18,Lagos,105
2016-05-19,Lagos,201
2016-05-20,Lagos,237
2016-05-21,Lagos,200
2016-05-22,Lagos,139
2016-05-23,Lagos,198
2016-05-24,Lagos,187
2016-05-25,Lagos,301
2016-05-26,Lagos,0
2016-05-27,Lagos,267
2016-05-28,Lagos,169
2016-05-29,Lagos,0
2016-05-30,Lagos,147
2016-05-31,Lagos,107
2016-06-01,Lagos,0
2016-06-02,Lagos,0
2016-06-03,Lagos,237
2016-06-04,Lagos,111
2016-06-05,Lagos,412
2016-06-06,Lagos,306
2016-06-07,Lagos,0
2016-06-08,Lagos,78
2016-06-09,Lagos,421
2016-06-10,Lagos,58
2016-06-11,Lagos,156
2016-06-12,Lagos,61
2016-06-13,Lagos,108
2016-06-14,Lagos,131
2016-06-15,Lagos,95
2016-06-16,Lagos,138
2016-06-17,Lagos,170
2016-06-18,Lagos,188
2016-06-19,Lagos,164
2016-06-20,Lagos,104
2016-06-21,Lagos,128
2016-06-22,Lagos,182
2016-06-23,Lagos,202
2016-06-24,Lagos,143
2016-06-25,Lagos,238
2016-06-26,Lagos,254
2016-06-27,Lagos,228
2016-06-28,Lagos,144
2016-06-29,Lagos,379
2016-06-30,Lagos,125
2016-07-01,Lagos,72
2016-07-02,Lagos,313
2016-07-03,Lagos,154
2016-07-04,Lagos,167
2016-07-05,Lagos,252
2016-07-06,Lagos,237
2016-07-07,Lagos,84
2016-07-08,Lagos,154
2016-07-09,Lagos,235
2016-07-10,Lagos,262
2016-07-11,Lagos,91
2016-07-12,Lagos,163
2016-07-13,Lagos,79
2016-07-14,Lagos,0
2016-07-15,Lagos,137
2016-07-16,Lagos,149
2016-07-17,Lagos,92
2016-07-18,Lagos,162
2016-07-19,Lagos,140
2016-07-20,Lagos,162
2016-07-21,Lagos,152
2016-07-22,Lagos,142
2016-07-23,Lagos,63
2016-07-24,Lagos,100
2016-07-25,Lagos,51
2016-07-26,Lagos,62
2016-07-27,Lagos,172
2016-07-28,Lagos,129
2016-07-29,Lagos,133
2016-07-30,Lagos,77
2016-07-31,Lagos,173
2016-08-01,Lagos,135
2016-08-02,Lagos,36
2016-08-03,Lagos,160
2016-08-04,Lagos,199
2016-08-05,Lagos,229
2016-08-06,Lagos,55
2016-08-07,Lagos,136
2016-08-08,Lagos,31
2016-08-09,Lagos,174
2016-08-10,Lagos,46
2016-08-11,Lagos,52
2016-08-12,Lagos,21
2016-08-13,Lagos,49
2016-08-14,Lagos,110
2016-08-15,Lagos,98
2016-08-16,Lagos,83
2016-08-17,Lagos,85
2016-08-18,Lagos,205
2016-08-19,Lagos,189
2016-08-20,Lagos,115
2016-08-21,Lagos,170
2016-08-22,Lagos,10
2016-08-23,Lagos,171
2016-08-24,Lagos,96
2016-08-25,Lagos,122
2016-08-26,Lagos,121
2016-08-27,Lagos,51
2016-08-28,Lagos,131
2016-08-29,Lagos,133
2016-08-30,Lagos,195
2016-08-31,Lagos,118
2016-09-01,Lagos,159
2016-09-02,Lagos,105
2016-09-03,Lagos,160
2016-09-04,Lagos,120
2016-09-05,Lagos,96
2016-09-06,Lagos,41
2016-09-07,Lagos,148
2016-09-08,Lagos,120
2016-09-09,Lagos,192
2016-09-10,Lagos,121
2016-09-11,Lagos,138
2016-09-12,Lagos,124
2016-09-13,Lagos,166
2016-09-14,Lagos,139
2016-09-15,Lagos,43
2016-09-16,Lagos,81
2016-09-17,Lagos,70
2016-09-18,Lagos,92
2016-09-19,Lagos,117
2016-09-20,Lagos,176
2016-09-21,Lagos,90
2016-09-22,Lagos,150
2016-09-23,Lagos,104
2016-09-24,Lagos,107
2016-09-25,Lagos,186
2016-09-26,Lagos,245
2016-09-27,Lagos,67
2016-09-28,Lagos,0
2016-09-29,Lagos,136
2016-09-30,Lagos,156
2016-10-01,Lagos,129
2016-10-02,Lagos,107
2016-10-03,Lagos,156
2016-10-04,Lagos,138
2016-10-05,Lagos,109
2016-10-06,Lagos,100
2016-10-07,Lagos,187
2016-10-08,Lagos,122
2016-10-09,Lagos,193
2016-10-10,Lagos,154
2016-10-11,Lagos,161
2016-10-12,Lagos,106
2016-10-13,Lagos,96
2016-10-14,Lagos,46
2016-10-15,Lagos,145
2016-10-16,Lagos,95
2016-10-17,Lagos,183
2016-10-18,Lagos,120
2016-10-19,Lagos,147
2016-10-20,Lagos,203
2016-10-21,Lagos,98
2016-10-22,Lagos,154
2016-10-23,Lagos,200
2016-10-24,Lagos,103
2016-10-25,Lagos,66
2016-10-26,Lagos,119
2016-10-27,Lagos,57
2016-10-28,Lagos,17
2016-10-29,Lagos,322
2016-10-30,Lagos,91
2016-10-31,Lagos,82
2016-11-01,Lagos,135
2016-11-02,Lagos,127
2016-11-03,Lagos,20
2016-11-04,Lagos,0
2016-11-05,Lagos,59
2016-11-06,Lagos,95
2016-11-07,Lagos,113
2016-11-08,Lagos,6
2016-11-09,Lagos,120
2016-11-10,Lagos,137
2016-11-11,Lagos,115
2016-11-12,Lagos,55
2016-11-13,Lagos,52
2016-11-14,Lagos,102
2016-11-15,Lagos,45
2016-11-16,Lagos,117
2016-11-17,Lagos,257
2016-11-18,Lagos,87
2016-11-19,Lagos,114
2016-11-20,Lagos,72
2016-11-21,Lagos,153
2016-11-22,Lagos,68
2016-11-23,Lagos,88
2016-11-24,Lagos,174
2016-11-25,Lagos,134
2016-11-26,Lagos,60
2016-11-27,Lagos,54
2016-11-28,Lagos,123
2016-11-29,Lagos,131
2016-11-30,Lagos,129
2016-12-01,Lagos,186
2016-12-02,Lagos,184
2016-12-03,Lagos,124
2016-12-04,Lagos,15
2016-12-05,Lagos,30
2016-12-06,Lagos,121
2016-12-07,Lagos,145
2016-12-08,Lagos,94
2016-12-09,Lagos,125
2016-12-10,Lagos,47
2016-12-11,Lagos,100
2016-12-12,Lagos,252
2016-12-13,Lagos,151
2016-12-14,Lagos,113
2016-12-15,Lagos,171
2016-12-16,Lagos,151
2016-12-17,Lagos,150
2016-12-18,Lagos,106
2016-12-19,Lagos,147
2016-12-20,Lagos,182
2016-12-21,Lagos,206
2016-12-22,Lagos,319
2016-12-23,Lagos,134
2016-12-24,Lagos,53
2016-12-25,Lagos,58
2016-12-26,Lagos,126
2016-12-27,Lagos,65
2016-12-28,Lagos,318
2016-12-29,Lagos,54
2016-12-30,Lagos,225
2016-12-31,Lagos,100
2017-01-01,Lagos,58
2017-01-02,Lagos,132
2017-01-03,Lagos,1
2017-01-04,Lagos,38
2017-01-05,Lagos,48
2017-01-06,Lagos,168
2017-01-07,Lagos,186
2017-01-08,Lagos,99
2017-01-09,Lagos,210
2017-01-10,Lagos,182
2017-01-11,Lagos,211
2017-01-12,Lagos,185
2017-01-13,Lagos,137
2017-01-14,Lagos,121
2017-01-15,Lagos,113
2017-01-16,Lagos,366
2017-01-17,Lagos,142
2017-01-18,Lagos,183
2017-01-19,Lagos,152
2017-01-20,Lagos,317
2017-01-21,Lagos,0
2017-01-22,Lagos,0
2017-01-23,Lagos,0
2017-01-24,Lagos,55
2017-01-25,Lagos,68
2017-01-26,Lagos,216
2017-01-27,Lagos,124
2017-01-28,Lagos,155
2017-01-29,Lagos,264
2017-01-30,Lagos,226
2017-01-31,Lagos,8
2017-02-01,Lagos,49
2017-02-02,Lagos,117
2017-02-03,Lagos,158
2017-02-04,Lagos,166
2017-02-05,Lagos,51
2017-02-06,Lagos,240
2017-02-07,Lagos,26
2017-02-08,Lagos,145
2017-02-09,Lagos,275
2017-02-10,Lagos,254
2017-02-11,Lagos,241
2017-02-12,Lagos,111
2017-02-13,Lagos,118
2017-02-14,Lagos,192
2017-02-15,Lagos,204
2017-02-16,Lagos,237
2017-02-17,Lagos,133
2017-02-18,Lagos,169
2017-02-19,Lagos,185
2017-02-20,Lagos,423
2017-02-21,Lagos,60
2017-02-22,Lagos,127
2017-02-23,Lagos,164
2017-02-24,Lagos,286
2017-02-25,Lagos,95
2017-02-26,Lagos,257
2017-02-27,Lagos,87
2017-02-28,Lagos,216
2017-03-01,Lagos,124
2017-03-02,Lagos,141
2017-03-03,Lagos,166
2017-03-04,Lagos,305
2017-03-05,Lagos,0
2017-03-06,Lagos,356
2017-03-07,Lagos,238
2017-03-08,Lagos,5
2017-03-09,Lagos,255
2017-03-10,Lagos,192
2017-03-11,Lagos,0
2017-03-12,Lagos,313
2017-03-13,Lagos,92
2017-03-14,Lagos,74
2017-03-15,Lagos,96
2017-03-16,Lagos,150
2017-03-17,Lagos,239
2017-03-18,Lagos,129
2017-03-19,Lagos,260
2017-03-20,Lagos,154
2017-03-21,Lagos,239
2017-03-22,Lagos,180
2017-03-23,Lagos,0
2017-03-24,Lagos,0
2017-03-25,Lagos,62
2017-03-26,Lagos,78
2017-03-27,Lagos,346
2017-03-28,Lagos,270
2017-03-29,Lagos,300
2017-03-30,Lagos,0
2017-03-31,Lagos,2
2017-04-01,Lagos,118
2017-04-02,Lagos,476
2017-04-03,Lagos,384
2017-04-04,Lagos,176
2017-04-05,Lagos,342
2017-04-06,Lagos,240
2017-04-07,Lagos,228
2017-04-08,Lagos,158
2017-04-09,Lagos,194
2017-04-10,Lagos,59
2017-04-11,Lagos,125
2017-04-12,Lagos,241
2017-04-13,Lagos,178
2017-04-14,Lagos,122
2017-04-15,Lagos,168
2017-04-16,Lagos,34
2017-04-17,Lagos,211
2017-04-18,Lagos,275
2017-04-19,Lagos,259
2017-04-20,Lagos,206
2017-04-21,Lagos,161
2017-04-22,Lagos,254
2017-04-23,Lagos,312
2017-04-24,Lagos,106
2017-04-25,Lagos,151
2017-04-26,Lagos,332
2017-04-27,Lagos,18
2017-04-28,Lagos,164
2017-04-29,Lagos,235
2017-04-30,Lagos,163
2017-05-01,Lagos,118
2017-05-02,Lagos,0
2017-05-03,Lagos,78
2017-05-04,Lagos,40
2017-05-05,Lagos,136
2017-05-06,Lagos,47
2017-05-07,Lagos,183
2017-05-08,Lagos,292
2017-05-09,Lagos,311
2017-05-10,Lagos,113
2017-05-11,Lagos,230
2017-05-12,Lagos,122
2017-05-13,Lagos,222
2017-05-14,Lagos,198
2017-05-15,Lagos,24
2017-05-16,Lagos,0
2017-05-17,Lagos,56
2017-05-18,Lagos,108
2017-05-19,Lagos,142
2017-05-20,Lagos,51
2017-05-21,Lagos,8
2017-05-22,Lagos,210
2017-05-23,Lagos,276
2017-05-24,Lagos,197
2017-05-25,Lagos,151
2017-05-26,Lagos,216
2017-05-27,Lagos,400
2017-05-28,Lagos,340
2017-05-29,Lagos,0
2017-05-30,Lagos,254
2017-05-31,Lagos,259
2017-06-01,Lagos,69
2017-06-02,Lagos,211
2017-06-03,Lagos,0
2017-06-04,Lagos,101
2017-06-05,Lagos,105
2017-06-06,Lagos,91
2017-06-07,Lagos,223
2017-06-08,Lagos,112
2017-06-09,Lagos,199
2017-06-10,Lagos,159
2017-06-11,Lagos,148
2017-06-12,Lagos,322
2017-06-13,Lagos,285
2017-06-14,Lagos,20
2017-06-15,Lagos,87
2017-06-16,Lagos,63
2017-06-17,Lagos,0
2017-06-18,Lagos,269
2017-06-19,Lagos,176
2017-06-20,Lagos,203
2017-06-21,Lagos,91
2017-06-22,Lagos,124
2017-06-23,Lagos,179
2017-06-24,Lagos,152
2017-06-25,Lagos,207
2017-06-26,Lagos,194
2017-06-27,Lagos,87
2017-06-28,Lagos,0
2017-06-29,Lagos,240
2017-06-30,Lagos,6
2017-07-01,Lagos,193
2017-07-02,Lagos,172
2017-07-03,Lagos,199
2017-07-04,Lagos,161
2017-07-05,Lagos,162
2017-07-06,Lagos,250
2017-07-07,Lagos,0
2017-07-08,Lagos,172
2017-07-09,Lagos,196
2017-07-10,Lagos,205
2017-07-11,Lagos,155
2017-07-12,Lagos,164
2017-07-13,Lagos,203
2017-07-14,Lagos,144
2017-07-15,Lagos,233
2017-07-16,Lagos,112
2017-07-17,Lagos,102
2017-07-18,Lagos,99
2017-07-19,Lagos,89
2017-07-20,Lagos,146
2017-07-21,Lagos,65
2017-07-22,Lagos,118
2017-07-23,Lagos,236
2017-07-24,Lagos,241
2017-07-25,Lagos,101
2017-07-26,Lagos,213
2017-07-27,Lagos,175
2017-07-28,Lagos,132
2017-07-29,Lagos,96
2017-07-30,Lagos,229
2017-07-31,Lagos,101
2017-08-01,Lagos,176
2017-08-02,Lagos,0
2017-08-03,Lagos,101
2017-08-04,Lagos,222
2017-08-05,Lagos,129
2017-08-06,Lagos,66
2017-08-07,Lagos,163
2017-08-08,Lagos,211
2017-08-09,Lagos,0
2017-08-10,Lagos,81
2017-08-11,Lagos,87
2017-08-12,Lagos,134
2017-08-13,Lagos,202
2017-08-14,Lagos,63
2017-08-15,Lagos,163
2017-08-16,Lagos,158
2017-08-17,Lagos,78
2017-08-18,Lagos,191
2017-08-19,Lagos,81
2017-08-20,Lagos,91
2017-08-21,Lagos,79
2017-08-22,Lagos,101
2017-08-23,Lagos,182
2017-08-24,Lagos,144
2017-08-25,Lagos,139
2017-08-26,Lagos,146
2017-08-27,Lagos,120
2017-08-28,Lagos,79
2017-08-29,Lagos,122
2017-08-30,Lagos,136
2017-08-31,Lagos,82
2017-09-01,Lagos,106
2017-09-02,Lagos,132
2017-09-03,Lagos,111
2017-09-04,Lagos,102
2017-09-05,Lagos,76
2017-09-06,Lagos,104
2017-09-07,Lagos,115
2017-09-08,Lagos,164
2017-09-09,Lagos,50
2017-09-10,Lagos,89
2017-09-11,Lagos,141
2017-09-12,Lagos,112
2017-09-13,Lagos,115
2017-09-14,Lagos,86
2017-09-15,Lagos,0
2017-09-16,Lagos,95
2017-09-17,Lagos,173
2017-09-18,Lagos,97
2017-09-19,Lagos,7
2017-09-20,Lagos,212
2017-09-21,Lagos,109
2017-09-22,Lagos,76
2017-09-23,Lagos,162
2017-09-24,Lagos,51
2017-09-25,Lagos,81
2017-09-26,Lagos,159
2017-09-27,Lagos,0
2017-09-28,Lagos,128
2017-09-29,Lagos,122
2017-09-30,Lagos,152
2017-10-01,Lagos,112
2017-10-02,Lagos,132
2017-10-03,Lagos,68
2017-10-04,Lagos,155
2017-10-05,Lagos,135
2017-10-06,Lagos,127
2017-10-07,Lagos,128
2017-10-08,Lagos,79
2017-10-09,Lagos,110
2017-10-10,Lagos,140
2017-10-11,Lagos,151
2017-10-12,Lagos,107
2017-10-13,Lagos,62
2017-10-14,Lagos,185
2017-10-15,Lagos,146
2017-10-16,Lagos,163
2017-10-17,Lagos,126
2017-10-18,Lagos,116
2017-10-19,Lagos,68
2017-10-20,Lagos,110
2017-10-21,Lagos,120
2017-10-22,Lagos,100
2017-10-23,Lagos,101
2017-10-24,Lagos,135
2017-10-25,Lagos,97
2017-10-26,Lagos,150
2017-10-27,Lagos,132
2017-10-28,Lagos,170
2017-10-29,Lagos,148
2017-10-30,Lagos,96
2017-10-31,Lagos,0
2017-11-01,Lagos,111
2017-11-02,Lagos,109
2017-11-03,Lagos,44
2017-11-04,Lagos,56
2017-11-05,Lagos,102
2017-11-06,Lagos,25
2017-11-07,Lagos,151
2017-11-08,Lagos,246
2017-11-09,Lagos,171
2017-11-10,Lagos,83
2017-11-11,Lagos,135
2017-11-12,Lagos,71
2017-11-13,Lagos,97
2017-11-14,Lagos,224
2017-11-15,Lagos,96
2017-11-16,Lagos,54
2017-11-17,Lagos,116
2017-11-18,Lagos,285
2017-11-19,Lagos,44
2017-11-20,Lagos,107
2017-11-21,Lagos,72
2017-11-22,Lagos,13
2017-11-23,Lagos,219
2017-11-24,Lagos,88
2017-11-25,Lagos,131
2017-11-26,Lagos,15
2017-11-27,Lagos,249
2017-11-28,Lagos,169
2017-11-29,Lagos,173
2017-11-30,Lagos,118
2017-12-01,Lagos,120
2017-12-02,Lagos,84
2017-12-03,Lagos,106
2017-12-04,Lagos,127
2017-12-05,Lagos,242
2017-12-06,Lagos,138
2017-12-07,Lagos,170
2017-12-08,Lagos,206
2017-12-09,Lagos,130
2017-12-10,Lagos,117
2017-12-11,Lagos,196
2017-12-12,Lagos,143
2017-12-13,Lagos,146
2017-12-14,Lagos,75
2017-12-15,Lagos,239
2017-12-16,Lagos,78
2017-12-17,Lagos,230
2017-12-18,Lagos,0
2017-12-19,Lagos,94
2017-12-20,Lagos,226
2017-12-21,Lagos,156
2017-12-22,Lagos,0
2017-12-23,Lagos,82
2017-12-24,Lagos,289
2017-12-25,Lagos,109
2017-12-26,Lagos,111
2017-12-27,Lagos,73
2017-12-28,Lagos,99
2017-12-29,Lagos,133
2017-12-30,Lagos,154
2017-12-31,Lagos,88
2018-01-01,Lagos,214
2018-01-02,Lagos,129
2018-01-03,Lagos,169
2018-01-04,Lagos,75
2018-01-05,Lagos,115
2018-01-06,Lagos,261
2018-01-07,Lagos,82
2018-01-08,Lagos,101
2018-01-09,Lagos,92
2018-01-10,Lagos,132
2018-01-11,Lagos,154
2018-01-12,Lagos,98
2018-01-13,Lagos,184
2018-01-14,Lagos,2
2018-01-15,Lagos,82
2018-01-16,Lagos,47
2018-01-17,Lagos,210
2018-01-18,Lagos,152
2018-01-19,Lagos,90
2018-01-20,Lagos,100
2018-01-21,Lagos,75
2018-01-22,Lagos,167
2018-01-23,Lagos,0
2018-01-24,Lagos,61
2018-01-25,Lagos,221
2018-01-26,Lagos,355
2018-01-27,Lagos,48
2018-01-28,Lagos,201
2018-01-29,Lagos,154
2018-01-30,Lagos,135
2018-01-31,Lagos,150
2018-02-01,Lagos,153
2018-02-02,Lagos,253
2018-02-03,Lagos,349
2018-02-04,Lagos,449
2018-02-05,Lagos,240
2018-02-06,Lagos,0
2018-02-07,Lagos,188
2018-02-08,Lagos,59
2018-02-09,Lagos,113
2018-02-10,Lagos,209
2018-02-11,Lagos,198
2018-02-12,Lagos,88
2018-02-13,Lagos,147
2018-02-14,Lagos,0
2018-02-15,Lagos,267
2018-02-16,Lagos,95
2018-02-17,Lagos,0
2018-02-18,Lagos,0
2018-02-19,Lagos,0
2018-02-20,Lagos,132
2018-02-21,Lagos,392
2018-02-22,Lagos,377
2018-02-23,Lagos,84
2018-02-24,Lagos,339
2018-02-25,Lagos,132
2018-02-26,Lagos,220
2018-02-27,Lagos,413
2018-02-28,Lagos,246
2018-03-01,Lagos,382
2018-03-02,Lagos,221
2018-03-03,Lagos,98
2018-03-04,Lagos,0
2018-03-05,Lagos,84
2018-03-06,Lagos,248
2018-03-07,Lagos,160
2018-03-08,Lagos,113
2018-03-09,Lagos,322
2018-03-10,Lagos,254
2018-03-11,Lagos,274
2018-03-12,Lagos,250
2018-03-13,Lagos,136
2018-03-14,Lagos,27
2018-03-15,Lagos,195
2018-03-16,Lagos,106
2018-03-17,Lagos,46
2018-03-18,Lagos,158
2018-03-19,Lagos,105
2018-03-20,Lagos,111
2018-03-21,Lagos,194
2018-03-22,Lagos,240
2018-03-23,Lagos,158
2018-03-24,Lagos,128
2018-03-25,Lagos,218
2018-03-26,Lagos,300
2018-03-27,Lagos,149
2018-03-28,Lagos,164
2018-03-29,Lagos,147
2018-03-30,Lagos,48
2018-03-31,Lagos,330
2018-04-01,Lagos,189
2018-04-02,Lagos,52
2018-04-03,Lagos,166
2018-04-04,Lagos,175
2018-04-05,Lagos,380
2018-04-06,Lagos,0
2018-04-07,Lagos,110
2018-04-08,Lagos,4
2018-04-09,Lagos,236
2018-04-10,Lagos,284
2018-04-11,Lagos,196
2018-04-12,Lagos,121
2018-04-13,Lagos,289
2018-04-14,Lagos,0
2018-04-15,Lagos,0
2018-04-16,Lagos,165
2018-04-17,Lagos,17
2018-04-18,Lagos,0
2018-04-19,Lagos,203
2018-04-20,Lagos,117
2018-04-21,Lagos,127
2018-04-22,Lagos,126
2018-04-23,Lagos,137
2018-04-24,Lagos,24
2018-04-25,Lagos,149
2018-04-26,Lagos,327
2018-04-27,Lagos,252
2018-04-28,Lagos,254
2018-04-29,Lagos,123
2018-04-30,Lagos,177
2018-05-01,Lagos,116
2018-05-02,Lagos,324
2018-05-03,Lagos,278
2018-05-04,Lagos,186
2018-05-05,Lagos,0
2018-05-06,Lagos,350
2018-05-07,Lagos,103
2018-05-08,Lagos,247
2018-05-09,Lagos,189
2018-05-10,Lagos,288
2018-05-11,Lagos,356
2018-05-12,Lagos,297
2018-05-13,Lagos,74
2018-05-14,Lagos,337
2018-05-15,Lagos,246
2018-05-16,Lagos,110
2018-05-17,Lagos,120
2018-05-18,Lagos,235
2018-05-19,Lagos,205
2018-05-20,Lagos,151
2018-05-21,Lagos,62
2018-05-22,Lagos,218
2018-05-23,Lagos,100
2018-05-24,Lagos,192
2018-05-25,Lagos,9
2018-05-26,Lagos,264
2018-05-27,Lagos,225
2018-05-28,Lagos,128
2018-05-29,Lagos,54
2018-05-30,Lagos,161
2018-05-31,Lagos,64
2018-06-01,Lagos,119
2018-06-02,Lagos,103
2018-06-03,Lagos,72
2018-06-04,Lagos,27
2018-06-05,Lagos,66
2018-06-06,Lagos,186
2018-06-07,Lagos,281
2018-06-08,Lagos,68
2018-06-09,Lagos,211
2018-06-10,Lagos,105
2018-06-11,Lagos,0
2018-06-12,Lagos,219
2018-06-13,Lagos,134
2018-06-14,Lagos,359
2018-06-15,Lagos,113
2018-06-16,Lagos,216
2018-06-17,Lagos,280
2018-06-18,Lagos,111
2018-06-19,Lagos,403
2018-06-20,Lagos,135
2018-06-21,Lagos,293
2018-06-22,Lagos,263
2018-06-23,Lagos,248
2018-06-24,Lagos,104
2018-06-25,Lagos,348
2018-06-26,Lagos,96
2018-06-27,Lagos,146
2018-06-28,Lagos,73
2018-06-29,Lagos,22
2018-06-30,Lagos,176
2018-07-01,Lagos,88
2018-07-02,Lagos,108
2018-07-03,Lagos,140
2018-07-04,Lagos,77
2018-07-05,Lagos,151
2018-07-06,Lagos,89
2018-07-07,Lagos,36
2018-07-08,Lagos,150
2018-07-09,Lagos,145
2018-07-10,Lagos,0
2018-07-11,Lagos,148
2018-07-12,Lagos,87
2018-07-13,Lagos,40
2018-07-14,Lagos,214
2018-07-15,Lagos,25
2018-07-16,Lagos,31
2018-07-17,Lagos,70
2018-07-18,Lagos,139
2018-07-19,Lagos,161
2018-07-20,Lagos,100
2018-07-21,Lagos,94
2018-07-22,Lagos,162
2018-07-23,Lagos,154
2018-07-24,Lagos,141
2018-07-25,Lagos,309
2018-07-26,Lagos,120
2018-07-27,Lagos,135
2018-07-28,Lagos,111
2018-07-29,Lagos,83
2018-07-30,Lagos,151
2018-07-31,Lagos,52
2018-08-01,Lagos,147
2018-08-02,Lagos,219
2018-08-03,Lagos,275
2018-08-04,Lagos,75
2018-08-05,Lagos,114
2018-08-06,Lagos,147
2018-08-07,Lagos,81
2018-08-08,Lagos,127
2018-08-09,Lagos,0
2018-08-10,Lagos,165
2018-08-11,Lagos,175
2018-08-12,Lagos,138
2018-08-13,Lagos,119
2018-08-14,Lagos,143
2018-08-15,Lagos,39
2018-08-16,Lagos,60
2018-08-17,Lagos,249
2018-08-18,Lagos,222
2018-08-19,Lagos,107
2018-08-20,Lagos,0
2018-08-21,Lagos,98
2018-08-22,Lagos,187
2018-08-23,Lagos,251
2018-08-24,Lagos,140
2018-08-25,Lagos,151
2018-08-26,Lagos,154
2018-08-27,Lagos,122
2018-08-28,Lagos,96
2018-08-29,Lagos,103
2018-08-30,Lagos,96
2018-08-31,Lagos,132
2018-09-01,Lagos,136
2018-09-02,Lagos,152
2018-09-03,Lagos,84
2018-09-04,Lagos,71
2018-09-05,Lagos,116
2018-09-06,Lagos,127
2018-09-07,Lagos,117
2018-09-08,Lagos,104
2018-09-09,Lagos,201
2018-09-10,Lagos,123
2018-09-11,Lagos,166
2018-09-12,Lagos,158
2018-09-13,Lagos,108
2018-09-14,Lagos,111
2018-09-15,Lagos,133
2018-09-16,Lagos,154
2018-09-17,Lagos,205
2018-09-18,Lagos,93
2018-09-19,Lagos,35
2018-09-20,Lagos,220
2018-09-21,Lagos,23
2018-09-22,Lagos,0
2018-09-23,Lagos,186
2018-09-24,Lagos,96
2018-09-25,Lagos,159
2018-09-26,Lagos,112
2018-09-27,Lagos,131
2018-09-28,Lagos,152
2018-09-29,Lagos,110
2018-09-30,Lagos,63
2018-10-01,Lagos,95
2018-10-02,Lagos,131
2018-10-03,Lagos,132
2018-10-04,Lagos,99
2018-10-05,Lagos,51
2018-10-06,Lagos,162
2018-10-07,Lagos,133
2018-10-08,Lagos,49
2018-10-09,Lagos,150
2018-10-10,Lagos,51
2018-10-11,Lagos,134
2018-10-12,Lagos,126
2018-10-13,Lagos,117
2018-10-14,Lagos,18
2018-10-15,Lagos,168
2018-10-16,Lagos,118
2018-10-17,Lagos,61
2018-10-18,Lagos,143
2018-10-19,Lagos,157
2018-10-20,Lagos,141
2018-10-21,Lagos,123
2018-10-22,Lagos,100
2018-10-23,Lagos,153
2018-10-24,Lagos,106
2018-10-25,Lagos,205
2018-10-26,Lagos,64
2018-10-27,Lagos,169
2018-10-28,Lagos,175
2018-10-29,Lagos,185
2018-10-30,Lagos,92
2018-10-31,Lagos,105
2018-11-01,Lagos,71
2018-11-02,Lagos,158
2018-11-03,Lagos,203
2018-11-04,Lagos,41
2018-11-05,Lagos,136
2018-11-06,Lagos,92
2018-11-07,Lagos,176
2018-11-08,Lagos,130
2018-11-09,Lagos,150
2018-11-10,Lagos,117
2018-11-11,Lagos,79
2018-11-12,Lagos,82
2018-11-13,Lagos,195
2018-11-14,Lagos,109
2018-11-15,Lagos,160
2018-11-16,Lagos,192
2018-11-17,Lagos,43
2018-11-18,Lagos,180
2018-11-19,Lagos,133
2018-11-20,Lagos,18
2018-11-21,Lagos,125
2018-11-22,Lagos,174
2018-11-23,Lagos,35
2018-11-24,Lagos,208
2018-11-25,Lagos,100
2018-11-26,Lagos,27
2018-11-27,Lagos,109
2018-11-28,Lagos,162
2018-11-29,Lagos,93
2018-11-30,Lagos,121
2018-12-01,Lagos,88
2018-12-02,Lagos,156
2018-12-03,Lagos,105
2018-12-04,Lagos,242
2018-12-05,Lagos,0
2018-12-06,Lagos,212
2018-12-07,Lagos,38
2018-12-08,Lagos,78
2018-12-09,Lagos,40
2018-12-10,Lagos,47
2018-12-11,Lagos,114
2018-12-12,Lagos,0
2018-12-13,Lagos,65
2018-12-14,Lagos,144
2018-12-15,Lagos,72
2018-12-16,Lagos,294
2018-12-17,Lagos,113
2018-12-18,Lagos,109
2018-12-19,Lagos,130
2018-12-20,Lagos,186
2018-12-21,Lagos,110
2018-12-22,Lagos,172
2018-12-23,Lagos,98
2018-12-24,Lagos,164
2018-12-25,Lagos,231
2018-12-26,Lagos,182
2018-12-27,Lagos,89
2018-12-28,Lagos,215
2018-12-29,Lagos,126
2018-12-30,Lagos,61
2018-12-31,Lagos,129
2019-01-01,Lagos,183
2019-01-02,Lagos,34
2019-01-03,Lagos,231
2019-01-04,Lagos,39
2019-01-05,Lagos,153
2019-01-06,Lagos,169
2019-01-07,Lagos,115
2019-01-08,Lagos,90
2019-01-09,Lagos,0
2019-01-10,Lagos,272
2019-01-11,Lagos,118
2019-01-12,Lagos,150
2019-01-13,Lagos,189
2019-01-14,Lagos,52
2019-01-15,Lagos,70
2019-01-16,Lagos,0
2019-01-17,Lagos,94
2019-01-18,Lagos,175
2019-01-19,Lagos,291
2019-01-20,Lagos,164
2019-01-21,Lagos,115
2019-01-22,Lagos,0
2019-01-23,Lagos,183
2019-01-24,Lagos,97
2019-01-25,Lagos,253
2019-01-26,Lagos,330
2019-01-27,Lagos,74
2019-01-28,Lagos,74
2019-01-29,Lagos,319
2019-01-30,Lagos,211
2019-01-31,Lagos,181
2019-02-01,Lagos,112
2019-02-02,Lagos,217
2019-02-03,Lagos,0
2019-02-04,Lagos,209
2019-02-05,Lagos,0
2019-02-06,Lagos,147
2019-02-07,Lagos,215
2019-02-08,Lagos,4
2019-02-09,Lagos,13
2019-02-10,Lagos,103
2019-02-11,Lagos,230
2019-02-12,Lagos,233
2019-02-13,Lagos,49
2019-02-14,Lagos,183
2019-02-15,Lagos,224
2019-02-16,Lagos,89
2019-02-17,Lagos,34
2019-02-18,Lagos,367
2019-02-19,Lagos,277
2019-02-20,Lagos,0
2019-02-21,Lagos,273
2019-02-22,Lagos,143
2019-02-23,Lagos,158
2019-02-24,Lagos,40
2019-02-25,Lagos,93
2019-02-26,Lagos,297
2019-02-27,Lagos,117
2019-02-28,Lagos,277
2019-03-01,Lagos,138
2019-03-02,Lagos,137
2019-03-03,Lagos,157
2019-03-04,Lagos,154
2019-03-05,Lagos,279
2019-03-06,Lagos,224
2019-03-07,Lagos,694
2019-03-08,Lagos,101
2019-03-09,Lagos,35
2019-03-10,Lagos,137
2019-03-11,Lagos,175
2019-03-12,Lagos,204
2019-03-13,Lagos,211
2019-03-14,Lagos,253
2019-03-15,Lagos,189
2019-03-16,Lagos,200
2019-03-17,Lagos,147
2019-03-18,Lagos,226
2019-03-19,Lagos,7
2019-03-20,Lagos,181
2019-03-21,Lagos,0
2019-03-22,Lagos,225
2019-03-23,Lagos,219
2019-03-24,Lagos,220
2019-03-25,Lagos,234
2019-03-26,Lagos,223
2019-03-27,Lagos,13
2019-03-28,Lagos,247
2019-03-29,Lagos,241
2019-03-30,Lagos,63
2019-03-31,Lagos,50
2019-04-01,Lagos,462
2019-04-02,Lagos,138
2019-04-03,Lagos,159
2019-04-04,Lagos,91
2019-04-05,Lagos,380
2019-04-06,Lagos,153
2019-04-07,Lagos,95
2019-04-08,Lagos,99
2019-04-09,Lagos,207
2019-04-10,Lagos,185
2019-04-11,Lagos,207
2019-04-12,Lagos,125
2019-04-13,Lagos,480
2019-04-14,Lagos,272
2019-04-15,Lagos,76
2019-04-16,Lagos,107
2019-04-17,Lagos,269
2019-04-18,Lagos,118
2019-04-19,Lagos,37
2019-04-20,Lagos,30
2019-04-21,Lagos,165
2019-04-22,Lagos,168
2019-04-23,Lagos,97
2019-04-24,Lagos,50
2019-04-25,Lagos,105
2019-04-26,Lagos,298
2019-04-27,Lagos,108
2019-04-28,Lagos,245
2019-04-29,Lagos,257
2019-04-30,Lagos,34
2019-05-01,Lagos,252
2019-05-02,Lagos,130
2019-05-03,Lagos,0
2019-05-04,Lagos,307
2019-05-05,Lagos,1
2019-05-06,Lagos,188
2019-05-07,Lagos,15
2019-05-08,Lagos,145
2019-05-09,Lagos,99
2019-05-10,Lagos,306
2019-05-11,Lagos,195
2019-05-12,Lagos,0
2019-05-13,Lagos,54
2019-05-14,Lagos,0
2019-05-15,Lagos,177
2019-05-16,Lagos,234
2019-05-17,Lagos,206
2019-05-18,Lagos,317
2019-05-19,Lagos,0
2019-05-20,Lagos,271
2019-05-21,Lagos,219
2019-05-22,Lagos,224
2019-05-23,Lagos,215
2019-05-24,Lagos,98
2019-05-25,Lagos,116
2019-05-26,Lagos,0
2019-05-27,Lagos,126
2019-05-28,Lagos,232
2019-05-29,Lagos,310
2019-05-30,Lagos,246
2019-05-31,Lagos,215
2019-06-01,Lagos,334
2019-06-02,Lagos,56
2019-06-03,Lagos,166
2019-06-04,Lagos,103
2019-06-05,Lagos,127
2019-06-06,Lagos,154
2019-06-07,Lagos,128
2019-06-08,Lagos,195
2019-06-09,Lagos,202
2019-06-10,Lagos,225
2019-06-11,Lagos,10
2019-06-12,Lagos,251
2019-06-13,Lagos,287
2019-06-14,Lagos,95
2019-06-15,Lagos,272
2019-06-16,Lagos,95
2019-06-17,Lagos,194
2019-06-18,Lagos,140
2019-06-19,Lagos,212
2019-06-20,Lagos,206
2019-06-21,Lagos,262
2019-06-22,Lagos,226
2019-06-23,Lagos,216
2019-06-24,Lagos,153
2019-06-25,Lagos,121
2019-06-26,Lagos,119
2019-06-27,Lagos,226
2019-06-28,Lagos,62
2019-06-29,Lagos,135
2019-06-30,Lagos,111
2019-07-01,Lagos,169
2019-07-02,Lagos,19
2019-07-03,Lagos,0
2019-07-04,Lagos,104
2019-07-05,Lagos,155
2019-07-06,Lagos,190
2019-07-07,Lagos,81
2019-07-08,Lagos,102
2019-07-09,Lagos,30
2019-07-10,Lagos,51
2019-07-11,Lagos,79
2019-07-12,Lagos,291
2019-07-13,Lagos,149
2019-07-14,Lagos,78
2019-07-15,Lagos,109
2019-07-16,Lagos,0
2019-07-17,Lagos,174
2019-07-18,Lagos,138
2019-07-19,Lagos,220
2019-07-20,Lagos,138
2019-07-21,Lagos,165
2019-07-22,Lagos,88
2019-07-23,Lagos,131
2019-07-24,Lagos,18
2019-07-25,Lagos,29
2019-07-26,Lagos,133
2019-07-27,Lagos,125
2019-07-28,Lagos,78
2019-07-29,Lagos,163
2019-07-30,Lagos,104
2019-07-31,Lagos,232
2019-08-01,Lagos,29
2019-08-02,Lagos,310
2019-08-03,Lagos,86
2019-08-04,Lagos,165
2019-08-05,Lagos,155
2019-08-06,Lagos,182
2019-08-07,Lagos,102
2019-08-08,Lagos,114
2019-08-09,Lagos,280
2019-08-10,Lagos,67
2019-08-11,Lagos,148
2019-08-12,Lagos,105
2019-08-13,Lagos,0
2019-08-14,Lagos,94
2019-08-15,Lagos,143
2019-08-16,Lagos,34
2019-08-17,Lagos,90
2019-08-18,Lagos,153
2019-08-19,Lagos,110
2019-08-20,Lagos,58
2019-08-21,Lagos,145
2019-08-22,Lagos,79
2019-08-23,Lagos,182
2019-08-24,Lagos,65
2019-08-25,Lagos,144
2019-08-26,Lagos,96
2019-08-27,Lagos,31
2019-08-28,Lagos,155
2019-08-29,Lagos,110
2019-08-30,Lagos,140
2019-08-31,Lagos,145
2019-09-01,Lagos,155
2019-09-02,Lagos,140
2019-09-03,Lagos,107
2019-09-04,Lagos,169
2019-09-05,Lagos,140
2019-09-06,Lagos,124
2019-09-07,Lagos,105
2019-09-08,Lagos,128
2019-09-09,Lagos,41
2019-09-10,Lagos,155
2019-09-11,Lagos,119
2019-09-12,Lagos,75
2019-09-13,Lagos,93
2019-09-14,Lagos,42
2019-09-15,Lagos,121
2019-09-16,Lagos,214
2019-09-17,Lagos,171
2019-09-18,Lagos,276
2019-09-19,Lagos,97
2019-09-20,Lagos,50
2019-09-21,Lagos,103
2019-09-22,Lagos,177
2019-09-23,Lagos,148
2019-09-24,Lagos,188
2019-09-25,Lagos,199
2019-09-26,Lagos,130
2019-09-27,Lagos,131
2019-09-28,Lagos,146
2019-09-29,Lagos,13
2019-09-30,Lagos,128
2019-10-01,Lagos,117
2019-10-02,Lagos,129
2019-10-03,Lagos,144
2019-10-04,Lagos,150
2019-10-05,Lagos,121
2019-10-06,Lagos,198
2019-10-07,Lagos,96
2019-10-08,Lagos,84
2019-10-09,Lagos,108
2019-10-10,Lagos,121
2019-10-11,Lagos,103
2019-10-12,Lagos,83
2019-10-13,Lagos,32
2019-10-14,Lagos,98
2019-10-15,Lagos,58
2019-10-16,Lagos,104
2019-10-17,Lagos,117
2019-10-18,Lagos,157
2019-10-19,Lagos,69
2019-10-20,Lagos,106
2019-10-21,Lagos,94
2019-10-22,Lagos,91
2019-10-23,Lagos,124
2019-10-24,Lagos,301
2019-10-25,Lagos,137
2019-10-26,Lagos,147
2019-10-27,Lagos,42
2019-10-28,Lagos,77
2019-10-29,Lagos,145
2019-10-30,Lagos,112
2019-10-31,Lagos,140
2019-11-01,Lagos,87
2019-11-02,Lagos,98
2019-11-03,Lagos,126
2019-11-04,Lagos,113
2019-11-05,Lagos,58
2019-11-06,Lagos,94
2019-11-07,Lagos,105
2019-11-08,Lagos,142
2019-11-09,Lagos,114
2019-11-10,Lagos,83
2019-11-11,Lagos,140
2019-11-12,Lagos,154
2019-11-13,Lagos,203
2019-11-14,Lagos,129
2019-11-15,Lagos,121
2019-11-16,Lagos,51
2019-11-17,Lagos,139
2019-11-18,Lagos,109
2019-11-19,Lagos,189
2019-11-20,Lagos,97
2019-11-21,Lagos,25
2019-11-22,Lagos,67
2019-11-23,Lagos,73
2019-11-24,Lagos,195
2019-11-25,Lagos,187
2019-11-26,Lagos,277
2019-11-27,Lagos,134
2019-11-28,Lagos,114
2019-11-29,Lagos,91
2019-11-30,Lagos,302
2019-12-01,Lagos,159
2019-12-02,Lagos,148
2019-12-03,Lagos,173
2019-12-04,Lagos,128
2019-12-05,Lagos,90
2019-12-06,Lagos,123
2019-12-07,Lagos,110
2019-12-08,Lagos,88
2019-12-09,Lagos,77
2019-12-10,Lagos,190
2019-12-11,Lagos,107
2019-12-12,Lagos,143
2019-12-13,Lagos,33
2019-12-14,Lagos,81
2019-12-15,Lagos,115
2019-12-16,Lagos,269
2019-12-17,Lagos,84
2019-12-18,Lagos,210
2019-12-19,Lagos,125
2019-12-20,Lagos,0
2019-12-21,Lagos,73
2019-12-22,Lagos,80
2019-12-23,Lagos,264
2019-12-24,Lagos,114
2019-12-25,Lagos,108
2019-12-26,Lagos,185
2019-12-27,Lagos,107
2019-12-28,Lagos,153
2019-12-29,Lagos,65
2019-12-30,Lagos,0
2019-12-31,Lagos,218
2020-01-01,Lagos,267
2020-01-02,Lagos,57
2020-01-03,Lagos,169
2020-01-04,Lagos,265
2020-01-05,Lagos,117
2020-01-06,Lagos,182
2020-01-07,Lagos,206
2020-01-08,Lagos,111
2020-01-09,Lagos,213
2020-01-10,Lagos,0
2020-01-11,Lagos,194
2020-01-12,Lagos,139
2020-01-13,Lagos,245
2020-01-14,Lagos,266
2020-01-15,Lagos,86
2020-01-16,Lagos,228
2020-01-17,Lagos,300
2020-01-18,Lagos,76
2020-01-19,Lagos,154
2020-01-20,Lagos,347
2020-01-21,Lagos,160
2020-01-22,Lagos,178
2020-01-23,Lagos,191
2020-01-24,Lagos,160
2020-01-25,Lagos,0
2020-01-26,Lagos,143
2020-01-27,Lagos,0
2020-01-28,Lagos,176
2020-01-29,Lagos,38
2020-01-30,Lagos,0
2020-01-31,Lagos,267
2020-02-01,Lagos,93
2020-02-02,Lagos,43
2020-02-03,Lagos,0
2020-02-04,Lagos,217
2020-02-05,Lagos,89
2020-02-06,Lagos,272
2020-02-07,Lagos,111
2020-02-08,Lagos,65
2020-02-09,Lagos,217
2020-02-10,Lagos,156
2020-02-11,Lagos,81
2020-02-12,Lagos,203
2020-02-13,Lagos,271
2020-02-14,Lagos,288
2020-02-15,Lagos,416
2020-02-16,Lagos,97
2020-02-17,Lagos,239
2020-02-18,Lagos,166
2020-02-19,Lagos,81
2020-02-20,Lagos,0
2020-02-21,Lagos,1
2020-02-22,Lagos,241
2020-02-23,Lagos,305
2020-02-24,Lagos,154
2020-02-25,Lagos,196
2020-02-26,Lagos,130
2020-02-27,Lagos,229
2020-02-28,Lagos,220
2020-02-29,Lagos,142
2020-03-01,Lagos,0
2020-03-02,Lagos,171
2020-03-03,Lagos,85
2020-03-04,Lagos,146
2020-03-05,Lagos,4
2020-03-06,Lagos,36
2020-03-07,Lagos,186
2020-03-08,Lagos,0
2020-03-09,Lagos,0
2020-03-10,Lagos,267
2020-03-11,Lagos,144
2020-03-12,Lagos,108
2020-03-13,Lagos,123
2020-03-14,Lagos,204
2020-03-15,Lagos,322
2020-03-16,Lagos,0
2020-03-17,Lagos,81
2020-03-18,Lagos,0
2020-03-19,Lagos,99
2020-03-20,Lagos,0
2020-03-21,Lagos,182
2020-03-22,Lagos,143
2020-03-23,Lagos,78
2020-03-24,Lagos,256
2020-03-25,Lagos,59
2020-03-26,Lagos,329
2020-03-27,Lagos,163
2020-03-28,Lagos,252
2020-03-29,Lagos,224
2020-03-30,Lagos,466
2020-03-31,Lagos,312
2020-04-01,Lagos,349
2020-04-02,Lagos,451
2020-04-03,Lagos,252
2020-04-04,Lagos,405
2020-04-05,Lagos,181
2020-04-06,Lagos,266
2020-04-07,Lagos,142
2020-04-08,Lagos,0
2020-04-09,Lagos,62
2020-04-10,Lagos,224
2020-04-11,Lagos,365
2020-04-12,Lagos,78
2020-04-13,Lagos,183
2020-04-14,Lagos,328
2020-04-15,Lagos,227
2020-04-16,Lagos,292
2020-04-17,Lagos,185
2020-04-18,Lagos,143
2020-04-19,Lagos,157
2020-04-20,Lagos,76
2020-04-21,Lagos,0
2020-04-22,Lagos,274
2020-04-23,Lagos,18
2020-04-24,Lagos,307
2020-04-25,Lagos,175
2020-04-26,Lagos,116
2020-04-27,Lagos,0
2020-04-28,Lagos,32
2020-04-29,Lagos,17
2020-04-30,Lagos,219
2020-05-01,Lagos,108
2020-05-02,Lagos,255
2020-05-03,Lagos,56
2020-05-04,Lagos,179
2020-05-05,Lagos,150
2020-05-06,Lagos,244
2020-05-07,Lagos,214
2020-05-08,Lagos,323
2020-05-09,Lagos,289
2020-05-10,Lagos,172
2020-05-11,Lagos,221
2020-05-12,Lagos,286
2020-05-13,Lagos,198
2020-05-14,Lagos,138
2020-05-15,Lagos,244
2020-05-16,Lagos,407
2020-05-17,Lagos,309
2020-05-18,Lagos,213
2020-05-19,Lagos,80
2020-05-20,Lagos,236
2020-05-21,Lagos,99
2020-05-22,Lagos,134
2020-05-23,Lagos,128
2020-05-24,Lagos,112
2020-05-25,Lagos,115
2020-05-26,Lagos,300
2020-05-27,Lagos,0
2020-05-28,Lagos,340
2020-05-29,Lagos,21
2020-05-30,Lagos,178
2020-05-31,Lagos,300
2020-06-01,Lagos,17
2020-06-02,Lagos,76
2020-06-03,Lagos,147
2020-06-04,Lagos,37
2020-06-05,Lagos,183
2020-06-06,Lagos,150
2020-06-07,Lagos,238
2020-06-08,Lagos,290
2020-06-09,Lagos,63
2020-06-10,Lagos,326
2020-06-11,Lagos,349
2020-06-12,Lagos,22
2020-06-13,Lagos,101
2020-06-14,Lagos,183
2020-06-15,Lagos,175
2020-06-16,Lagos,36
2020-06-17,Lagos,341
2020-06-18,Lagos,241
2020-06-19,Lagos,29
2020-06-20,Lagos,112
2020-06-21,Lagos,196
2020-06-22,Lagos,124
2020-06-23,Lagos,165
2020-06-24,Lagos,213
2020-06-25,Lagos,151
2020-06-26,Lagos,360
2020-06-27,Lagos,57
2020-06-28,Lagos,175
2020-06-29,Lagos,230
2020-06-30,Lagos,181
2020-07-01,Lagos,92
2020-07-02,Lagos,0
2020-07-03,Lagos,91
2020-07-04,Lagos,221
2020-07-05,Lagos,150
2020-07-06,Lagos,195
2020-07-07,Lagos,108
2020-07-08,Lagos,123
2020-07-09,Lagos,141
2020-07-10,Lagos,163
2020-07-11,Lagos,124
2020-07-12,Lagos,6
2020-07-13,Lagos,213
2020-07-14,Lagos,185
2020-07-15,Lagos,120
2020-07-16,Lagos,98
2020-07-17,Lagos,145
2020-07-18,Lagos,162
2020-07-19,Lagos,35
2020-07-20,Lagos,319
2020-07-21,Lagos,68
2020-07-22,Lagos,152
2020-07-23,Lagos,66
2020-07-24,Lagos,25
2020-07-25,Lagos,159
2020-07-26,Lagos,119
2020-07-27,Lagos,168
2020-07-28,Lagos,63
2020-07-29,Lagos,110
2020-07-30,Lagos,146
2020-07-31,Lagos,131
2020-08-01,Lagos,78
2020-08-02,Lagos,109
2020-08-03,Lagos,137
2020-08-04,Lagos,126
2020-08-05,Lagos,188
2020-08-06,Lagos,103
2020-08-07,Lagos,119
2020-08-08,Lagos,88
2020-08-09,Lagos,64
2020-08-10,Lagos,155
2020-08-11,Lagos,146
2020-08-12,Lagos,251
2020-08-13,Lagos,277
2020-08-14,Lagos,129
2020-08-15,Lagos,142
2020-08-16,Lagos,120
2020-08-17,Lagos,111
2020-08-18,Lagos,105
2020-08-19,Lagos,154
2020-08-20,Lagos,118
2020-08-21,Lagos,82
2020-08-22,Lagos,119
2020-08-23,Lagos,92
2020-08-24,Lagos,160
2020-08-25,Lagos,87
2020-08-26,Lagos,130
2020-08-27,Lagos,244
2020-08-28,Lagos,167
2020-08-29,Lagos,138
2020-08-30,Lagos,19
2020-08-31,Lagos,193
2020-09-01,Lagos,43
2020-09-02,Lagos,141
2020-09-03,Lagos,151
2020-09-04,Lagos,106
2020-09-05,Lagos,112
2020-09-06,Lagos,103
2020-09-07,Lagos,141
2020-09-08,Lagos,19
2020-09-09,Lagos,51
2020-09-10,Lagos,36
2020-09-11,Lagos,107
2020-09-12,Lagos,111
2020-09-13,Lagos,92
2020-09-14,Lagos,87
2020-09-15,Lagos,135
2020-09-16,Lagos,92
2020-09-17,Lagos,103
2020-09-18,Lagos,183
2020-09-19,Lagos,176
2020-09-20,Lagos,221
2020-09-21,Lagos,162
2020-09-22,Lagos,144
2020-09-23,Lagos,181
2020-09-24,Lagos,156
2020-09-25,Lagos,83
2020-09-26,Lagos,98
2020-09-27,Lagos,67
2020-09-28,Lagos,97
2020-09-29,Lagos,20
2020-09-30,Lagos,247
2020-10-01,Lagos,284
2020-10-02,Lagos,51
2020-10-03,Lagos,94
2020-10-04,Lagos,116
2020-10-05,Lagos,123
2020-10-06,Lagos,94
2020-10-07,Lagos,132
2020-10-08,Lagos,127
2020-10-09,Lagos,36
2020-10-10,Lagos,157
2020-10-11,Lagos,79
2020-10-12,Lagos,113
2020-10-13,Lagos,116
2020-10-14,Lagos,87
2020-10-15,Lagos,131
2020-10-16,Lagos,177
2020-10-17,Lagos,125
2020-10-18,Lagos,118
2020-10-19,Lagos,138
2020-10-20,Lagos,99
2020-10-21,Lagos,150
2020-10-22,Lagos,136
2020-10-23,Lagos,106
2020-10-24,Lagos,135
2020-10-25,Lagos,129
2020-10-26,Lagos,82
2020-10-27,Lagos,195
2020-10-28,Lagos,96
2020-10-29,Lagos,171
2020-10-30,Lagos,214
2020-10-31,Lagos,255
2020-11-01,Lagos,103
2020-11-02,Lagos,96
2020-11-03,Lagos,201
2020-11-04,Lagos,174
2020-11-05,Lagos,207
2020-11-06,Lagos,154
2020-11-07,Lagos,101
2020-11-08,Lagos,78
2020-11-09,Lagos,149
2020-11-10,Lagos,91
2020-11-11,Lagos,107
2020-11-12,Lagos,77
2020-11-13,Lagos,299
2020-11-14,Lagos,105
2020-11-15,Lagos,80
2020-11-16,Lagos,0
2020-11-17,Lagos,82
2020-11-18,Lagos,51
2020-11-19,Lagos,319
2020-11-20,Lagos,257
2020-11-21,Lagos,55
2020-11-22,Lagos,96
2020-11-23,Lagos,92
2020-11-24,Lagos,196
2020-11-25,Lagos,122
2020-11-26,Lagos,172
2020-11-27,Lagos,179
2020-11-28,Lagos,194
2020-11-29,Lagos,79
2020-11-30,Lagos,97
2020-12-01,Lagos,130
2020-12-02,Lagos,245
2020-12-03,Lagos,210
2020-12-04,Lagos,93
2020-12-05,Lagos,199
2020-12-06,Lagos,197
2020-12-07,Lagos,56
2020-12-08,Lagos,43
2020-12-09,Lagos,93
2020-12-10,Lagos,241
2020-12-11,Lagos,110
2020-12-12,Lagos,227
2020-12-13,Lagos,171
2020-12-14,Lagos,102
2020-12-15,Lagos,78
2020-12-16,Lagos,49
2020-12-17,Lagos,236
2020-12-18,Lagos,67
2020-12-19,Lagos,155
2020-12-20,Lagos,110
2020-12-21,Lagos,30
2020-12-22,Lagos,93
2020-12-23,Lagos,205
2020-12-24,Lagos,0
2020-12-25,Lagos,88
2020-12-26,Lagos,116
2020-12-27,Lagos,121
2020-12-28,Lagos,15
2020-12-29,Lagos,79
2020-12-30,Lagos,41
2020-12-31,Lagos,65
2021-01-01,Lagos,198
2021-01-02,Lagos,103
2021-01-03,Lagos,113
2021-01-04,Lagos,185
2021-01-05,Lagos,178
2021-01-06,Lagos,122
2021-01-07,Lagos,130
2021-01-08,Lagos,127
2021-01-09,Lagos,75
2021-01-10,Lagos,166
2021-01-11,Lagos,103
2021-01-12,Lagos,176
2021-01-13,Lagos,0
2021-01-14,Lagos,201
2021-01-15,Lagos,372
2021-01-16,Lagos,155
2021-01-17,Lagos,0
2021-01-18,Lagos,164
2021-01-19,Lagos,170
2021-01-20,Lagos,288
2021-01-21,Lagos,32
2021-01-22,Lagos,236
2021-01-23,Lagos,173
2021-01-24,Lagos,17
2021-01-25,Lagos,145
2021-01-26,Lagos,165
2021-01-27,Lagos,241
2021-01-28,Lagos,275
2021-01-29,Lagos,258
2021-01-30,Lagos,274
2021-01-31,Lagos,74
2021-02-01,Lagos,71
2021-02-02,Lagos,151
2021-02-03,Lagos,0
2021-02-04,Lagos,30
2021-02-05,Lagos,218
2021-02-06,Lagos,84
2021-02-07,Lagos,204
2021-02-08,Lagos,138
2021-02-09,Lagos,177
2021-02-10,Lagos,318
2021-02-11,Lagos,163
2021-02-12,Lagos,0
2021-02-13,Lagos,173
2021-02-14,Lagos,133
2021-02-15,Lagos,83
2021-02-16,Lagos,0
2021-02-17,Lagos,60
2021-02-18,Lagos,0
2021-02-19,Lagos,0
2021-02-20,Lagos,31
2021-02-21,Lagos,235
2021-02-22,Lagos,283
2021-02-23,Lagos,0
2021-02-24,Lagos,253
2021-02-25,Lagos,275
2021-02-26,Lagos,201
2021-02-27,Lagos,186
2021-02-28,Lagos,154
2021-03-01,Lagos,75
2021-03-02,Lagos,125
2021-03-03,Lagos,115
2021-03-04,Lagos,204
2021-03-05,Lagos,111
2021-03-06,Lagos,204
2021-03-07,Lagos,309
2021-03-08,Lagos,175
2021-03-09,Lagos,260
2021-03-10,Lagos,189
2021-03-11,Lagos,333
2021-03-12,Lagos,432
2021-03-13,Lagos,242
2021-03-14,Lagos,96
2021-03-15,Lagos,82
2021-03-16,Lagos,200
2021-03-17,Lagos,161
2021-03-18,Lagos,229
2021-03-19,Lagos,57
2021-03-20,Lagos,187
2021-03-21,Lagos,166
2021-03-22,Lagos,208
2021-03-23,Lagos,230
2021-03-24,Lagos,221
2021-03-25,Lagos,220
2021-03-26,Lagos,19
2021-03-27,Lagos,0
2021-03-28,Lagos,169
2021-03-29,Lagos,294
2021-03-30,Lagos,265
2021-03-31,Lagos,146
2021-04-01,Lagos,158
2021-04-02,Lagos,249
2021-04-03,Lagos,77
2021-04-04,Lagos,186
2021-04-05,Lagos,459
2021-04-06,Lagos,248
2021-04-07,Lagos,94
2021-04-08,Lagos,115
2021-04-09,Lagos,20
2021-04-10,Lagos,350
2021-04-11,Lagos,133
2021-04-12,Lagos,242
2021-04-13,Lagos,354
2021-04-14,Lagos,95
2021-04-15,Lagos,463
2021-04-16,Lagos,169
2021-04-17,Lagos,108
2021-04-18,Lagos,102
2021-04-19,Lagos,263
2021-04-20,Lagos,144
2021-04-21,Lagos,96
2021-04-22,Lagos,199
2021-04-23,Lagos,0
2021-04-24,Lagos,104
2021-04-25,Lagos,177
2021-04-26,Lagos,284
2021-04-27,Lagos,0
2021-04-28,Lagos,119
2021-04-29,Lagos,233
2021-04-30,Lagos,303
2021-05-01,Lagos,292
2021-05-02,Lagos,71
2021-05-03,Lagos,207
2021-05-04,Lagos,325
2021-05-05,Lagos,119
2021-05-06,Lagos,0
2021-05-07,Lagos,204
2021-05-08,Lagos,204
2021-05-09,Lagos,0
2021-05-10,Lagos,218
2021-05-11,Lagos,181
2021-05-12,Lagos,135
2021-05-13,Lagos,175
2021-05-14,Lagos,94
2021-05-15,Lagos,236
2021-05-16,Lagos,381
2021-05-17,Lagos,158
2021-05-18,Lagos,129
2021-05-19,Lagos,0
2021-05-20,Lagos,249
2021-05-21,Lagos,308
2021-05-22,Lagos,117
2021-05-23,Lagos,47
2021-05-24,Lagos,59
2021-05-25,Lagos,120
2021-05-26,Lagos,226
2021-05-27,Lagos,304
2021-05-28,Lagos,270
2021-05-29,Lagos,137
2021-05-30,Lagos,49
2021-05-31,Lagos,210
2021-06-01,Lagos,119
2021-06-02,Lagos,102
2021-06-03,Lagos,80
2021-06-04,Lagos,158
2021-06-05,Lagos,50
2021-06-06,Lagos,241
2021-06-07,Lagos,161
2021-06-08,Lagos,146
2021-06-09,Lagos,269
2021-06-10,Lagos,27
2021-06-11,Lagos,41
2021-06-12,Lagos,83
2021-06-13,Lagos,119
2021-06-14,Lagos,0
2021-06-15,Lagos,55
2021-06-16,Lagos,186
2021-06-17,Lagos,104
2021-06-18,Lagos,215
2021-06-19,Lagos,185
2021-06-20,Lagos,190
2021-06-21,Lagos,121
2021-06-22,Lagos,125
2021-06-23,Lagos,294
2021-06-24,Lagos,126
2021-06-25,Lagos,43
2021-06-26,Lagos,517
2021-06-27,Lagos,147
2021-06-28,Lagos,136
2021-06-29,Lagos,101
2021-06-30,Lagos,131
2021-07-01,Lagos,151
2021-07-02,Lagos,21
2021-07-03,Lagos,217
2021-07-04,Lagos,266
2021-07-05,Lagos,223
2021-07-06,Lagos,243
2021-07-07,Lagos,181
2021-07-08,Lagos,177
2021-07-09,Lagos,170
2021-07-10,Lagos,357
2021-07-11,Lagos,110
2021-07-12,Lagos,110
2021-07-13,Lagos,79
2021-07-14,Lagos,139
2021-07-15,Lagos,86
2021-07-16,Lagos,185
2021-07-17,Lagos,239
2021-07-18,Lagos,77
2021-07-19,Lagos,178
2021-07-20,Lagos,132
2021-07-21,Lagos,141
2021-07-22,Lagos,33
2021-07-23,Lagos,91
2021-07-24,Lagos,28
2021-07-25,Lagos,88
2021-07-26,Lagos,139
2021-07-27,Lagos,93
2021-07-28,Lagos,204
2021-07-29,Lagos,113
2021-07-30,Lagos,114
2021-07-31,Lagos,198
2021-08-01,Lagos,49
2021-08-02,Lagos,55
2021-08-03,Lagos,171
2021-08-04,Lagos,112
2021-08-05,Lagos,128
2021-08-06,Lagos,58
2021-08-07,Lagos,224
2021-08-08,Lagos,184
2021-08-09,Lagos,272
2021-08-10,Lagos,125
2021-08-11,Lagos,115
2021-08-12,Lagos,94
2021-08-13,Lagos,40
2021-08-14,Lagos,156
2021-08-15,Lagos,70
2021-08-16,Lagos,252
2021-08-17,Lagos,210
2021-08-18,Lagos,90
2021-08-19,Lagos,143
2021-08-20,Lagos,149
2021-08-21,Lagos,114
2021-08-22,Lagos,151
2021-08-23,Lagos,132
2021-08-24,Lagos,28
2021-08-25,Lagos,161
2021-08-26,Lagos,114
2021-08-27,Lagos,66
2021-08-28,Lagos,115
2021-08-29,Lagos,98
2021-08-30,Lagos,114
2021-08-31,Lagos,122
2021-09-01,Lagos,0
2021-09-02,Lagos,115
2021-09-03,Lagos,118
2021-09-04,Lagos,98
2021-09-05,Lagos,37
2021-09-06,Lagos,103
2021-09-07,Lagos,160
2021-09-08,Lagos,75
2021-09-09,Lagos,123
2021-09-10,Lagos,68
2021-09-11,Lagos,120
2021-09-12,Lagos,186
2021-09-13,Lagos,96
2021-09-14,Lagos,118
2021-09-15,Lagos,82
2021-09-16,Lagos,133
2021-09-17,Lagos,152
2021-09-18,Lagos,189
2021-09-19,Lagos,106
2021-09-20,Lagos,123
2021-09-21,Lagos,141
2021-09-22,Lagos,0
2021-09-23,Lagos,243
2021-09-24,Lagos,100
2021-09-25,Lagos,177
2021-09-26,Lagos,126
2021-09-27,Lagos,74
2021-09-28,Lagos,81
2021-09-29,Lagos,27
2021-09-30,Lagos,72
2021-10-01,Lagos,123
2021-10-02,Lagos,160
2021-10-03,Lagos,151
2021-10-04,Lagos,147
2021-10-05,Lagos,200
2021-10-06,Lagos,156
2021-10-07,Lagos,110
2021-10-08,Lagos,25
2021-10-09,Lagos,104
2021-10-10,Lagos,177
2021-10-11,Lagos,44
2021-10-12,Lagos,168
2021-10-13,Lagos,93
2021-10-14,Lagos,108
2021-10-15,Lagos,259
2021-10-16,Lagos,97
2021-10-17,Lagos,177
2021-10-18,Lagos,182
2021-10-19,Lagos,138
2021-10-20,Lagos,39
2021-10-21,Lagos,92
2021-10-22,Lagos,106
2021-10-23,Lagos,163
2021-10-24,Lagos,81
2021-10-25,Lagos,85
2021-10-26,Lagos,153
2021-10-27,Lagos,163
2021-10-28,Lagos,116
2021-10-29,Lagos,106
2021-10-30,Lagos,123
2021-10-31,Lagos,75
2021-11-01,Lagos,102
2021-11-02,Lagos,10
2021-11-03,Lagos,81
2021-11-04,Lagos,167
2021-11-05,Lagos,211
2021-11-06,Lagos,141
2021-11-07,Lagos,141
2021-11-08,Lagos,242
2021-11-09,Lagos,91
2021-11-10,Lagos,212
2021-11-11,Lagos,19
2021-11-12,Lagos,84
2021-11-13,Lagos,138
2021-11-14,Lagos,119
2021-11-15,Lagos,137
2021-11-16,Lagos,174
2021-11-17,Lagos,64
2021-11-18,Lagos,192
2021-11-19,Lagos,78
2021-11-20,Lagos,0
2021-11-21,Lagos,166
2021-11-22,Lagos,78
2021-11-23,Lagos,159
2021-11-24,Lagos,298
2021-11-25,Lagos,198
2021-11-26,Lagos,94
2021-11-27,Lagos,146
2021-11-28,Lagos,155
2021-11-29,Lagos,117
2021-11-30,Lagos,88
2021-12-01,Lagos,26
2021-12-02,Lagos,147
2021-12-03,Lagos,113
2021-12-04,Lagos,102
2021-12-05,Lagos,7
2021-12-06,Lagos,68
2021-12-07,Lagos,0
2021-12-08,Lagos,111
2021-12-09,Lagos,65
2021-12-10,Lagos,141
2021-12-11,Lagos,242
2021-12-12,Lagos,126
2021-12-13,Lagos,117
2021-12-14,Lagos,157
2021-12-15,Lagos,124
2021-12-16,Lagos,213
2021-12-17,Lagos,43
2021-12-18,Lagos,27
2021-12-19,Lagos,26
2021-12-20,Lagos,59
2021-12-21,Lagos,186
2021-12-22,Lagos,113
2021-12-23,Lagos,230
2021-12-24,Lagos,225
2021-12-25,Lagos,164
2021-12-26,Lagos,65
2021-12-27,Lagos,277
2021-12-28,Lagos,239
2021-12-29,Lagos,144
2021-12-30,Lagos,49
2021-12-31,Lagos,247
2022-01-01,Lagos,93
2022-01-02,Lagos,98
2022-01-03,Lagos,75
2022-01-04,Lagos,236
2022-01-05,Lagos,174
2022-01-06,Lagos,158
2022-01-07,Lagos,95
2022-01-08,Lagos,241
2022-01-09,Lagos,150
2022-01-10,Lagos,97
2022-01-11,Lagos,22
2022-01-12,Lagos,144
2022-01-13,Lagos,345
2022-01-14,Lagos,113
2022-01-15,Lagos,93
2022-01-16,Lagos,67
2022-01-17,Lagos,97
2022-01-18,Lagos,0
2022-01-19,Lagos,12
2022-01-20,Lagos,215
2022-01-21,Lagos,70
2022-01-22,Lagos,76
2022-01-23,Lagos,64
2022-01-24,Lagos,169
2022-01-25,Lagos,100
2022-01-26,Lagos,185
2022-01-27,Lagos,111
2022-01-28,Lagos,155
2022-01-29,Lagos,268
2022-01-30,Lagos,104
2022-01-31,Lagos,258
2022-02-01,Lagos,180
2022-02-02,Lagos,311
2022-02-03,Lagos,287
2022-02-04,Lagos,247
2022-02-05,Lagos,184
2022-02-06,Lagos,9
2022-02-07,Lagos,84
2022-02-08,Lagos,0
2022-02-09,Lagos,136
2022-02-10,Lagos,0
2022-02-11,Lagos,161
2022-02-12,Lagos,31
2022-02-13,Lagos,130
2022-02-14,Lagos,85
2022-02-15,Lagos,383
2022-02-16,Lagos,120
2022-02-17,Lagos,155
2022-02-18,Lagos,278
2022-02-19,Lagos,263
2022-02-20,Lagos,190
2022-02-21,Lagos,130
2022-02-22,Lagos,41
2022-02-23,Lagos,245
2022-02-24,Lagos,144
2022-02-25,Lagos,169
2022-02-26,Lagos,139
2022-02-27,Lagos,21
2022-02-28,Lagos,138
2022-03-01,Lagos,242
2022-03-02,Lagos,224
2022-03-03,Lagos,28
2022-03-04,Lagos,118
2022-03-05,Lagos,402
2022-03-06,Lagos,161
2022-03-07,Lagos,451
2022-03-08,Lagos,278
2022-03-09,Lagos,225
2022-03-10,Lagos,66
2022-03-11,Lagos,83
2022-03-12,Lagos,330
2022-03-13,Lagos,189
2022-03-14,Lagos,252
2022-03-15,Lagos,185
2022-03-16,Lagos,41
2022-03-17,Lagos,65
2022-03-18,Lagos,524
2022-03-19,Lagos,71
2022-03-20,Lagos,208
2022-03-21,Lagos,317
2022-03-22,Lagos,70
2022-03-23,Lagos,163
2022-03-24,Lagos,0
2022-03-25,Lagos,153
2022-03-26,Lagos,296
2022-03-27,Lagos,225
2022-03-28,Lagos,0
2022-03-29,Lagos,256
2022-03-30,Lagos,85
2022-03-31,Lagos,72
2022-04-01,Lagos,346
2022-04-02,Lagos,204
2022-04-03,Lagos,218
2022-04-04,Lagos,289
2022-04-05,Lagos,245
2022-04-06,Lagos,392
2022-04-07,Lagos,82
2022-04-08,Lagos,46
2022-04-09,Lagos,0
2022-04-10,Lagos,129
2022-04-11,Lagos,268
2022-04-12,Lagos,248
2022-04-13,Lagos,73
2022-04-14,Lagos,388
2022-04-15,Lagos,270
2022-04-16,Lagos,149
2022-04-17,Lagos,0
2022-04-18,Lagos,117
2022-04-19,Lagos,275
2022-04-20,Lagos,382
2022-04-21,Lagos,13
2022-04-22,Lagos,40
2022-04-23,Lagos,217
2022-04-24,Lagos,262
2022-04-25,Lagos,249
2022-04-26,Lagos,41
2022-04-27,Lagos,179
2022-04-28,Lagos,0
2022-04-29,Lagos,140
2022-04-30,Lagos,106
2022-05-01,Lagos,221
2022-05-02,Lagos,176
2022-05-03,Lagos,282
2022-05-04,Lagos,296
2022-05-05,Lagos,78
2022-05-06,Lagos,294
2022-05-07,Lagos,203
2022-05-08,Lagos,222
2022-05-09,Lagos,135
2022-05-10,Lagos,0
2022-05-11,Lagos,88
2022-05-12,Lagos,210
2022-05-13,Lagos,94
2022-05-14,Lagos,164
2022-05-15,Lagos,233
2022-05-16,Lagos,100
2022-05-17,Lagos,199
2022-05-18,Lagos,312
2022-05-19,Lagos,61
2022-05-20,Lagos,209
2022-05-21,Lagos,256
2022-05-22,Lagos,159
2022-05-23,Lagos,366
2022-05-24,Lagos,84
2022-05-25,Lagos,0
2022-05-26,Lagos,239
2022-05-27,Lagos,228
2022-05-28,Lagos,110
2022-05-29,Lagos,83
2022-05-30,Lagos,226
2022-05-31,Lagos,114
2022-06-01,Lagos,0
2022-06-02,Lagos,287
2022-06-03,Lagos,0
2022-06-04,Lagos,320
2022-06-05,Lagos,235
2022-06-06,Lagos,251
2022-06-07,Lagos,353
2022-06-08,Lagos,0
2022-06-09,Lagos,0
2022-06-10,Lagos,98
2022-06-11,Lagos,59
2022-06-12,Lagos,86
2022-06-13,Lagos,161
2022-06-14,Lagos,183
2022-06-15,Lagos,0
2022-06-16,Lagos,106
2022-06-17,Lagos,122
2022-06-18,Lagos,163
2022-06-19,Lagos,207
2022-06-20,Lagos,176
2022-06-21,Lagos,50
2022-06-22,Lagos,104
2022-06-23,Lagos,122
2022-06-24,Lagos,181
2022-06-25,Lagos,103
2022-06-26,Lagos,201
2022-06-27,Lagos,188
2022-06-28,Lagos,114
2022-06-29,Lagos,163
2022-06-30,Lagos,167
2022-07-01,Lagos,158
2022-07-02,Lagos,191
2022-07-03,Lagos,203
2022-07-04,Lagos,299
2022-07-05,Lagos,337
2022-07-06,Lagos,381
2022-07-07,Lagos,174
2022-07-08,Lagos,100
2022-07-09,Lagos,0
2022-07-10,Lagos,207
2022-07-11,Lagos,132
2022-07-12,Lagos,105
2022-07-13,Lagos,149
2022-07-14,Lagos,164
2022-07-15,Lagos,100
2022-07-16,Lagos,191
2022-07-17,Lagos,34
2022-07-18,Lagos,148
2022-07-19,Lagos,118
2022-07-20,Lagos,64
2022-07-21,Lagos,28
2022-07-22,Lagos,208
2022-07-23,Lagos,104
2022-07-24,Lagos,81
2022-07-25,Lagos,135
2022-07-26,Lagos,0
2022-07-27,Lagos,14
2022-07-28,Lagos,246
2022-07-29,Lagos,98
2022-07-30,Lagos,194
2022-07-31,Lagos,140
2022-08-01,Lagos,95
2022-08-02,Lagos,95
2022-08-03,Lagos,117
2022-08-04,Lagos,82
2022-08-05,Lagos,323
2022-08-06,Lagos,86
2022-08-07,Lagos,134
2022-08-08,Lagos,116
2022-08-09,Lagos,151
2022-08-10,Lagos,97
2022-08-11,Lagos,130
2022-08-12,Lagos,107
2022-08-13,Lagos,114
2022-08-14,Lagos,50
2022-08-15,Lagos,145
2022-08-16,Lagos,226
2022-08-17,Lagos,181
2022-08-18,Lagos,125
2022-08-19,Lagos,90
2022-08-20,Lagos,358
2022-08-21,Lagos,40
2022-08-22,Lagos,95
2022-08-23,Lagos,178
2022-08-24,Lagos,168
2022-08-25,Lagos,159
2022-08-26,Lagos,108
2022-08-27,Lagos,108
2022-08-28,Lagos,185
2022-08-29,Lagos,58
2022-08-30,Lagos,114
2022-08-31,Lagos,110
2022-09-01,Lagos,122
2022-09-02,Lagos,89
2022-09-03,Lagos,177
2022-09-04,Lagos,154
2022-09-05,Lagos,94
2022-09-06,Lagos,99
2022-09-07,Lagos,90
2022-09-08,Lagos,148
2022-09-09,Lagos,117
2022-09-10,Lagos,128
2022-09-11,Lagos,99
2022-09-12,Lagos,120
2022-09-13,Lagos,143
2022-09-14,Lagos,80
2022-09-15,Lagos,231
2022-09-16,Lagos,50
2022-09-17,Lagos,135
2022-09-18,Lagos,113
2022-09-19,Lagos,180
2022-09-20,Lagos,32
2022-09-21,Lagos,39
2022-09-22,Lagos,154
2022-09-23,Lagos,159
2022-09-24,Lagos,191
2022-09-25,Lagos,163
2022-09-26,Lagos,174
2022-09-27,Lagos,12
2022-09-28,Lagos,173
2022-09-29,Lagos,26
2022-09-30,Lagos,0
2022-10-01,Lagos,137
2022-10-02,Lagos,135
2022-10-03,Lagos,95
2022-10-04,Lagos,166
2022-10-05,Lagos,65
2022-10-06,Lagos,131
2022-10-07,Lagos,101
2022-10-08,Lagos,115
2022-10-09,Lagos,146
2022-10-10,Lagos,209
2022-10-11,Lagos,117
2022-10-12,Lagos,135
2022-10-13,Lagos,73
2022-10-14,Lagos,96
2022-10-15,Lagos,171
2022-10-16,Lagos,121
2022-10-17,Lagos,128
2022-10-18,Lagos,127
2022-10-19,Lagos,108
2022-10-20,Lagos,326
2022-10-21,Lagos,131
2022-10-22,Lagos,110
2022-10-23,Lagos,106
2022-10-24,Lagos,73
2022-10-25,Lagos,123
2022-10-26,Lagos,143
2022-10-27,Lagos,67
2022-10-28,Lagos,55
2022-10-29,Lagos,185
2022-10-30,Lagos,0
2022-10-31,Lagos,89
2022-11-01,Lagos,97
2022-11-02,Lagos,119
2022-11-03,Lagos,79
2022-11-04,Lagos,126
2022-11-05,Lagos,91
2022-11-06,Lagos,73
2022-11-07,Lagos,151
2022-11-08,Lagos,140
2022-11-09,Lagos,119
2022-11-10,Lagos,99
2022-11-11,Lagos,83
2022-11-12,Lagos,93
2022-11-13,Lagos,107
2022-11-14,Lagos,142
2022-11-15,Lagos,119
2022-11-16,Lagos,148
2022-11-17,Lagos,72
2022-11-18,Lagos,149
2022-11-19,Lagos,116
2022-11-20,Lagos,113
2022-11-21,Lagos,223
2022-11-22,Lagos,193
2022-11-23,Lagos,43
2022-11-24,Lagos,110
2022-11-25,Lagos,106
2022-11-26,Lagos,195
2022-11-27,Lagos,65
2022-11-28,Lagos,121
2022-11-29,Lagos,143
2022-11-30,Lagos,170
2022-12-01,Lagos,264
2022-12-02,Lagos,168
2022-12-03,Lagos,115
2022-12-04,Lagos,117
2022-12-05,Lagos,153
2022-12-06,Lagos,165
2022-12-07,Lagos,88
2022-12-08,Lagos,135
2022-12-09,Lagos,243
2022-12-10,Lagos,49
2022-12-11,Lagos,195
2022-12-12,Lagos,225
2022-12-13,Lagos,137
2022-12-14,Lagos,218
2022-12-15,Lagos,45
2022-12-16,Lagos,76
2022-12-17,Lagos,97
2022-12-18,Lagos,196
2022-12-19,Lagos,0
2022-12-20,Lagos,98
2022-12-21,Lagos,50
2022-12-22,Lagos,137
2022-12-23,Lagos,108
2022-12-24,Lagos,185
2022-12-25,Lagos,46
2022-12-26,Lagos,50
2022-12-27,Lagos,141
2022-12-28,Lagos,37
2022-12-29,Lagos,89
2022-12-30,Lagos,30
2022-12-31,Lagos,156
2023-01-01,Lagos,90
2023-01-02,Lagos,43
2023-01-03,Lagos,96
2023-01-04,Lagos,104
2023-01-05,Lagos,174
2023-01-06,Lagos,185
2023-01-07,Lagos,280
2023-01-08,Lagos,158
2023-01-09,Lagos,196
2023-01-10,Lagos,207
2023-01-11,Lagos,333
2023-01-12,Lagos,100
2023-01-13,Lagos,78
2023-01-14,Lagos,171
2023-01-15,Lagos,48
2023-01-16,Lagos,347
2023-01-17,Lagos,113
2023-01-18,Lagos,0
2023-01-19,Lagos,127
2023-01-20,Lagos,124
2023-01-21,Lagos,230
2023-01-22,Lagos,105
2023-01-23,Lagos,48
2023-01-24,Lagos,226
2023-01-25,Lagos,168
2023-01-26,Lagos,250
2023-01-27,Lagos,170
2023-01-28,Lagos,208
2023-01-29,Lagos,284
2023-01-30,Lagos,15
2023-01-31,Lagos,6
2023-02-01,Lagos,270
2023-02-02,Lagos,63
2023-02-03,Lagos,164
2023-02-04,Lagos,229
2023-02-05,Lagos,136
2023-02-06,Lagos,115
2023-02-07,Lagos,222
2023-02-08,Lagos,344
2023-02-09,Lagos,205
2023-02-10,Lagos,172
2023-02-11,Lagos,180
2023-02-12,Lagos,268
2023-02-13,Lagos,68
2023-02-14,Lagos,176
2023-02-15,Lagos,0
2023-02-16,Lagos,199
2023-02-17,Lagos,159
2023-02-18,Lagos,33
2023-02-19,Lagos,133
2023-02-20,Lagos,0
2023-02-21,Lagos,48
2023-02-22,Lagos,18
2023-02-23,Lagos,233
2023-02-24,Lagos,81
2023-02-25,Lagos,222
2023-02-26,Lagos,259
2023-02-27,Lagos,162
2023-02-28,Lagos,266
2023-03-01,Lagos,233
2023-03-02,Lagos,151
2023-03-03,Lagos,14
2023-03-04,Lagos,0
2023-03-05,Lagos,254
2023-03-06,Lagos,50
2023-03-07,Lagos,20
2023-03-08,Lagos,207
2023-03-09,Lagos,143
2023-03-10,Lagos,198
2023-03-11,Lagos,308
2023-03-12,Lagos,161
2023-03-13,Lagos,334
2023-03-14,Lagos,249
2023-03-15,Lagos,187
2023-03-16,Lagos,202
2023-03-17,Lagos,0
2023-03-18,Lagos,0
2023-03-19,Lagos,215
2023-03-20,Lagos,0
2023-03-21,Lagos,292
2023-03-22,Lagos,176
2023-03-23,Lagos,212
2023-03-24,Lagos,204
2023-03-25,Lagos,193
2023-03-26,Lagos,193
2023-03-27,Lagos,425
2023-03-28,Lagos,365
2023-03-29,Lagos,25
2023-03-30,Lagos,137
2023-03-31,Lagos,251
2023-04-01,Lagos,157
2023-04-02,Lagos,284
2023-04-03,Lagos,242
2023-04-04,Lagos,161
2023-04-05,Lagos,427
2023-04-06,Lagos,452
2023-04-07,Lagos,97
2023-04-08,Lagos,105
2023-04-09,Lagos,279
2023-04-10,Lagos,373
2023-04-11,Lagos,262
2023-04-12,Lagos,169
2023-04-13,Lagos,223
2023-04-14,Lagos,204
2023-04-15,Lagos,411
2023-04-16,Lagos,86
2023-04-17,Lagos,278
2023-04-18,Lagos,0
2023-04-19,Lagos,242
2023-04-20,Lagos,32
2023-04-21,Lagos,256
2023-04-22,Lagos,127
2023-04-23,Lagos,0
2023-04-24,Lagos,450
2023-04-25,Lagos,192
2023-04-26,Lagos,108
2023-04-27,Lagos,112
2023-04-28,Lagos,183
2023-04-29,Lagos,116
2023-04-30,Lagos,0
2023-05-01,Lagos,185
2023-05-02,Lagos,204
2023-05-03,Lagos,0
2023-05-04,Lagos,185
2023-05-05,Lagos,202
2023-05-06,Lagos,290
2023-05-07,Lagos,46
2023-05-08,Lagos,98
2023-05-09,Lagos,125
2023-05-10,Lagos,119
2023-05-11,Lagos,192
2023-05-12,Lagos,136
2023-05-13,Lagos,148
2023-05-14,Lagos,258
2023-05-15,Lagos,91
2023-05-16,Lagos,217
2023-05-17,Lagos,92
2023-05-18,Lagos,12
2023-05-19,Lagos,335
2023-05-20,Lagos,262
2023-05-21,Lagos,50
2023-05-22,Lagos,268
2023-05-23,Lagos,212
2023-05-24,Lagos,209
2023-05-25,Lagos,111
2023-05-26,Lagos,153
2023-05-27,Lagos,158
2023-05-28,Lagos,321
2023-05-29,Lagos,327
2023-05-30,Lagos,0
2023-05-31,Lagos,168
2023-06-01,Lagos,109
2023-06-02,Lagos,121
2023-06-03,Lagos,251
2023-06-04,Lagos,147
2023-06-05,Lagos,70
2023-06-06,Lagos,94
2023-06-07,Lagos,227
2023-06-08,Lagos,244
2023-06-09,Lagos,208
2023-06-10,Lagos,113
2023-06-11,Lagos,239
2023-06-12,Lagos,114
2023-06-13,Lagos,296
2023-06-14,Lagos,83
2023-06-15,Lagos,159
2023-06-16,Lagos,158
2023-06-17,Lagos,212
2023-06-18,Lagos,196
2023-06-19,Lagos,120
2023-06-20,Lagos,213
2023-06-21,Lagos,169
2023-06-22,Lagos,72
2023-06-23,Lagos,63
2023-06-24,Lagos,235
2023-06-25,Lagos,114
2023-06-26,Lagos,65
2023-06-27,Lagos,153
2023-06-28,Lagos,183
2023-06-29,Lagos,0
2023-06-30,Lagos,152
2023-07-01,Lagos,175
2023-07-02,Lagos,24
2023-07-03,Lagos,75
2023-07-04,Lagos,0
2023-07-05,Lagos,68
2023-07-06,Lagos,182
2023-07-07,Lagos,145
2023-07-08,Lagos,125
2023-07-09,Lagos,254
2023-07-10,Lagos,169
2023-07-11,Lagos,174
2023-07-12,Lagos,97
2023-07-13,Lagos,213
2023-07-14,Lagos,36
2023-07-15,Lagos,110
2023-07-16,Lagos,174
2023-07-17,Lagos,104
2023-07-18,Lagos,150
2023-07-19,Lagos,3
2023-07-20,Lagos,317
2023-07-21,Lagos,157
2023-07-22,Lagos,253
2023-07-23,Lagos,218
2023-07-24,Lagos,228
2023-07-25,Lagos,160
2023-07-26,Lagos,103
2023-07-27,Lagos,138
2023-07-28,Lagos,167
2023-07-29,Lagos,171
2023-07-30,Lagos,164
2023-07-31,Lagos,176
2023-08-01,Lagos,162
2023-08-02,Lagos,31
2023-08-03,Lagos,125
2023-08-04,Lagos,154
2023-08-05,Lagos,0
2023-08-06,Lagos,48
2023-08-07,Lagos,206
2023-08-08,Lagos,0
2023-08-09,Lagos,96
2023-08-10,Lagos,63
2023-08-11,Lagos,76
2023-08-12,Lagos,52
2023-08-13,Lagos,66
2023-08-14,Lagos,83
2023-08-15,Lagos,175
2023-08-16,Lagos,79
2023-08-17,Lagos,121
2023-08-18,Lagos,3
2023-08-19,Lagos,52
2023-08-20,Lagos,137
2023-08-21,Lagos,121
2023-08-22,Lagos,114
2023-08-23,Lagos,190
2023-08-24,Lagos,120
2023-08-25,Lagos,103
2023-08-26,Lagos,101
2023-08-27,Lagos,135
2023-08-28,Lagos,169
2023-08-29,Lagos,109
2023-08-30,Lagos,93
2023-08-31,Lagos,71
2023-09-01,Lagos,135
2023-09-02,Lagos,342
2023-09-03,Lagos,245
2023-09-04,Lagos,112
2023-09-05,Lagos,167
2023-09-06,Lagos,199
2023-09-07,Lagos,96
2023-09-08,Lagos,60
2023-09-09,Lagos,82
2023-09-10,Lagos,100
2023-09-11,Lagos,94
2023-09-12,Lagos,87
2023-09-13,Lagos,118
2023-09-14,Lagos,88
2023-09-15,Lagos,190
2023-09-16,Lagos,128
2023-09-17,Lagos,150
2023-09-18,Lagos,78
2023-09-19,Lagos,52
2023-09-20,Lagos,0
2023-09-21,Lagos,111
2023-09-22,Lagos,145
2023-09-23,Lagos,147
2023-09-24,Lagos,136
2023-09-25,Lagos,90
2023-09-26,Lagos,168
2023-09-27,Lagos,226
2023-09-28,Lagos,146
2023-09-29,Lagos,120
2023-09-30,Lagos,271
2023-10-01,Lagos,114
2023-10-02,Lagos,128
2023-10-03,Lagos,174
2023-10-04,Lagos,128
2023-10-05,Lagos,85
2023-10-06,Lagos,211
2023-10-07,Lagos,108
2023-10-08,Lagos,145
2023-10-09,Lagos,128
2023-10-10,Lagos,113
2023-10-11,Lagos,48
2023-10-12,Lagos,116
2023-10-13,Lagos,71
2023-10-14,Lagos,38
2023-10-15,Lagos,171
2023-10-16,Lagos,119
2023-10-17,Lagos,108
2023-10-18,Lagos,119
2023-10-19,Lagos,82
2023-10-20,Lagos,158
2023-10-21,Lagos,106
2023-10-22,Lagos,98
2023-10-23,Lagos,140
2023-10-24,Lagos,104
2023-10-25,Lagos,174
2023-10-26,Lagos,157
2023-10-27,Lagos,22
2023-10-28,Lagos,206
2023-10-29,Lagos,136
2023-10-30,Lagos,140
2023-10-31,Lagos,98
2023-11-01,Lagos,38
2023-11-02,Lagos,141
2023-11-03,Lagos,124
2023-11-04,Lagos,25
2023-11-05,Lagos,47
2023-11-06,Lagos,123
2023-11-07,Lagos,0
2023-11-08,Lagos,178
2023-11-09,Lagos,141
2023-11-10,Lagos,101
2023-11-11,Lagos,115
2023-11-12,Lagos,86
2023-11-13,Lagos,56
2023-11-14,Lagos,165
2023-11-15,Lagos,133
2023-11-16,Lagos,108
2023-11-17,Lagos,150
2023-11-18,Lagos,151
2023-11-19,Lagos,145
2023-11-20,Lagos,96
2023-11-21,Lagos,63
2023-11-22,Lagos,92
2023-11-23,Lagos,111
2023-11-24,Lagos,168
2023-11-25,Lagos,81
2023-11-26,Lagos,141
2023-11-27,Lagos,124
2023-11-28,Lagos,146
2023-11-29,Lagos,131
2023-11-30,Lagos,151
2023-12-01,Lagos,121
2023-12-02,Lagos,132
2023-12-03,Lagos,37
2023-12-04,Lagos,255
2023-12-05,Lagos,104
2023-12-06,Lagos,0
2023-12-07,Lagos,108
2023-12-08,Lagos,200
2023-12-09,Lagos,84
2023-12-10,Lagos,129
2023-12-11,Lagos,0
2023-12-12,Lagos,68
2023-12-13,Lagos,150
2023-12-14,Lagos,0
2023-12-15,Lagos,76
2023-12-16,Lagos,217
2023-12-17,Lagos,74
2023-12-18,Lagos,197
2023-12-19,Lagos,150
2023-12-20,Lagos,45
2023-12-21,Lagos,110
2023-12-22,Lagos,138
2023-12-23,Lagos,173
2023-12-24,Lagos,149
2023-12-25,Lagos,165
2023-12-26,Lagos,86
2023-12-27,Lagos,273
2023-12-28,Lagos,96
2023-12-29,Lagos,374
2023-12-30,Lagos,94
2023-12-31,Lagos,126
