DeviceID,EnergyConsumption_kWh,DeviceStatus,SensorReading,Timestamp,CommandType,SoC,blockchain_event
Dev_3,3.520992398696752,0,22.61705683735906,2023-01-01 00:00:00,cmd_c,69.69547704953139,1
Dev_4,2.72687219508619,0,22.46978799072,2023-01-01 00:01:00,cmd_a,53.40890436809702,0
Dev_1,1.6166853198030062,0,29.06254580521037,2023-01-01 00:02:00,cmd_a,30.640135670277672,0
Dev_3,4.087595596564048,0,22.49546199849506,2023-01-01 00:03:00,cmd_c,81.31591451182307,0
Dev_3,3.455182745514009,1,22.71949726128631,2023-01-01 00:04:00,cmd_b,68.34579006911255,0
Dev_4,0.8968230027899674,1,27.59398262417964,2023-01-01 00:05:00,cmd_c,15.876514377992654,0
Dev_1,4.563543204019828,0,24.4973984245054,2023-01-01 00:06:00,cmd_c,91.07710087396318,0
Dev_1,4.130432490323528,1,27.767105569551813,2023-01-01 00:07:00,cmd_b,82.19445428513274,0
Dev_3,4.754019575130428,0,20.65366157564385,2023-01-01 00:08:00,cmd_c,94.98357151667459,0
Dev_2,3.656025591102964,1,24.875711936733843,2023-01-01 00:09:00,cmd_c,72.4648662333487,0
Dev_3,2.149390877824033,0,20.626532034553545,2023-01-01 00:11:00,cmd_b,41.56536808354115,0
Dev_3,4.670369568434665,1,29.06437453344411,2023-01-01 00:12:00,cmd_a,93.26799759265295,0
Dev_3,4.343713058552001,1,21.392453711175957,2023-01-01 00:13:00,cmd_a,86.56861509881996,0
Dev_4,0.3215714835203281,0,25.32420682275217,2023-01-01 00:14:00,cmd_b,4.078708912152823,0
Dev_1,0.2291981750365348,0,24.110956026007067,2023-01-01 00:15:00,cmd_a,2.184229215495162,0
Dev_4,1.9446704977024432,1,23.473433262588426,2023-01-01 00:16:00,cmd_c,37.366767751926574,0
Dev_4,4.071711320830981,1,28.998333456872725,2023-01-01 00:17:00,cmd_a,80.99014467239279,0
Dev_4,4.937653033643228,0,20.21823396775489,2023-01-01 00:18:00,cmd_c,98.74970119731239,0
Dev_3,0.8370427664072881,1,26.63789686175589,2023-01-01 00:19:00,cmd_a,14.650484413847204,0
Dev_1,1.9663651974920056,0,25.601681834618415,2023-01-01 00:21:00,cmd_a,37.811703296089966,0
Dev_2,4.852580549291556,0,29.36822462033092,2023-01-01 00:22:00,cmd_a,97.00495374814263,0
Dev_4,4.2263827233649724,0,20.52257879286024,2023-01-01 00:23:00,cmd_a,84.16229295379404,0
Dev_4,4.207810653084575,1,24.187933190741614,2023-01-01 00:24:00,cmd_b,83.78139926655228,0
Dev_2,2.3965964829953545,1,22.601577909620516,2023-01-01 00:25:00,cmd_a,46.635295831979505,0
Dev_2,2.13261556145456,1,27.308209649807296,2023-01-01 00:26:00,cmd_b,41.22132393498117,0
Dev_2,1.4396946524604608,1,29.812970904972467,2023-01-01 00:27:00,cmd_c,27.010242671076817,0
Dev_4,0.3762399335895429,1,22.56530062444248,2023-01-01 00:28:00,cmd_a,5.199901499100614,0
Dev_4,4.337139643649761,1,26.541746014740745,2023-01-01 00:29:00,cmd_b,86.43380125189375,0
Dev_1,4.083214944737381,1,21.9809763275974,2023-01-01 00:30:00,cmd_b,81.22607193630024,0
Dev_1,4.99861659910204,0,25.653302545716095,2023-01-01 00:31:00,cmd_a,100.0,0
Dev_4,4.983520501662136,1,24.639324866883364,2023-01-01 00:32:00,cmd_c,99.69039487089843,0
Dev_2,2.821615357452875,1,29.72005329631537,2023-01-01 00:33:00,cmd_b,55.351987282923176,0
Dev_2,3.8680383343845017,0,26.085272726964668,2023-01-01 00:34:00,cmd_a,76.81302528678387,0
Dev_1,4.729352076423897,1,23.49506372086819,2023-01-01 00:35:00,cmd_c,94.47766698392688,0
Dev_4,4.263272214319316,1,21.14095784887933,2023-01-01 00:36:00,cmd_b,84.91885773186844,0
Dev_1,1.3120056985416686,0,21.512468287349343,2023-01-01 00:37:00,cmd_b,24.391476117651383,0
Dev_1,2.3076662630194584,1,22.25316929951235,2023-01-01 00:38:00,cmd_c,44.81143027028217,0
Dev_3,0.7328811342423255,1,22.50966661340298,2023-01-01 00:39:00,cmd_c,12.514238559430646,0
Dev_3,4.77485003356774,1,28.50616057841138,2023-01-01 00:40:00,cmd_a,95.41078237692521,0
Dev_3,3.0702557088093125,0,25.61222788282525,2023-01-01 00:41:00,cmd_a,60.451340171179226,0
Dev_2,1.2203497469669675,1,25.233909113743664,2023-01-01 00:42:00,cmd_b,22.51170865899666,0
Dev_4,3.3913333535886983,1,21.147688718692173,2023-01-01 00:43:00,cmd_c,67.03630599160265,0
Dev_4,3.1288283782436896,0,28.60139693349435,2023-01-01 00:44:00,cmd_c,61.65260420343955,0
Dev_4,1.8549973183609187,1,27.22814303208484,2023-01-01 00:45:00,cmd_c,35.527664872688845,0
Dev_4,0.6564322017781822,0,20.676683619000016,2023-01-01 00:46:00,cmd_b,10.946351117032904,0
Dev_3,3.3907086584047184,0,27.078350972297685,2023-01-01 00:47:00,cmd_c,67.02349414841899,0
Dev_2,2.649507734428588,1,25.43538217342646,2023-01-01 00:48:00,cmd_c,51.82224040245145,0
Dev_2,3.884360119504633,0,20.817253457467785,2023-01-01 00:49:00,cmd_b,77.14776798498141,0
Dev_3,2.648801155448768,0,24.583006415286565,2023-01-01 00:50:00,cmd_a,51.807749208476416,0
Dev_2,4.275689351560847,1,24.84696287130047,2023-01-01 00:51:00,cmd_a,85.17352019639216,0
Dev_3,2.8043435099949794,0,21.65774540163276,2023-01-01 00:52:00,cmd_b,54.99775980238976,0
Dev_4,2.848596060523393,0,29.456981470002823,2023-01-01 00:53:00,cmd_c,55.90533321160791,0
Dev_3,4.3956026530258905,1,28.49975371480662,2023-01-01 00:54:00,cmd_b,87.63281627134624,0
Dev_4,2.0770660444407456,1,26.690223373291083,2023-01-01 00:55:00,cmd_a,40.08206158886444,0
Dev_4,0.7566746194081396,1,24.622955610006077,2023-01-01 00:56:00,cmd_a,13.002217990927015,0
Dev_1,0.2410351139353609,0,24.11765541584509,2023-01-01 00:57:00,cmd_b,2.426992420391495,0
Dev_3,3.8001725528007335,1,26.50973467150954,2023-01-01 00:58:00,cmd_b,75.42116926886492,0
Dev_1,3.139516801631977,0,25.454318694069052,2023-01-01 00:59:00,cmd_a,61.87181255951943,0
Dev_3,3.549990863686196,0,20.622731058818857,2023-01-01 01:00:00,cmd_b,70.29020515939854,0
Dev_3,1.1435243913936628,0,25.12502648770332,2023-01-01 01:01:00,cmd_a,20.936101173337892,0
Dev_1,0.7682202303751718,0,28.064036172328397,2023-01-01 01:02:00,cmd_b,13.239006365421451,1
Dev_1,0.1712688617726214,0,24.59239877596958,2023-01-01 01:03:00,cmd_b,0.9961597436838323,0
Dev_3,1.817879038152325,0,20.519565775542684,2023-01-01 01:04:00,cmd_b,34.766407866912466,0
Dev_2,2.9905966655877023,0,27.86278199384033,2023-01-01 01:05:00,cmd_a,58.81761672318784,0
Dev_4,2.021995820988689,1,22.013637821359744,2023-01-01 01:06:00,cmd_b,38.952629051124106,0
Dev_1,2.243627117916273,1,22.586208348880387,2023-01-01 01:07:00,cmd_a,43.49805455406449,0
Dev_4,4.530377603019367,0,21.64706353432296,2023-01-01 01:08:00,cmd_a,90.39690917406489,0
Dev_2,1.806451788414172,0,23.30215064871497,2023-01-01 01:09:00,cmd_b,34.5320469571117,0
Dev_2,2.618548496883073,1,27.56751505688635,2023-01-01 01:10:00,cmd_b,51.18729890347645,0
Dev_2,3.9398997624316014,0,25.193858595039373,2023-01-01 01:11:00,cmd_a,78.28682782393065,0
Dev_1,2.043059633374224,1,22.048812741507128,2023-01-01 01:12:00,cmd_a,39.38462575616368,0
Dev_2,3.1482248311165804,1,28.778300781520407,2023-01-01 01:13:00,cmd_c,62.05040511322634,0
Dev_1,4.325582172859051,1,28.795818549515293,2023-01-01 01:14:00,cmd_a,86.19676964485163,0
Dev_2,4.752651055922446,0,28.70578425046007,2023-01-01 01:15:00,cmd_c,94.95550462271395,0
Dev_4,0.8206600565522859,0,22.38796211381539,2023-01-01 01:16:00,cmd_c,14.314492213221627,0
Dev_4,4.640279363291323,1,24.51239344180988,2023-01-01 01:17:00,cmd_c,92.65087903700085,0
Dev_3,2.511369836089737,1,29.84989656140875,2023-01-01 01:18:00,cmd_b,48.98917695547284,0
Dev_4,1.365397502664896,1,27.720124763099903,2023-01-01 01:19:00,cmd_b,25.486486034906036,0
Dev_3,2.3497652055674805,1,20.2716742122556,2023-01-01 01:20:00,cmd_a,45.67483543804205,0
Dev_4,4.902159618898837,1,20.65204591260492,2023-01-01 01:21:00,cmd_c,98.02176847841345,0
Dev_1,2.513828660565061,0,24.63931376812333,2023-01-01 01:22:00,cmd_b,49.039604867199785,0
Dev_4,1.7108828904087905,1,29.0922020586156,2023-01-01 01:23:00,cmd_b,32.57202907018166,0
Dev_3,3.203664186151957,0,25.387017979527144,2023-01-01 01:24:00,cmd_b,63.1874081526784,0
Dev_3,1.2767135320131462,1,24.978125080342902,2023-01-01 01:25:00,cmd_b,23.667670788636052,0
Dev_2,0.4717303077324533,0,21.054736999566305,2023-01-01 01:26:00,cmd_b,7.158308943949542,0
Dev_1,0.7315106373621812,0,26.56780104724294,2023-01-01 01:27:00,cmd_c,12.486131105487699,0
Dev_4,0.727424610893085,0,28.221031606002256,2023-01-01 01:28:00,cmd_c,12.40233098711187,0
Dev_2,0.8443231982102424,0,23.804200075075624,2023-01-01 01:29:00,cmd_c,14.799798436046782,0
Dev_4,0.7802531459821097,0,27.75611850925328,2023-01-01 01:30:00,cmd_c,13.485788847104875,0
Dev_4,3.240286249535752,0,29.64476653900812,2023-01-01 01:31:00,cmd_a,63.938488271698745,0
Dev_2,0.9912124135558096,1,22.03766459127689,2023-01-01 01:32:00,cmd_c,17.81234221842062,0
Dev_2,1.7937696882869298,0,25.233296311947413,2023-01-01 01:33:00,cmd_b,34.27195038163553,0
Dev_2,4.494263208539458,1,22.871379580845755,2023-01-01 01:34:00,cmd_c,89.6562408119343,0
Dev_2,2.422412037288075,0,27.928544190338396,2023-01-01 01:35:00,cmd_a,47.16474578097752,0
Dev_2,3.3710329187530337,0,25.77593365881157,2023-01-01 01:36:00,cmd_b,66.61996535965228,0
Dev_4,0.9443673688879862,1,26.34582417550304,2023-01-01 01:37:00,cmd_c,16.851599472827797,0
Dev_2,1.0422161921624868,0,27.97914159615894,2023-01-01 01:38:00,cmd_c,18.858376236354765,0
Dev_1,0.3002562197057464,1,23.959704726624548,2023-01-01 01:39:00,cmd_c,3.641555201969198,0
Dev_3,0.9277818090536064,1,29.150900684070432,2023-01-01 01:40:00,cmd_b,16.51144703182861,0
Dev_2,1.4650926612565975,1,25.3302886724614,2023-01-01 01:41:00,cmd_b,27.531129199767683,0
Dev_2,0.9673513729560594,1,21.57954822835348,2023-01-01 01:42:00,cmd_a,17.322977295811167,0
Dev_4,0.5346424154095726,0,26.958991181688024,2023-01-01 01:43:00,cmd_b,8.448570304341912,0
Dev_2,0.691115768392944,0,27.932613504382545,2023-01-01 01:44:00,cmd_b,11.657674699979681,0
Dev_2,2.3578159633603564,1,23.167616770675263,2023-01-01 01:45:00,cmd_c,45.839948038550325,0
Dev_2,1.1110352201883835,0,28.57179256998753,2023-01-01 01:46:00,cmd_b,20.269782339251364,0
Dev_4,1.88492231913557,0,29.061432547657663,2023-01-01 01:47:00,cmd_c,36.141395259968284,0
Dev_2,2.566744627188799,1,22.76904487377809,2023-01-01 01:48:00,cmd_c,50.12485585629124,0
Dev_3,3.4829346602838904,0,29.83521472715222,2023-01-01 01:49:00,cmd_b,68.9149527410779,0
Dev_4,0.2926294852213848,1,21.407115280487584,2023-01-01 01:50:00,cmd_a,3.485138874898301,0
Dev_3,4.017110954654309,1,22.0201566840249,2023-01-01 01:51:00,cmd_a,79.87034841469,0
Dev_4,3.1767119085054483,0,21.842248392380263,2023-01-01 01:52:00,cmd_b,62.63464519963392,0
Dev_2,0.5006192565494724,0,28.939897100078703,2023-01-01 01:53:00,cmd_a,7.750790991956162,0
Dev_3,4.380535258123208,0,26.542925523249615,2023-01-01 01:54:00,cmd_c,87.32379980118633,0
Dev_4,4.612274762605884,1,21.52104283222273,2023-01-01 01:55:00,cmd_c,92.07653404186757,0
Dev_1,0.3992820032888324,1,24.40323418368349,2023-01-01 01:56:00,cmd_b,5.672470187294061,0
Dev_2,1.4567004759212985,0,26.152980250698025,2023-01-01 01:57:00,cmd_a,27.35901427837671,0
Dev_4,4.050386270986,0,20.834640849893837,2023-01-01 01:58:00,cmd_a,80.55279026098707,0
Dev_1,3.7664724828799274,0,28.824163684073387,2023-01-01 01:59:00,cmd_c,74.7300161718411,0
Dev_4,1.004152994846249,0,28.036035354415358,2023-01-01 02:00:00,cmd_b,18.07773997151709,0
Dev_1,1.1258116843498809,1,25.052067735766386,2023-01-01 02:01:00,cmd_a,20.572832124972287,0
Dev_2,1.915313303677772,0,29.671266152591706,2023-01-01 02:02:00,cmd_b,36.76468248570125,1
Dev_3,2.4741626274360047,1,24.177609792751,2023-01-01 02:03:00,cmd_a,48.22609612053482,0
Dev_1,3.1294483804984505,1,29.841103190364976,2023-01-01 02:04:00,cmd_c,61.66531979956581,0
Dev_4,1.907676833891885,0,26.67919998803627,2023-01-01 02:05:00,cmd_c,36.60806649780426,0
Dev_2,2.366420109052425,0,26.346712732539416,2023-01-01 02:06:00,cmd_b,46.01641004460231,0
Dev_1,3.762607596855408,0,21.65954895295785,2023-01-01 02:07:00,cmd_c,74.65075141210119,0
Dev_4,0.2797476941639297,1,28.81927758304644,2023-01-01 02:08:00,cmd_a,3.2209468478343726,0
Dev_4,1.336941027285702,0,24.274896879206157,2023-01-01 02:09:00,cmd_c,24.902873563628365,0
Dev_4,3.595412970834307,0,21.622334057824794,2023-01-01 02:10:00,cmd_b,71.22176494851881,0
Dev_1,4.486513504667276,1,20.12607519975759,2023-01-01 02:11:00,cmd_b,89.49730251166184,0
Dev_1,2.6072194663667645,0,25.597556836383824,2023-01-01 02:12:00,cmd_b,50.9549523669255,0
Dev_1,2.707356077800047,1,25.273996221226763,2023-01-01 02:13:00,cmd_a,53.00864926667155,0
Dev_3,0.6251428555649027,0,27.193536223691588,2023-01-01 02:14:00,cmd_a,10.304639435425763,0
Dev_1,2.292320597434928,1,28.90258053017802,2023-01-01 02:15:00,cmd_a,44.49670676022524,0
Dev_1,2.709824605629614,0,20.794065846430296,2023-01-01 02:16:00,cmd_a,53.05927618401931,0
Dev_1,1.2881054678101755,0,27.314964903403624,2023-01-01 02:17:00,cmd_a,23.901307446533675,0
Dev_3,1.419291831651967,1,21.87411944097582,2023-01-01 02:18:00,cmd_c,26.591802210183097,0
Dev_1,1.9486923992126512,1,28.58177053157164,2023-01-01 02:19:00,cmd_a,37.44925273463544,0
Dev_4,0.1983488691108592,0,28.19063513861656,2023-01-01 02:20:00,cmd_a,1.5515422987715166,0
Dev_1,1.6781879113575735,1,25.407937549855443,2023-01-01 02:21:00,cmd_c,31.901489332979914,0
Dev_4,1.136095234283069,1,27.10242798623312,2023-01-01 02:22:00,cmd_a,20.783736951028274,0
Dev_4,1.704737025671782,1,23.14350113183748,2023-01-01 02:23:00,cmd_b,32.44598382882593,0
Dev_4,0.686834445914331,1,24.711678989328146,2023-01-01 02:24:00,cmd_a,11.569869265231185,0
Dev_3,4.463583675625485,0,28.216368977104715,2023-01-01 02:25:00,cmd_a,89.02703576166094,0
Dev_3,3.008603022414839,0,24.59265197173214,2023-01-01 02:26:00,cmd_b,59.18690822069621,0
Dev_3,3.4276013638079994,1,23.577982653254416,2023-01-01 02:27:00,cmd_b,67.78012485147052,0
Dev_1,3.966939069175958,1,24.942124472503,2023-01-01 02:28:00,cmd_b,78.84137565251545,0
Dev_4,2.542366774752381,1,28.282492524372184,2023-01-01 02:29:00,cmd_b,49.62489166482771,0
Dev_3,0.5259094116283761,1,23.352080473708728,2023-01-01 02:30:00,cmd_a,8.269465553999297,0
Dev_3,2.7318220549108845,0,21.73761593135744,2023-01-01 02:31:00,cmd_b,53.51042080280208,0
Dev_1,2.975521478302308,0,27.120140203307805,2023-01-01 02:32:00,cmd_b,58.508440439429386,0
Dev_3,3.7526534235032174,1,28.25978212708082,2023-01-01 02:33:00,cmd_c,74.4466017543454,0
Dev_1,2.2151317765254293,1,21.006374785235334,2023-01-01 02:34:00,cmd_b,42.91364498164181,0
Dev_2,0.7251434836982624,1,22.398741127559447,2023-01-01 02:35:00,cmd_b,12.355547460279084,0
Dev_3,1.49050193841375,0,21.419719897609937,2023-01-01 02:36:00,cmd_c,28.052246830727263,0
Dev_2,1.879103252353312,1,23.479414115821665,2023-01-01 02:37:00,cmd_c,36.02205230199231,0
Dev_1,3.2649944825248465,0,24.503509789054128,2023-01-01 02:38:00,cmd_a,64.44522822186886,0
Dev_4,2.8968136928776684,1,27.488263369633064,2023-01-01 02:39:00,cmd_c,56.894226291388684,0
Dev_3,1.8448739568994468,0,26.51147584881674,2023-01-01 02:40:00,cmd_a,35.32004534421812,0
Dev_1,4.9339247190856,1,26.20928567478431,2023-01-01 02:41:00,cmd_c,98.673237375153,0
Dev_4,3.068296614848747,0,23.523749466096543,2023-01-01 02:42:00,cmd_c,60.41116120830504,0
Dev_4,1.262411279506373,1,28.4144755308476,2023-01-01 02:43:00,cmd_a,23.374346586707023,0
Dev_2,0.5987341158399784,1,24.712871673981645,2023-01-01 02:44:00,cmd_c,9.763023875212678,0
Dev_1,0.849009782003227,1,29.791049380151545,2023-01-01 02:45:00,cmd_a,14.895915355406144,0
Dev_4,1.30519286908409,0,26.341421382957368,2023-01-01 02:46:00,cmd_c,24.251752129239314,0
Dev_3,0.8873387289718229,1,21.262647415645027,2023-01-01 02:47:00,cmd_b,15.682001866955234,0
Dev_3,1.0141784178513984,0,26.761775620754342,2023-01-01 02:48:00,cmd_c,18.28335088494445,0
Dev_2,1.496966326599851,0,23.25104015431699,2023-01-01 02:49:00,cmd_a,28.18482465402814,0
Dev_4,0.9495306169442986,1,26.86327196686097,2023-01-01 02:50:00,cmd_c,16.957492276409766,0
Dev_1,4.494150580669484,1,20.696411481624057,2023-01-01 02:51:00,cmd_a,89.65393093241993,0
Dev_3,0.4931453537420468,1,21.748814371759597,2023-01-01 02:52:00,cmd_a,7.597509082323743,0
Dev_4,2.670105808894248,0,28.557372589057863,2023-01-01 02:53:00,cmd_b,52.24468531111553,0
Dev_4,2.110944452249341,1,22.27179557023515,2023-01-01 02:54:00,cmd_b,40.77687220896617,0
Dev_2,4.913655222852172,0,28.3704112524294,2023-01-01 02:55:00,cmd_a,98.25753126149306,0
Dev_3,0.6489906206234565,0,22.792760884544105,2023-01-01 02:56:00,cmd_c,10.79373209060568,0
Dev_3,2.049492435324134,1,26.42881910058708,2023-01-01 02:57:00,cmd_a,39.516555778880814,0
Dev_1,4.850405123049307,1,26.94150573509831,2023-01-01 02:58:00,cmd_a,96.96033803701175,0
Dev_3,4.340984916880504,1,25.12654753145053,2023-01-01 02:59:00,cmd_c,86.5126637737988,0
Dev_1,4.103653147651472,1,23.053106766967318,2023-01-01 03:00:00,cmd_c,81.64523804707898,0
Dev_3,1.3637238525202051,1,22.12644376371096,2023-01-01 03:01:00,cmd_c,25.452161225386185,0
Dev_2,0.9373491782113226,1,20.33189354562426,2023-01-01 03:02:00,cmd_c,16.70766374114894,1
Dev_3,3.3763517776297123,0,23.03946401240724,2023-01-01 03:03:00,cmd_a,66.72904957799034,0
Dev_1,4.65394234672517,0,26.53162790531283,2023-01-01 03:04:00,cmd_a,92.93109250056575,0
Dev_1,2.8281381757682564,0,29.383048184484828,2023-01-01 03:05:00,cmd_b,55.485763446907235,0
Dev_2,2.900902178402509,1,28.71204482263052,2023-01-01 03:06:00,cmd_a,56.97807684241932,0
Dev_3,1.4718975589353926,0,27.660647765353023,2023-01-01 03:07:00,cmd_c,27.670690515713968,0
Dev_3,3.870515372640491,0,27.884473432532985,2023-01-01 03:08:00,cmd_b,76.86382674405374,0
Dev_2,1.016514367931865,0,26.649849034759956,2023-01-01 03:09:00,cmd_c,18.331258771675884,0
Dev_3,1.6860282583807942,0,22.60286857566003,2023-01-01 03:10:00,cmd_a,32.06228662923404,0
Dev_3,2.1846385492204425,0,29.071950307058295,2023-01-01 03:11:00,cmd_b,42.28826086405334,0
Dev_1,2.58729085555383,1,26.70732311905834,2023-01-01 03:12:00,cmd_c,50.54623745579594,0
Dev_3,1.2878076888338934,1,25.6044063098044,2023-01-01 03:13:00,cmd_b,23.89520031197373,0
Dev_3,0.6627004412220974,0,21.10989469213481,2023-01-01 03:14:00,cmd_b,11.074906135308227,0
Dev_2,3.092038207964,0,24.47055543806425,2023-01-01 03:15:00,cmd_a,60.8980763882571,0
Dev_2,1.5142897108772535,0,24.60358271201926,2023-01-01 03:16:00,cmd_c,28.54010910068944,0
Dev_4,2.9480672849708003,1,28.6456360952267,2023-01-01 03:17:00,cmd_b,57.945383721981834,0
Dev_1,0.8563773048435913,1,25.466482201877884,2023-01-01 03:18:00,cmd_b,15.047015523461516,0
Dev_3,2.457586499088606,0,23.804005489704096,2023-01-01 03:19:00,cmd_c,47.886137109443986,0
Dev_3,2.709688219502771,1,29.768003285106595,2023-01-01 03:20:00,cmd_b,53.05647904756885,0
Dev_4,0.3539353304298919,1,21.10720593326316,2023-01-01 03:21:00,cmd_b,4.742457476346154,0
Dev_3,1.749360963150211,0,24.22548428311945,2023-01-01 03:22:00,cmd_b,33.36117399496182,0
Dev_1,0.7586319170009738,1,20.420246751714053,2023-01-01 03:23:00,cmd_c,13.042360112182655,0
Dev_4,0.410537355316562,1,27.399041207669303,2023-01-01 03:24:00,cmd_c,5.9033056553016765,0
Dev_1,4.950805138710732,0,29.180765521991507,2023-01-01 03:25:00,cmd_c,99.0194370812779,0
Dev_4,1.6795338403761428,1,22.80037329550489,2023-01-01 03:26:00,cmd_c,31.92909292584321,0
Dev_4,4.068384784687711,1,28.58341676799121,2023-01-01 03:27:00,cmd_a,80.92192090421707,0
Dev_2,1.347739208342443,0,22.92218230461898,2023-01-01 03:28:00,cmd_b,25.124332934399074,0
Dev_1,3.439363338897253,1,29.10770161643915,2023-01-01 03:29:00,cmd_c,68.0213506272377,0
Dev_3,3.8251165134594647,1,27.53961903596784,2023-01-01 03:30:00,cmd_b,75.93274374636113,0
Dev_3,3.018629828978437,0,28.049067768414385,2023-01-01 03:31:00,cmd_b,59.392547509456584,0
Dev_1,2.4107233238957764,0,20.180065556004543,2023-01-01 03:32:00,cmd_a,46.9250225257945,0
Dev_3,2.118020479321616,0,29.628103570740254,2023-01-01 03:33:00,cmd_c,40.921994104473214,0
Dev_3,1.8094545060606773,1,27.26670992070323,2023-01-01 03:34:00,cmd_c,34.593629547466776,0
Dev_1,4.654692806814347,0,23.04751095386133,2023-01-01 03:35:00,cmd_b,92.94648365008106,0
Dev_4,4.170035098159873,1,28.29394664858847,2023-01-01 03:36:00,cmd_c,83.00666224555037,0
Dev_1,4.828631862265912,0,22.8152119841493,2023-01-01 03:37:00,cmd_b,96.51379128924195,0
Dev_4,0.7090563950791692,1,28.72753839566128,2023-01-01 03:38:00,cmd_b,12.025618141220951,0
Dev_3,3.681250628497857,0,21.12580390411937,2023-01-01 03:39:00,cmd_a,72.98220529997354,0
Dev_3,4.697868238423085,0,27.03685977460796,2023-01-01 03:40:00,cmd_a,93.83196647969669,0
Dev_3,0.9880420242117348,0,25.406984766449103,2023-01-01 03:41:00,cmd_a,17.747320857364755,0
Dev_2,0.4258317100972097,0,20.965344701954407,2023-01-01 03:42:00,cmd_b,6.216976834574202,0
Dev_4,3.7314911815212897,1,22.41893828258839,2023-01-01 03:43:00,cmd_c,74.01258636149464,0
Dev_2,2.9149182545815684,0,20.124040362773147,2023-01-01 03:44:00,cmd_a,57.2655318679443,0
Dev_2,4.224961006115533,0,24.68767965464506,2023-01-01 03:45:00,cmd_c,84.13313502378526,0
Dev_1,0.7848846454688185,1,23.012652607600003,2023-01-01 03:46:00,cmd_a,13.580776045102546,0
Dev_2,3.9968098281134634,0,25.98357484297759,2023-01-01 03:47:00,cmd_a,79.45399359659166,0
Dev_1,1.0879738682339484,1,22.972378077086173,2023-01-01 03:48:00,cmd_b,19.79681819222377,0
Dev_1,0.901914120041952,0,22.99919111506985,2023-01-01 03:49:00,cmd_a,15.98092785441242,0
Dev_2,0.9049024098618654,0,27.431931987316037,2023-01-01 03:50:00,cmd_a,16.042214545172747,0
Dev_4,4.091416129133773,0,20.481428359783536,2023-01-01 03:51:00,cmd_b,81.39426962871306,0
Dev_4,3.359466381411381,1,29.02894995191987,2023-01-01 03:52:00,cmd_c,66.38274780715724,0
Dev_4,2.663020581368685,0,28.522638743911813,2023-01-01 03:53:00,cmd_a,52.099374723958924,0
Dev_4,1.8582693722051624,0,26.678046832264062,2023-01-01 03:54:00,cmd_b,35.59477126604031,0
Dev_4,4.398282649984231,0,25.932215701073844,2023-01-01 03:55:00,cmd_a,87.6877801987839,0
Dev_2,2.0229810263709136,1,28.923024981396523,2023-01-01 03:56:00,cmd_b,38.97283458045177,0
Dev_2,4.101337253410728,1,21.853301795287145,2023-01-01 03:57:00,cmd_c,81.59774148459019,0
Dev_3,2.2517610519940705,0,20.78969162190829,2023-01-01 03:58:00,cmd_c,43.66487301295992,0
Dev_4,1.9470277041820476,1,22.39510169909538,2023-01-01 03:59:00,cmd_b,37.415111585115405,0
Dev_2,2.367130949781072,0,27.945782787001903,2023-01-01 04:00:00,cmd_b,46.030988642577015,0
Dev_3,1.5767515834042964,0,20.346702667264832,2023-01-01 04:01:00,cmd_b,29.821136610259074,0
Dev_4,3.763285962863631,0,25.828068350834897,2023-01-01 04:02:00,cmd_c,74.66466398761217,1
Dev_1,2.563329911453148,0,29.9543751619131,2023-01-01 04:03:00,cmd_a,50.0548236171387,0
Dev_3,1.237842206219405,0,28.556960938375397,2023-01-01 04:04:00,cmd_c,22.870460656108126,0
Dev_2,4.507915409045386,0,25.21445689043589,2023-01-01 04:05:00,cmd_b,89.93623312895429,0
Dev_1,1.981066984728736,0,20.636409092866423,2023-01-01 04:06:00,cmd_b,38.11322153638828,0
Dev_1,2.7634090194585443,1,28.313735143857095,2023-01-01 04:07:00,cmd_c,54.15823632437221,0
Dev_1,4.54171334372628,1,25.989785081772105,2023-01-01 04:08:00,cmd_b,90.62939332958898,0
Dev_3,3.1587661799785614,1,21.14932997059567,2023-01-01 04:09:00,cmd_c,62.26659712499034,0
Dev_2,0.6728003994709839,1,20.93857284823356,2023-01-01 04:10:00,cmd_b,11.282045688428841,0
Dev_1,4.705177405706028,1,29.096268194365926,2023-01-01 04:11:00,cmd_a,93.98186983645952,0
Dev_4,3.175769460049948,1,26.692002629380784,2023-01-01 04:12:00,cmd_a,62.61531657003954,0
Dev_1,1.7410375118197223,1,28.292867993167555,2023-01-01 04:13:00,cmd_b,33.19046873593675,0
Dev_1,0.7824331560505976,0,28.789789002822676,2023-01-01 04:14:00,cmd_c,13.530498567705433,0
Dev_3,3.9907234274244505,0,25.717723520483226,2023-01-01 04:15:00,cmd_a,79.32916790050781,0
Dev_3,3.138356504049717,0,25.17446351755041,2023-01-01 04:16:00,cmd_c,61.84801607276634,0
Dev_2,2.713959350683976,0,24.304274103209902,2023-01-01 04:17:00,cmd_b,53.144075469493856,0
Dev_4,4.480073656949693,1,23.169465877911197,2023-01-01 04:18:00,cmd_c,89.36522798763774,0
Dev_3,3.964126335000201,1,24.345959608587115,2023-01-01 04:19:00,cmd_a,78.78368942393351,0
Dev_1,0.8432069106904808,0,27.73879655730156,2023-01-01 04:20:00,cmd_c,14.776904549527694,0
Dev_2,1.6274381321981866,0,26.019234310151315,2023-01-01 04:21:00,cmd_c,30.860664577372216,0
Dev_1,1.3175967850908823,1,28.92523289954846,2023-01-01 04:22:00,cmd_b,24.506143440101997,0
Dev_1,3.7453368336061175,0,24.43380014379188,2023-01-01 04:23:00,cmd_b,74.29654616754937,0
Dev_3,0.264308930205319,0,26.07089578718754,2023-01-01 04:24:00,cmd_b,2.9043139877456854,0
Dev_2,2.892459455869451,0,26.31307553091989,2023-01-01 04:25:00,cmd_a,56.80492545609437,0
Dev_4,3.836047560129384,0,25.91697162306325,2023-01-01 04:26:00,cmd_a,76.15692805153856,0
Dev_4,4.3961516201325725,1,27.02633773085516,2023-01-01 04:27:00,cmd_b,87.64407501107108,0
Dev_3,1.7762005687079467,0,22.374334683748064,2023-01-01 04:28:00,cmd_b,33.91162616161071,0
Dev_3,4.124160792892863,0,25.123637775457908,2023-01-01 04:29:00,cmd_a,82.06582834717513,0
Dev_2,0.6420955110805154,1,21.04224802808348,2023-01-01 04:30:00,cmd_a,10.652320623919673,0
Dev_4,4.24761622949914,1,23.845113276448124,2023-01-01 04:31:00,cmd_a,84.59776989968144,0
Dev_4,0.7246944454267139,0,24.876670686212645,2023-01-01 04:32:00,cmd_a,12.346338156179943,0
Dev_4,2.0467077237458,1,26.522242595454724,2023-01-01 04:33:00,cmd_b,39.45944426438821,0
Dev_1,4.006747292319813,0,29.50531052586204,2023-01-01 04:34:00,cmd_a,79.65780056728704,0
Dev_4,0.8345953940089915,0,26.00651066548356,2023-01-01 04:35:00,cmd_b,14.600291372211732,0
Dev_1,1.2233318366399435,1,27.4359391617656,2023-01-01 04:36:00,cmd_c,22.572868191244623,0
Dev_2,3.639037585126025,0,25.06266059495203,2023-01-01 04:37:00,cmd_c,72.1164600439606,0
Dev_1,3.6281790290757647,0,26.341040313763315,2023-01-01 04:38:00,cmd_a,71.89376244538053,0
Dev_2,3.241623401137957,0,20.70932216133773,2023-01-01 04:39:00,cmd_c,63.96591184895619,0
Dev_4,3.5003473778887906,0,22.54391580841847,2023-01-01 04:40:00,cmd_c,69.27206932061347,0
Dev_4,2.7593497724032217,1,23.618530932051385,2023-01-01 04:41:00,cmd_c,54.07498542369266,0
Dev_2,1.333815388644069,1,24.72493355006513,2023-01-01 04:42:00,cmd_a,24.83876999255511,0
Dev_3,1.7939103681692057,0,20.45648745502384,2023-01-01 04:43:00,cmd_a,34.27483557850759,0
Dev_2,0.9898288123269858,1,21.400240975533176,2023-01-01 04:44:00,cmd_c,17.78396600802715,0
Dev_3,4.5514077505347785,0,22.76814307791306,2023-01-01 04:45:00,cmd_b,90.82821544791835,0
Dev_1,2.9586197943539907,0,29.715326909010507,2023-01-01 04:46:00,cmd_c,58.1618046243332,0
Dev_1,2.064171942141836,0,23.31347007103051,2023-01-01 04:47:00,cmd_a,39.817617071147545,0
Dev_1,2.36382843785625,0,24.820410581120825,2023-01-01 04:48:00,cmd_a,45.963257585930464,0
Dev_4,4.741688364097895,0,21.96097712738393,2023-01-01 04:49:00,cmd_a,94.73067130859734,0
Dev_1,0.851421875268793,1,26.107800710757683,2023-01-01 04:50:00,cmd_c,14.945384859022129,0
Dev_3,2.972526176882307,0,22.806832155159743,2023-01-01 04:51:00,cmd_b,58.44700994810344,0
Dev_1,2.578854526533884,1,22.069925784384267,2023-01-01 04:52:00,cmd_a,50.37321719372082,0
Dev_2,3.096125753629775,1,25.16572628445979,2023-01-01 04:53:00,cmd_a,60.98190766376382,0
Dev_2,0.1887399007221185,0,20.055057991604208,2023-01-01 04:54:00,cmd_c,1.3544724328427844,0
Dev_4,4.373407153826342,0,20.076640326492253,2023-01-01 04:55:00,cmd_b,87.17760985640979,0
Dev_2,4.667379584169701,0,22.19068809101858,2023-01-01 04:56:00,cmd_c,93.20667615060138,0
Dev_3,2.869152599587124,0,20.36721362500821,2023-01-01 04:57:00,cmd_a,56.32692627273141,0
Dev_1,3.5135890369967724,0,21.080257541306917,2023-01-01 04:58:00,cmd_b,69.54364186404504,0
Dev_4,4.6202469677687485,1,23.38860649338752,2023-01-01 04:59:00,cmd_b,92.24003561030264,0
Dev_1,3.5654693081356537,0,28.025856795798127,2023-01-01 05:00:00,cmd_a,70.60765182474651,0
Dev_1,0.8474413102798807,0,25.720486433693008,2023-01-01 05:01:00,cmd_b,14.8637476450206,0
Dev_3,2.923812964817385,1,25.126677259564165,2023-01-01 05:02:00,cmd_b,57.447953048109824,1
Dev_2,3.0729037272759943,1,22.934888232081217,2023-01-01 05:03:00,cmd_c,60.50564825328482,0
Dev_2,2.178240289381692,0,29.317537194328164,2023-01-01 05:04:00,cmd_a,42.15703926381609,0
Dev_1,3.7085767545611423,1,23.970150412371915,2023-01-01 05:05:00,cmd_a,73.54263549203802,0
Dev_4,4.678398372368172,0,20.87092766795772,2023-01-01 05:06:00,cmd_a,93.43265994252586,0
Dev_2,4.635285713243204,1,26.17066516117801,2023-01-01 05:07:00,cmd_a,92.54846451073068,0
Dev_4,2.309112919880248,1,21.13838393476601,2023-01-01 05:08:00,cmd_a,44.8410996855687,0
Dev_2,0.6548664246197008,0,23.452231428016923,2023-01-01 05:09:00,cmd_b,10.914238669347286,0
Dev_4,4.925721874915439,1,25.074119387178087,2023-01-01 05:10:00,cmd_c,98.50500564252059,0
Dev_3,4.210600623585077,1,28.74222524685176,2023-01-01 05:11:00,cmd_a,83.83861863602418,0
Dev_4,0.7108471378960075,1,24.935465803401183,2023-01-01 05:12:00,cmd_c,12.062344398666097,0
Dev_3,4.6121252248251245,1,27.02258766031664,2023-01-01 05:13:00,cmd_c,92.07346717878578,0
Dev_3,4.362492174104428,1,29.928168389990702,2023-01-01 05:14:00,cmd_b,86.95375506748854,0
Dev_4,2.6423064799177536,1,21.31489119897981,2023-01-01 05:15:00,cmd_a,51.67455022348991,0
Dev_3,2.9972496351501534,0,22.7473152551952,2023-01-01 05:16:00,cmd_b,58.95406215277593,0
Dev_1,2.0551132489636386,0,23.945760755976465,2023-01-01 05:17:00,cmd_a,39.631832772782204,0
Dev_3,0.3683320302279536,1,24.218281785388317,2023-01-01 05:18:00,cmd_b,5.037718693184441,0
Dev_2,1.7424664840649149,0,24.11021075265546,2023-01-01 05:19:00,cmd_c,33.21977545830103,0
Dev_4,4.033981898130256,0,29.076110025565548,2023-01-01 05:20:00,cmd_a,80.21635377493156,0
Dev_1,0.122696912722554,0,27.140326444668563,2023-01-01 05:21:00,cmd_c,0.0,0
Dev_4,1.7341459412866067,1,26.07905214090704,2023-01-01 05:22:00,cmd_c,33.049129850631346,0
Dev_2,2.051026598595622,0,23.09372717862782,2023-01-01 05:23:00,cmd_b,39.54801985889374,0
Dev_2,2.7332384543958224,1,28.237903842212948,2023-01-01 05:24:00,cmd_a,53.53946967103702,0
Dev_2,4.607292520422527,0,29.550605114849887,2023-01-01 05:25:00,cmd_c,91.97435347894168,0
Dev_3,1.7970953723932104,1,28.211982825502265,2023-01-01 05:26:00,cmd_b,34.34015667542602,0
Dev_3,1.800070689291516,1,20.01565105191473,2023-01-01 05:27:00,cmd_a,34.40117730516725,0
Dev_4,3.713756115737768,0,26.364013701834068,2023-01-01 05:28:00,cmd_a,73.64885875882179,0
Dev_4,2.3158679103600552,0,20.511353814421007,2023-01-01 05:29:00,cmd_c,44.97963745719518,0
Dev_1,1.2005636324059117,1,22.57607220333722,2023-01-01 05:30:00,cmd_a,22.105916196575123,0
Dev_1,2.316953629050198,0,20.59524700347772,2023-01-01 05:31:00,cmd_c,45.0019044090725,0
Dev_4,0.7901993998610193,0,26.03795452949388,2023-01-01 05:32:00,cmd_a,13.689776084767827,0
Dev_3,0.9642962338804942,0,26.865899134926067,2023-01-01 05:33:00,cmd_b,17.260319596913877,0
Dev_2,2.542002086423451,1,21.144876380659053,2023-01-01 05:34:00,cmd_c,49.61741228960443,0
Dev_4,2.152734702572285,1,23.838388830449794,2023-01-01 05:35:00,cmd_c,41.63394642287666,0
Dev_1,4.5827449152336905,0,24.56236508955542,2023-01-01 05:36:00,cmd_a,91.47090783652455,0
Dev_3,1.8757301056715023,0,23.690530217609165,2023-01-01 05:37:00,cmd_a,35.95287260054579,0
Dev_4,2.9448829163624133,0,21.21025000485193,2023-01-01 05:38:00,cmd_c,57.88007566087323,0
Dev_4,3.1980950108057,1,24.189477901874756,2023-01-01 05:39:00,cmd_a,63.0731902060249,0
Dev_3,0.1641628372828348,1,27.51178047808418,2023-01-01 05:40:00,cmd_b,0.8504226325981686,0
Dev_4,3.3513331228818823,0,20.71007664533256,2023-01-01 05:41:00,cmd_a,66.21594320304905,0
Dev_3,0.972376237661782,0,20.801800140819036,2023-01-01 05:42:00,cmd_b,17.426032001977866,0
Dev_2,4.80924455560033,0,23.54771291835984,2023-01-01 05:43:00,cmd_b,96.11617795857657,0
Dev_3,0.8284473659902535,0,29.41725711618925,2023-01-01 05:44:00,cmd_b,14.474201764216094,0
Dev_3,2.1316582062624163,0,26.68572646722914,2023-01-01 05:45:00,cmd_b,41.20168958384905,0
Dev_3,0.5182133735853549,0,26.78669956672565,2023-01-01 05:46:00,cmd_b,8.111627883610272,0
Dev_4,4.984683834045142,1,23.61919990837865,2023-01-01 05:47:00,cmd_a,99.71425359823259,0
Dev_4,2.560755550623089,0,25.936607912085385,2023-01-01 05:48:00,cmd_b,50.00202617592468,0
Dev_3,3.017386584868215,1,20.101311840277432,2023-01-01 05:49:00,cmd_a,59.367049876390666,0
Dev_4,0.4286747392032947,0,26.36096046409542,2023-01-01 05:50:00,cmd_b,6.2752843804106675,0
Dev_1,3.774806304955972,0,29.13286947576237,2023-01-01 05:51:00,cmd_c,74.900934123983,0
Dev_1,1.1285374061683704,1,26.125734683448197,2023-01-01 05:52:00,cmd_b,20.628733821345662,0
Dev_4,4.500466018259497,1,28.73698593466345,2023-01-01 05:53:00,cmd_c,89.78345393518092,0
Dev_4,1.105184238361835,1,27.239730554660937,2023-01-01 05:54:00,cmd_b,20.149784837182313,0
Dev_3,1.0343698312519662,1,21.205584164036903,2023-01-01 05:55:00,cmd_b,18.697455601578135,0
Dev_2,0.2790933724556649,0,29.024533072858414,2023-01-01 05:56:00,cmd_b,3.207527395703268,0
Dev_4,2.4131280310389966,1,20.66443844355775,2023-01-01 05:57:00,cmd_c,46.97434054778608,0
Dev_1,2.8677215529868207,0,25.33967472547764,2023-01-01 05:58:00,cmd_c,56.29757700751893,0
Dev_3,0.4219723331989266,1,21.421371237934576,2023-01-01 05:59:00,cmd_b,6.13782506123667,0
Dev_4,3.900085321805552,0,20.11706610730904,2023-01-01 06:00:00,cmd_a,77.47027539511873,0
Dev_1,2.321115290265336,0,24.22034260127639,2023-01-01 06:01:00,cmd_b,45.08725571678094,0
Dev_1,2.6695123197051425,0,22.950407076541563,2023-01-01 06:02:00,cmd_c,52.23251347016492,1
Dev_2,2.2597374599973183,0,24.86000493797603,2023-01-01 06:03:00,cmd_b,43.82846077724426,0
Dev_3,2.063738998289097,0,25.77199886734551,2023-01-01 06:04:00,cmd_c,39.80873784670198,0
Dev_3,2.842237623410268,0,20.437390723089475,2023-01-01 06:05:00,cmd_c,55.774928333716126,0
Dev_2,0.8606772050604913,1,21.23003295123745,2023-01-01 06:06:00,cmd_c,15.135201968142123,0
Dev_2,0.9914478394268286,0,25.58642396450425,2023-01-01 06:07:00,cmd_b,17.81717055617353,0
Dev_3,4.322749542966235,1,23.43167353172658,2023-01-01 06:08:00,cmd_c,86.13867537597494,0
Dev_3,4.7359657644548,1,27.29173487549448,2023-01-01 06:09:00,cmd_c,94.61330679049257,0
Dev_4,1.9292156497707895,0,26.5229164859194,2023-01-01 06:10:00,cmd_b,37.049805026416024,0
Dev_4,1.4266488984034136,1,28.456043629899067,2023-01-01 06:11:00,cmd_c,26.74268793481876,0
Dev_2,3.2555977618711776,0,26.92492826669225,2023-01-01 06:12:00,cmd_b,64.25251133442879,0
Dev_4,2.1027974383806725,1,24.29931077390148,2023-01-01 06:13:00,cmd_c,40.609785497275105,0
Dev_1,0.2243931427356898,0,26.729666223944324,2023-01-01 06:14:00,cmd_a,2.0856830414417318,0
Dev_4,0.8651477270943327,1,22.753811742554184,2023-01-01 06:15:00,cmd_a,15.226887687378426,0
Dev_4,3.608263921352248,0,23.063134987782128,2023-01-01 06:16:00,cmd_c,71.48532446845591,0
Dev_1,3.328727315359742,0,27.889851599207933,2023-01-01 06:17:00,cmd_a,65.75232179465532,0
Dev_2,0.2327703632670691,0,24.46419516401582,2023-01-01 06:18:00,cmd_b,2.2574910503960304,0
Dev_1,1.1876635934714523,0,27.98380340518353,2023-01-01 06:19:00,cmd_a,21.841349924688107,0
Dev_4,1.23226650328155,1,28.224223736682784,2023-01-01 06:20:00,cmd_c,22.75610883539561,0
Dev_2,3.3922744436337697,0,28.57562337661284,2023-01-01 06:21:00,cmd_c,67.05560676162354,0
Dev_4,0.1965816349963843,1,29.166352358412077,2023-01-01 06:22:00,cmd_b,1.5152981801612055,0
Dev_1,0.6101320517244119,1,24.30985220513296,2023-01-01 06:23:00,cmd_c,9.996783588611418,0
Dev_1,4.019588818328628,1,23.188668183211387,2023-01-01 06:24:00,cmd_b,79.92116680042429,0
Dev_4,0.9748688440662348,0,25.821987465941135,2023-01-01 06:25:00,cmd_a,17.47715274564835,0
Dev_3,3.2984559284741866,1,23.71172423437628,2023-01-01 06:26:00,cmd_a,65.13148739145306,0
Dev_3,1.2670956271289602,1,26.01074166800233,2023-01-01 06:27:00,cmd_b,23.470417644556324,0
Dev_1,0.5872628245207914,1,27.055858626438244,2023-01-01 06:28:00,cmd_b,9.52775971876582,0
Dev_1,1.2915437358973252,0,26.88405018492137,2023-01-01 06:29:00,cmd_c,23.971822719719043,0
Dev_3,3.6391079660927295,0,23.745528870201213,2023-01-01 06:30:00,cmd_a,72.11790348378798,0
Dev_3,4.2929126937208,1,21.668602016987528,2023-01-01 06:31:00,cmd_b,85.52675288412624,0
Dev_4,4.168077336378259,0,24.305293384622075,2023-01-01 06:32:00,cmd_a,82.9665106042696,0
Dev_4,2.0461992951304286,0,21.425941440819088,2023-01-01 06:33:00,cmd_b,39.4490169266125,0
Dev_3,3.3736171691961667,1,28.900970351838083,2023-01-01 06:34:00,cmd_a,66.67296562646044,0
Dev_4,1.104423047537523,1,23.45877460737857,2023-01-01 06:35:00,cmd_c,20.134173611541364,0
Dev_4,1.5364238782789652,0,21.54459747223324,2023-01-01 06:36:00,cmd_a,28.994057664763247,0
Dev_2,4.492045510753487,1,20.25447759905751,2023-01-01 06:37:00,cmd_a,89.61075815576656,0
Dev_4,0.1637094252026066,0,26.45822386286484,2023-01-01 06:38:00,cmd_a,0.8411236262692751,0
Dev_1,0.5189918011868936,0,26.369023174547436,2023-01-01 06:39:00,cmd_a,8.127592617478083,0
Dev_4,1.118642650215534,0,23.40604166581292,2023-01-01 06:40:00,cmd_a,20.425802752147032,0
Dev_4,0.2300077989817166,0,20.71711888847651,2023-01-01 06:41:00,cmd_c,2.2008337536593863,0
Dev_3,0.9890336319400068,0,24.09628894895232,2023-01-01 06:42:00,cmd_b,17.76765769209651,0
Dev_1,2.956903648751492,0,23.112174950633936,2023-01-01 06:43:00,cmd_a,58.126608277533386,0
Dev_4,2.16498029790324,1,26.77120639735009,2023-01-01 06:44:00,cmd_c,41.88509074268904,0
Dev_4,4.474091384277177,1,26.057792494526904,2023-01-01 06:45:00,cmd_a,89.2425378479862,0
Dev_2,4.1054734525183605,0,23.6459372819754,2023-01-01 06:46:00,cmd_a,81.68257059117262,0
Dev_4,1.7749050233195924,0,22.1789255425499,2023-01-01 06:47:00,cmd_b,33.88505588417211,0
Dev_4,1.3711748238133334,0,29.88035966155592,2023-01-01 06:48:00,cmd_a,25.60497283370578,0
Dev_2,1.960492800019608,1,24.54001621196115,2023-01-01 06:49:00,cmd_c,37.691266581580464,0
Dev_3,2.9924452183225583,0,26.88274235780237,2023-01-01 06:50:00,cmd_c,58.855528601433484,0
Dev_4,1.4135118400320938,1,21.405529675783608,2023-01-01 06:51:00,cmd_b,26.4732606428144,0
Dev_2,3.158329648460757,0,24.855896996593977,2023-01-01 06:52:00,cmd_a,62.257644321296226,0
Dev_1,2.1061170957370785,0,20.275367198694656,2023-01-01 06:53:00,cmd_c,40.67786818874517,0
Dev_3,2.8050311861747037,1,25.0545511791045,2023-01-01 06:54:00,cmd_a,55.011863319755825,0
Dev_1,2.237019992763052,1,29.64017407117702,2023-01-01 06:55:00,cmd_a,43.36254934523839,0
Dev_1,1.5428822217553968,0,23.842067129858,2023-01-01 06:56:00,cmd_a,29.126511517407135,0
Dev_2,4.747421204114568,0,20.38996012574912,2023-01-01 06:57:00,cmd_b,94.84824584602639,0
Dev_4,3.841668391382828,0,20.30955790919344,2023-01-01 06:58:00,cmd_a,76.27220540668338,0
Dev_2,0.7865545612556175,1,23.879867599468696,2023-01-01 06:59:00,cmd_c,13.615024266857795,0
Dev_2,4.355493081899772,1,21.600249364631942,2023-01-01 07:00:00,cmd_a,86.81021102544439,0
Dev_2,2.488412871422617,1,20.23352096328186,2023-01-01 07:01:00,cmd_c,48.518353682250186,0
Dev_2,4.483305911781048,1,27.562136139501767,2023-01-01 07:02:00,cmd_a,89.43151814496711,1
Dev_3,4.019290754141845,1,24.585230088818907,2023-01-01 07:03:00,cmd_c,79.91505381649603,0
Dev_4,2.183546171899244,1,22.892447719726544,2023-01-01 07:04:00,cmd_c,42.265857350635144,0
Dev_1,0.2100996107685752,0,29.00083183016481,2023-01-01 07:05:00,cmd_a,1.7925376886369568,0
Dev_1,1.416519060986236,0,21.161389602005254,2023-01-01 07:06:00,cmd_a,26.534935591287045,0
Dev_4,2.7540076518382484,1,29.55918828955319,2023-01-01 07:07:00,cmd_c,53.9654241325193,0
Dev_1,3.2040432771481218,0,23.139667173773528,2023-01-01 07:08:00,cmd_b,63.195182911504396,0
Dev_4,1.3636496586226914,0,28.88403672308681,2023-01-01 07:09:00,cmd_a,25.450639586346046,0
Dev_1,0.7828447629568382,1,26.029428764794616,2023-01-01 07:10:00,cmd_b,13.538940193751703,0
Dev_2,4.191158160316566,0,28.267073597414875,2023-01-01 07:11:00,cmd_a,83.43987410126856,0
Dev_1,4.923570685447405,1,29.840131632104644,2023-01-01 07:12:00,cmd_a,98.46088700221478,0
Dev_4,2.6758818932831607,1,22.884054378187457,2023-01-01 07:13:00,cmd_a,52.36314674527426,0
Dev_4,0.9412285006566872,0,29.61135485407593,2023-01-01 07:14:00,cmd_a,16.78722457674271,0
Dev_4,1.434305899944908,1,23.8948189490242,2023-01-01 07:15:00,cmd_b,26.899725007494173,0
Dev_4,0.190114315082587,1,23.85511904736922,2023-01-01 07:16:00,cmd_a,1.382660230199411,0
Dev_4,4.580064152146445,1,23.403871042545056,2023-01-01 07:17:00,cmd_c,91.41592819658638,0
Dev_3,0.6769803061616916,1,25.41407607347585,2023-01-01 07:18:00,cmd_c,11.367771191709462,0
Dev_3,2.9249307300198426,1,21.54145043178487,2023-01-01 07:19:00,cmd_b,57.47087724035155,0
Dev_1,1.4428705813673095,1,25.537114853580118,2023-01-01 07:20:00,cmd_a,27.075377642756525,0
Dev_4,2.815472212327388,1,25.41704812410004,2023-01-01 07:21:00,cmd_c,55.225997817948034,0
Dev_1,3.291959902924135,1,27.6190181260487,2023-01-01 07:22:00,cmd_b,64.9982607189917,0
Dev_4,4.165734838165288,0,28.336499619375857,2023-01-01 07:23:00,cmd_a,82.91846842220669,0
Dev_4,1.1114642316269558,0,24.40441350312424,2023-01-01 07:24:00,cmd_c,20.278580914005797,0
Dev_3,0.1538795604265543,0,23.023332493514932,2023-01-01 07:25:00,cmd_c,0.6395234070632186,0
Dev_3,0.7707395873371556,1,22.593348973170944,2023-01-01 07:26:00,cmd_b,13.290675734976931,0
Dev_2,4.510091345055715,1,21.94623836704872,2023-01-01 07:27:00,cmd_a,89.98085929489396,0
Dev_3,4.382061380056324,0,20.57647582199025,2023-01-01 07:28:00,cmd_a,87.35509896178118,0
Dev_2,3.027324200634511,0,23.42447978834713,2023-01-01 07:29:00,cmd_c,59.57085995542163,0
Dev_2,3.042532616124902,0,22.702476921307834,2023-01-01 07:30:00,cmd_c,59.88276860996478,0
Dev_2,3.358679705276652,1,29.66417385866407,2023-01-01 07:31:00,cmd_c,66.36661390452292,0
Dev_2,0.9593192652549032,0,25.57708826250044,2023-01-01 07:32:00,cmd_a,17.158247189128044,0
Dev_2,4.580618535032303,0,23.47277039030508,2023-01-01 07:33:00,cmd_b,91.42729800826328,0
Dev_1,2.151975571971158,1,25.80467600993696,2023-01-01 07:34:00,cmd_b,41.61837745025295,0
Dev_3,1.9773787884225376,0,21.39196701345696,2023-01-01 07:35:00,cmd_a,38.03758049749871,0
Dev_2,2.642696755885904,1,24.440437492022028,2023-01-01 07:36:00,cmd_b,51.68255437436304,0
Dev_4,0.3301332371977697,1,26.26234321421064,2023-01-01 07:37:00,cmd_c,4.254301502436011,0
Dev_3,0.9147885069047892,1,24.888978317924515,2023-01-01 07:38:00,cmd_b,16.244968029208586,0
Dev_3,3.716364720489216,0,24.01778800654324,2023-01-01 07:39:00,cmd_b,73.70235850695617,0
Dev_2,0.5057134728331197,0,29.938483888996984,2023-01-01 07:40:00,cmd_b,7.855268026265764,0
Dev_1,3.0554453363853025,1,28.80314762148927,2023-01-01 07:41:00,cmd_c,60.14759496254952,0
Dev_2,1.3022106374384728,0,26.2340595815944,2023-01-01 07:42:00,cmd_a,24.190589685281353,0
Dev_1,2.007548508805685,0,25.693773611822827,2023-01-01 07:43:00,cmd_c,38.65632982734154,0
Dev_4,1.5145993101764297,0,26.20660479824584,2023-01-01 07:44:00,cmd_a,28.54645865767744,0
Dev_3,1.842796310678251,0,22.013121078224334,2023-01-01 07:45:00,cmd_a,35.27743499878936,0
Dev_4,3.623324935402803,1,23.951377432643184,2023-01-01 07:46:00,cmd_a,71.79421007402951,0
Dev_1,1.555896406553558,0,20.39459532890899,2023-01-01 07:47:00,cmd_b,29.39341880126818,0
Dev_1,2.8753827374547964,1,24.755460374868267,2023-01-01 07:48:00,cmd_b,56.45469986763037,0
Dev_4,2.4326469707755884,1,25.43024583957663,2023-01-01 07:49:00,cmd_a,47.37465353471071,0
Dev_1,3.3519887102769763,0,22.277497361032097,2023-01-01 07:50:00,cmd_a,66.22938861308987,0
Dev_4,4.6904657226913145,1,29.64028847165514,2023-01-01 07:51:00,cmd_b,93.68014864413125,0
Dev_3,3.6896032763302262,0,29.09454610937242,2023-01-01 07:52:00,cmd_c,73.15350934863747,0
Dev_4,1.1532078550947082,0,27.22143235455906,2023-01-01 07:53:00,cmd_a,21.13469886000807,0
Dev_3,0.2527973618002949,1,25.333866287653628,2023-01-01 07:54:00,cmd_c,2.668223790501855,0
Dev_4,1.3850938170691431,1,28.69969159647685,2023-01-01 07:55:00,cmd_b,25.890436790273636,0
Dev_1,3.015881860431249,1,21.306523438234628,2023-01-01 07:56:00,cmd_a,59.33618955600497,0
Dev_4,0.3519864860728268,1,27.90509794274885,2023-01-01 07:57:00,cmd_c,4.7024887220922835,0
Dev_1,2.5321946112860583,0,21.248208139668485,2023-01-01 07:58:00,cmd_c,49.41627125841006,0
Dev_4,3.024529959692757,0,27.942106625494056,2023-01-01 07:59:00,cmd_c,59.51355300367754,0
Dev_4,1.7377950650031082,0,22.757675682513568,2023-01-01 08:00:00,cmd_b,33.123969551676765,0
Dev_2,3.877469798354528,1,28.770905810181887,2023-01-01 08:01:00,cmd_b,77.00645472321148,0
Dev_1,0.6223314403554818,1,29.44042093825398,2023-01-01 08:02:00,cmd_c,10.246980257460335,1
Dev_2,0.468175130505463,1,21.48795969405116,2023-01-01 08:03:00,cmd_c,7.085395986894048,0
Dev_1,3.668124905397657,0,24.62675605065393,2023-01-01 08:04:00,cmd_b,72.71301048249398,0
Dev_2,2.527907449410373,1,29.80987378162685,2023-01-01 08:05:00,cmd_c,49.32834606375066,0
Dev_3,3.4731717424959068,0,24.834074359731467,2023-01-01 08:06:00,cmd_c,68.71472553439818,0
Dev_4,2.230653959158357,1,28.63547522514545,2023-01-01 08:07:00,cmd_b,43.23198867127,0
Dev_1,1.3073699628716235,0,25.8873152213132,2023-01-01 08:08:00,cmd_c,24.296402039975444,0
Dev_1,4.113601356603579,0,23.75329907919602,2023-01-01 08:09:00,cmd_c,81.84926538124316,0
Dev_4,4.017137806947998,1,22.857835555258703,2023-01-01 08:10:00,cmd_c,79.87089912707691,0
Dev_1,3.5040127071866918,1,22.03223091086087,2023-01-01 08:11:00,cmd_b,69.34724138114063,0
Dev_1,1.4335111724268177,0,27.617981913776973,2023-01-01 08:12:00,cmd_c,26.883425979429575,0
Dev_2,2.992130267658527,0,23.86540506823028,2023-01-01 08:13:00,cmd_b,58.8490692935636,0
Dev_1,1.8687720950061315,1,25.11275462200751,2023-01-01 08:14:00,cmd_b,35.81017109779529,0
Dev_3,0.5487521593005074,1,24.92325480001182,2023-01-01 08:15:00,cmd_a,8.737946356419826,0
Dev_3,4.59483651976499,0,25.77279029233131,2023-01-01 08:16:00,cmd_a,91.71889396650688,0
Dev_4,0.7704112915029109,1,28.655771456245525,2023-01-01 08:17:00,cmd_c,13.283942731659385,0
Dev_1,4.756163033721932,0,29.80739343583429,2023-01-01 08:18:00,cmd_b,95.02753160480916,0
Dev_4,2.2854282874939837,0,24.07584208573817,2023-01-01 08:19:00,cmd_a,44.35535271044059,0
Dev_3,1.0071513513092365,1,28.27518922106303,2023-01-01 08:20:00,cmd_c,18.139233118571234,0
Dev_1,2.755314642153955,1,27.64527794654717,2023-01-01 08:21:00,cmd_a,53.992229133417034,0
Dev_1,4.3774345957944005,1,25.73528951455573,2023-01-01 08:22:00,cmd_a,87.26020846809958,0
Dev_4,3.68790194340685,1,29.56047143611933,2023-01-01 08:23:00,cmd_b,73.11861679435425,0
Dev_3,4.052149624521104,1,22.004745155284027,2023-01-01 08:24:00,cmd_b,80.58895479298357,0
Dev_1,3.3280384968825154,0,21.09264210309621,2023-01-01 08:25:00,cmd_a,65.73819484996525,0
Dev_4,3.492155166137477,0,28.53961966955422,2023-01-01 08:26:00,cmd_a,69.10405564774274,0
Dev_3,4.261058692670065,1,24.391498166337485,2023-01-01 08:27:00,cmd_b,84.87346072388584,0
Dev_4,1.3233732434100114,1,28.469688542070607,2023-01-01 08:28:00,cmd_c,24.624612543177367,0
Dev_2,2.498182321851389,1,28.93090205195415,2023-01-01 08:29:00,cmd_b,48.7187148665425,0
Dev_1,1.1839262649160511,0,20.62457593619072,2023-01-01 08:30:00,cmd_a,21.76470123488624,0
Dev_2,4.93957323918357,1,28.834647629860605,2023-01-01 08:31:00,cmd_c,98.78908259946522,0
Dev_3,4.725890764464405,1,24.48319055369422,2023-01-01 08:32:00,cmd_a,94.406679105083,0
Dev_2,0.2931913757056789,0,25.10432489004232,2023-01-01 08:33:00,cmd_c,3.49666265954684,0
Dev_2,3.5573183453268737,0,26.265925110932105,2023-01-01 08:34:00,cmd_a,70.44048412443453,0
Dev_3,4.633716755336763,1,29.26382606730087,2023-01-01 08:35:00,cmd_c,92.51628682923968,0
Dev_4,0.9848191911239343,1,20.19116094429764,2023-01-01 08:36:00,cmd_c,17.68122393011628,0
Dev_2,2.8829316297078846,1,24.76843468317817,2023-01-01 08:37:00,cmd_a,56.60951973216126,0
Dev_4,4.585892658181405,0,26.877220424305605,2023-01-01 08:38:00,cmd_c,91.5354647437375,0
Dev_2,0.2663352950704143,1,27.227069576982284,2023-01-01 08:39:00,cmd_b,2.9458726063331864,0
Dev_4,3.517359309509516,1,26.92532431537108,2023-01-01 08:40:00,cmd_a,69.62096619986781,0
Dev_3,1.5570101361254989,1,21.344351294081218,2023-01-01 08:41:00,cmd_b,29.41626022695966,0
Dev_2,4.629541357344999,0,22.99395588371681,2023-01-01 08:42:00,cmd_a,92.43065379464667,0
Dev_3,4.858185401310302,0,23.58715525417013,2023-01-01 08:43:00,cmd_c,97.11990338593924,0
Dev_2,4.726905796655826,1,28.04437207679505,2023-01-01 08:44:00,cmd_c,94.42749635099163,0
Dev_3,2.423649661621573,1,22.78759872414553,2023-01-01 08:45:00,cmd_c,47.19012815831559,0
Dev_3,4.324008989847636,0,22.10704963867203,2023-01-01 08:46:00,cmd_a,86.16450531088792,0
Dev_2,4.238292052821845,0,29.57448019038096,2023-01-01 08:47:00,cmd_b,84.40654081312897,0
Dev_2,1.6635923188919528,0,20.08863285113469,2023-01-01 08:48:00,cmd_b,31.602149036083876,0
Dev_2,4.161685823338319,0,29.97820855681978,2023-01-01 08:49:00,cmd_a,82.83542737380141,0
Dev_1,0.2813374101059138,0,26.76821298857396,2023-01-01 08:50:00,cmd_a,3.2535502548680206,0
Dev_4,3.0217224045620603,0,28.28469299449117,2023-01-01 08:51:00,cmd_b,59.45597299187916,0
Dev_1,1.2270433027097452,0,22.94619396346193,2023-01-01 08:52:00,cmd_b,22.6489864685856,0
Dev_1,0.6907777403086662,0,20.1431527766706,2023-01-01 08:53:00,cmd_b,11.650742098418954,0
Dev_3,0.4770706879831249,0,27.3786951856153,2023-01-01 08:54:00,cmd_b,7.267834543101423,0
Dev_2,3.5118150018028853,1,28.34144597000676,2023-01-01 08:55:00,cmd_a,69.50725826242744,0
Dev_4,1.7653873224635244,1,27.40476131953519,2023-01-01 08:56:00,cmd_a,33.689857819637645,0
Dev_3,3.651357180490932,1,21.428502873008387,2023-01-01 08:57:00,cmd_c,72.36912202687473,0
Dev_1,0.4202460699148176,0,27.53427922256969,2023-01-01 08:58:00,cmd_b,6.102421211396174,0
Dev_2,1.644922655369991,1,27.689227821076408,2023-01-01 08:59:00,cmd_c,31.219253813791475,0
Dev_3,2.743507332639153,0,26.58540515670055,2023-01-01 09:00:00,cmd_a,53.75007359611838,0
Dev_2,3.974543507710922,0,27.66115932795586,2023-01-01 09:01:00,cmd_a,78.99733471304317,0
Dev_3,1.6618872643671427,1,28.45921439677732,2023-01-01 09:02:00,cmd_c,31.567180155657624,1
Dev_2,3.166867744541345,0,26.136041142374584,2023-01-01 09:03:00,cmd_b,62.43275171907471,0
Dev_1,4.441290966357317,1,20.886047139696792,2023-01-01 09:04:00,cmd_b,88.56983567014916,0
Dev_4,3.1177296220932926,1,24.87627809667211,2023-01-01 09:05:00,cmd_b,61.4249803526735,0
Dev_1,1.2415014262928057,1,20.77649334671605,2023-01-01 09:06:00,cmd_b,22.945507422846767,0
Dev_4,0.2195638296270363,0,24.075430310324307,2023-01-01 09:07:00,cmd_c,1.9866388934803976,0
Dev_2,4.363484482114556,1,24.07106489125628,2023-01-01 09:08:00,cmd_c,86.97410626426687,0
Dev_3,0.2042201131668969,0,20.66009844140241,2023-01-01 09:09:00,cmd_a,1.6719553579209234,0
Dev_1,4.386038196152577,1,23.488205339694797,2023-01-01 09:10:00,cmd_b,87.43665928992525,0
Dev_4,2.691791956733339,1,21.109980987913147,2023-01-01 09:11:00,cmd_b,52.689445463742125,0
Dev_1,4.701431722713191,1,28.082352100092223,2023-01-01 09:12:00,cmd_b,93.9050498059061,0
Dev_4,4.014037855290961,0,29.47688025964471,2023-01-01 09:13:00,cmd_c,79.80732236912299,0
Dev_1,4.989877141613354,0,20.723164752579383,2023-01-01 09:14:00,cmd_b,99.82076289088397,0
Dev_4,1.81848789571338,0,29.551152072917013,2023-01-01 09:15:00,cmd_c,34.778894897056865,0
Dev_4,3.859222615762522,1,25.225765993367453,2023-01-01 09:16:00,cmd_b,76.63222414178951,0
Dev_2,2.069461476685287,1,22.995656779538734,2023-01-01 09:17:00,cmd_b,39.92609987815987,0
Dev_4,2.4513905394891538,0,20.768620752761635,2023-01-01 09:18:00,cmd_a,47.75906447498776,0
Dev_2,3.1747767697700136,0,25.006242680704176,2023-01-01 09:19:00,cmd_b,62.59495753330832,0
Dev_4,4.38101785951306,0,27.945155444907485,2023-01-01 09:20:00,cmd_b,87.33369744964841,0
Dev_3,4.922008999076546,0,27.07086477266698,2023-01-01 09:21:00,cmd_a,98.42885845229378,0
Dev_3,3.86453972793614,0,20.50226011463974,2023-01-01 09:22:00,cmd_c,76.74127253707934,0
Dev_3,2.1470572326199355,0,20.729018353679034,2023-01-01 09:23:00,cmd_c,41.51750746740721,0
Dev_4,2.164649311157644,1,24.02873282632637,2023-01-01 09:24:00,cmd_b,41.878302551601294,0
Dev_2,3.714153277785569,0,22.95290494047943,2023-01-01 09:25:00,cmd_c,73.65700413596798,0
Dev_2,1.2700080142646817,1,22.32384323056048,2023-01-01 09:26:00,cmd_b,23.530147650853536,0
Dev_4,0.6413231543438338,1,22.81004498908713,2023-01-01 09:27:00,cmd_a,10.636480397124322,0
Dev_3,1.8376485724398053,0,28.034827432968846,2023-01-01 09:28:00,cmd_a,35.171860285308625,0
Dev_3,1.507471059105001,0,29.29228053631854,2023-01-01 09:29:00,cmd_b,28.400265702708538,0
Dev_2,1.5519097902343515,1,24.051026945275662,2023-01-01 09:30:00,cmd_a,29.311657480827584,0
Dev_3,1.2446779801445589,0,29.06111002132497,2023-01-01 09:31:00,cmd_a,23.010655211491166,0
Dev_1,0.3062566292181732,0,23.21495701247882,2023-01-01 09:32:00,cmd_b,3.7646173091894726,0
Dev_2,0.1875822801937277,1,24.76436986343792,2023-01-01 09:33:00,cmd_b,1.3307308496574723,0
Dev_3,4.939839709706555,1,22.26028997816,2023-01-01 09:34:00,cmd_a,98.7945476304773,0
Dev_2,2.1960883553057258,1,26.40476042175844,2023-01-01 09:35:00,cmd_c,42.52308438088171,0
Dev_1,1.9832005710824403,0,29.78981115174809,2023-01-01 09:36:00,cmd_c,38.15697915527737,0
Dev_2,3.4302716851960424,1,26.034930960433787,2023-01-01 09:37:00,cmd_b,67.83489034310695,0
Dev_2,1.1694440505388146,0,23.57814084113549,2023-01-01 09:38:00,cmd_b,21.46768620369753,0
Dev_2,4.754809801356104,1,26.478174459905283,2023-01-01 09:39:00,cmd_c,94.99977822795171,0
Dev_2,3.953090570636205,1,21.22920678465388,2023-01-01 09:40:00,cmd_a,78.55735746865491,0
Dev_1,0.5381139113300717,1,28.886590802653984,2023-01-01 09:41:00,cmd_c,8.5197670455474,0
Dev_4,2.146145801346149,0,25.03083950779836,2023-01-01 09:42:00,cmd_c,41.49881496768593,0
Dev_2,4.407679707054607,0,24.49349742039642,2023-01-01 09:43:00,cmd_c,87.88050398577788,0
Dev_2,4.72918690922791,1,25.85864788453519,2023-01-01 09:44:00,cmd_c,94.47427957792739,0
Dev_3,2.3902674051243618,1,26.247838627894023,2023-01-01 09:45:00,cmd_b,46.50549308135847,0
Dev_2,3.105715807132468,1,20.71775806226513,2023-01-01 09:46:00,cmd_b,61.178589605213396,0
Dev_3,0.9184663358511688,0,26.826172212234024,2023-01-01 09:47:00,cmd_a,16.320396444419227,0
Dev_4,4.956726268071185,1,22.419316803155297,2023-01-01 09:48:00,cmd_a,99.14087323571239,0
Dev_1,1.2351913367788727,0,27.139526325065894,2023-01-01 09:49:00,cmd_a,22.816094103518317,0
Dev_1,4.719385693262116,1,28.225347943841967,2023-01-01 09:50:00,cmd_a,94.2732669157793,0
Dev_4,3.2832685800626056,1,28.039585075525203,2023-01-01 09:51:00,cmd_c,64.82001080060589,0
Dev_1,3.07791029490641,1,25.52500967407889,2023-01-01 09:52:00,cmd_b,60.608327705622834,0
Dev_4,2.6121737039808925,1,25.20169892310751,2023-01-01 09:53:00,cmd_b,51.0565585855014,0
Dev_4,1.2302820774170178,1,21.42875961339412,2023-01-01 09:54:00,cmd_a,22.71541034173347,0
Dev_4,0.9649873568269904,1,27.75346150403136,2023-01-01 09:55:00,cmd_a,17.274493803852252,0
Dev_1,1.1803824244438594,0,22.714093804467144,2023-01-01 09:56:00,cmd_c,21.692020782784223,0
Dev_3,1.0135474845068473,1,24.966954228179468,2023-01-01 09:57:00,cmd_c,18.27041110362866,0
Dev_4,3.919963920477092,0,22.84274092927517,2023-01-01 09:58:00,cmd_a,77.87796460966977,0
Dev_2,1.8156137699169776,1,21.33828362999693,2023-01-01 09:59:00,cmd_b,34.7199495907092,0
Dev_1,0.3834291151606422,1,26.295576968917366,2023-01-01 10:00:00,cmd_b,5.3473440747275625,0
Dev_4,4.848602887689975,0,20.54332034822904,2023-01-01 10:01:00,cmd_b,96.92337607957086,0
Dev_4,4.430550836320786,1,27.486452341262,2023-01-01 10:02:00,cmd_a,88.3495668649321,1
Dev_2,4.645986187656543,0,23.175867952611167,2023-01-01 10:03:00,cmd_b,92.76792002069799,0
Dev_3,4.975048330967533,0,20.001346930044853,2023-01-01 10:04:00,cmd_c,99.51663953365878,0
Dev_3,0.9520867211754878,1,25.111291392372294,2023-01-01 10:05:00,cmd_c,17.009915293924376,0
Dev_3,2.041585892623028,0,20.468519085276032,2023-01-01 10:06:00,cmd_a,39.354400878684395,0
Dev_4,3.815368530950048,0,22.761695578208997,2023-01-01 10:07:00,cmd_c,75.73282284658407,0
Dev_4,3.5105010284635823,1,27.06976487455716,2023-01-01 10:08:00,cmd_a,69.48031004703796,0
Dev_4,0.8540899410652898,0,20.626896216218658,2023-01-01 10:09:00,cmd_b,15.000104090841099,0
Dev_1,4.097582312454027,1,28.393384923560024,2023-01-01 10:10:00,cmd_b,81.5207315829056,0
Dev_2,1.1997588019996377,1,20.03819922658583,2023-01-01 10:11:00,cmd_b,22.089409968867514,0
Dev_4,1.1967063126308533,1,22.46823869201902,2023-01-01 10:12:00,cmd_c,22.02680661267788,0
Dev_2,2.7311746721777266,1,27.409040561520715,2023-01-01 10:13:00,cmd_a,53.49714366177438,0
Dev_2,3.005405680724346,0,23.162701497293067,2023-01-01 10:14:00,cmd_b,59.121334095276865,0
Dev_3,2.942422418405275,1,21.018923880660136,2023-01-01 10:15:00,cmd_a,57.82961342778905,0
Dev_1,0.5482855032489989,1,23.60233918800428,2023-01-01 10:16:00,cmd_b,8.728375730127274,0
Dev_4,4.399558226888864,0,22.703932863845257,2023-01-01 10:17:00,cmd_c,87.71394094355983,0
Dev_3,1.4014402086846598,1,28.42711902160555,2023-01-01 10:18:00,cmd_c,26.22568414188976,0
Dev_3,0.7346231142857405,1,23.13347917585143,2023-01-01 10:19:00,cmd_a,12.549964743524306,0
Dev_4,4.454865591357988,0,27.889324717760072,2023-01-01 10:20:00,cmd_c,88.84823699490008,0
Dev_2,4.782692341325792,0,28.91872144810735,2023-01-01 10:21:00,cmd_c,95.57161988579475,0
Dev_3,4.324425324600708,0,24.33817419576529,2023-01-01 10:22:00,cmd_a,86.1730439001152,0
Dev_2,4.066628766151903,0,29.09943143854392,2023-01-01 10:23:00,cmd_b,80.88590680536485,0
Dev_1,3.310685705131206,0,23.77318053963193,2023-01-01 10:24:00,cmd_c,65.38230728685008,0
Dev_2,2.7992011159847827,0,29.64078416490108,2023-01-01 10:25:00,cmd_a,54.89229469342658,0
Dev_1,0.5262351235659097,0,20.89289524525573,2023-01-01 10:26:00,cmd_c,8.276145564304704,0
Dev_2,2.101420744046424,1,26.870192665032427,2023-01-01 10:27:00,cmd_c,40.58155094004698,0
Dev_3,1.9261737333603388,0,24.93814040456929,2023-01-01 10:28:00,cmd_c,36.98741851051528,0
Dev_3,1.3727935404255986,0,23.87648805455647,2023-01-01 10:29:00,cmd_c,25.638171014077514,0
Dev_1,3.6447585570740655,0,26.327118787486008,2023-01-01 10:30:00,cmd_a,72.23379117974656,0
Dev_4,2.5297911018859773,1,27.03857091634331,2023-01-01 10:31:00,cmd_a,49.36697780087436,0
Dev_1,0.4971264579474749,1,20.04363269650309,2023-01-01 10:32:00,cmd_a,7.679157355090601,0
Dev_1,1.1788976895540757,0,21.669530887471986,2023-01-01 10:33:00,cmd_c,21.661570427050695,0
Dev_2,3.44796794193202,0,27.130460506343187,2023-01-01 10:34:00,cmd_c,68.19782201290887,0
Dev_2,0.4730412115024709,0,26.663854135782064,2023-01-01 10:35:00,cmd_c,7.185194205691642,0
Dev_1,4.270913878838966,1,29.66047505128677,2023-01-01 10:36:00,cmd_a,85.07558025830785,0
Dev_3,2.5262179823684745,1,27.610377902507828,2023-01-01 10:37:00,cmd_c,49.29369686625428,0
Dev_2,2.454874228900576,0,29.50772707731338,2023-01-01 10:38:00,cmd_b,47.8305112919063,0
Dev_4,3.0027981448316363,1,27.02540501534807,2023-01-01 10:39:00,cmd_c,59.06785626831442,0
Dev_2,4.140936733033231,0,22.98052208639443,2023-01-01 10:40:00,cmd_b,82.4098852886221,0
Dev_2,1.804265118720746,1,21.053649222508565,2023-01-01 10:41:00,cmd_c,34.487200654586786,0
Dev_4,3.422279147539412,1,27.818238633449354,2023-01-01 10:42:00,cmd_a,67.67097177654489,0
Dev_1,2.8720866235793765,0,26.44149221475916,2023-01-01 10:43:00,cmd_c,56.38710002826821,0
Dev_4,1.4084385238301649,0,20.48186012393296,2023-01-01 10:44:00,cmd_b,26.369212247265537,0
Dev_1,4.405286933140274,0,23.600504659009783,2023-01-01 10:45:00,cmd_b,87.8314307017979,0
Dev_1,4.007387505873948,0,29.56799815484286,2023-01-01 10:46:00,cmd_c,79.6709306759704,0
Dev_1,3.326413989826285,1,25.004011457102013,2023-01-01 10:47:00,cmd_b,65.70487791365952,0
Dev_4,4.267850472561785,1,24.327291360197044,2023-01-01 10:48:00,cmd_b,85.01275300777421,0
Dev_1,4.349741584703032,1,24.57699605159294,2023-01-01 10:49:00,cmd_a,86.6922538488156,0
Dev_3,3.5709785859036707,0,22.08882724005164,2023-01-01 10:50:00,cmd_c,70.72064133487743,0
Dev_4,4.201365308981993,1,23.687071708647952,2023-01-01 10:51:00,cmd_c,83.64921201743523,0
Dev_3,3.51761016217949,0,23.69813255987177,2023-01-01 10:52:00,cmd_c,69.62611092509113,0
Dev_1,3.432689781625472,1,20.523550201874723,2023-01-01 10:53:00,cmd_b,67.88448296531901,0
Dev_2,3.1311957532544032,0,27.675676285179183,2023-01-01 10:54:00,cmd_c,61.701156582538964,0
Dev_1,3.7883115338324425,0,24.165044319038792,2023-01-01 10:55:00,cmd_c,75.17791220699361,0
Dev_3,0.8771650159360612,1,28.221798868164235,2023-01-01 10:56:00,cmd_a,15.47334968049324,0
Dev_3,4.416266720074749,0,28.503480011198956,2023-01-01 10:57:00,cmd_a,88.05661461869356,0
Dev_4,4.372033285951637,0,22.11994054698658,2023-01-01 10:58:00,cmd_a,87.14943326690313,0
Dev_2,0.2433116868693398,1,26.573534821701287,2023-01-01 10:59:00,cmd_b,2.4736825441098644,0
Dev_4,4.146502077767337,0,24.722818041629814,2023-01-01 11:00:00,cmd_c,82.5240246734371,0
Dev_3,0.7314623506198815,0,28.80156737921485,2023-01-01 11:01:00,cmd_a,12.485140795035402,0
Dev_1,1.7420823858697956,0,22.15740679176454,2023-01-01 11:02:00,cmd_a,33.21189800707491,1
Dev_2,3.7431904558288784,1,26.77813200310044,2023-01-01 11:03:00,cmd_a,74.25252620997634,0
Dev_1,0.8877234906367102,1,26.077521222527224,2023-01-01 11:04:00,cmd_c,15.689892925250598,0
Dev_1,4.108038418183405,0,22.953014775718326,2023-01-01 11:05:00,cmd_c,81.73517534740373,0
Dev_2,4.177457471992935,1,21.366009036511727,2023-01-01 11:06:00,cmd_c,83.15888734995059,0
Dev_4,2.5865918954280978,0,26.516397604772767,2023-01-01 11:07:00,cmd_b,50.531902516529314,0
Dev_1,0.1312907714124845,0,27.385974581323307,2023-01-01 11:08:00,cmd_b,0.17625103042482004,0
Dev_3,1.5064868525570727,0,23.1562734376335,2023-01-01 11:09:00,cmd_a,28.380080658424944,0
Dev_1,3.122941900041137,0,26.448326040223137,2023-01-01 11:10:00,cmd_c,61.531878707919276,0
Dev_2,4.907812272334375,0,23.95130907611503,2023-01-01 11:11:00,cmd_a,98.13769847314508,0
Dev_2,3.195886282381675,1,27.132068832826175,2023-01-01 11:12:00,cmd_c,63.02789150206563,0
Dev_2,1.3730375472143832,0,21.99215274894053,2023-01-01 11:13:00,cmd_c,25.643175337456057,0
Dev_4,3.206627945188096,1,28.902150026361745,2023-01-01 11:14:00,cmd_c,63.2481917427859,0
Dev_1,2.7459283606076923,1,22.8740959646558,2023-01-01 11:15:00,cmd_b,53.79972634112365,0
Dev_4,3.921242436240604,0,23.67785987756153,2023-01-01 11:16:00,cmd_b,77.9041856273597,0
Dev_4,0.6242051302520962,0,20.580919520803494,2023-01-01 11:17:00,cmd_c,10.285407672535452,0
Dev_2,3.8290367222599375,1,21.115122123212764,2023-01-01 11:18:00,cmd_a,76.01314311822577,0
Dev_2,2.752206235512941,1,25.15861902712328,2023-01-01 11:19:00,cmd_c,53.92847897260742,0
Dev_4,4.818660818909073,1,22.67592676727972,2023-01-01 11:20:00,cmd_c,96.3092956453803,0
Dev_1,1.775173613589562,0,28.354802257421944,2023-01-01 11:21:00,cmd_a,33.89056438897214,0
Dev_3,3.199847276356346,1,20.14693388654954,2023-01-01 11:22:00,cmd_c,63.10912733508675,0
Dev_4,4.666937716999086,0,23.79094048671936,2023-01-01 11:23:00,cmd_a,93.19761391826297,0
Dev_1,0.6022976671543284,0,23.373455467690928,2023-01-01 11:24:00,cmd_b,9.836108576019061,0
Dev_2,4.692419587458611,0,20.19327630917601,2023-01-01 11:25:00,cmd_b,93.72022036173468,0
Dev_2,3.470640039273986,1,21.243683990005103,2023-01-01 11:26:00,cmd_a,68.66280295599738,0
Dev_1,0.4324015896153423,0,24.136426749186352,2023-01-01 11:27:00,cmd_b,6.351718174479472,0
Dev_3,1.5747214780394,0,24.928645844474467,2023-01-01 11:28:00,cmd_b,29.77950127794285,0
Dev_2,3.57004323436188,0,24.04289747254869,2023-01-01 11:29:00,cmd_a,70.70145825554158,0
Dev_2,0.4300179471969814,0,25.30937678412094,2023-01-01 11:30:00,cmd_b,6.302832167906816,0
Dev_2,2.95263525486374,0,25.95131674905681,2023-01-01 11:31:00,cmd_c,58.03906799462685,0
Dev_1,1.7948269790694882,1,20.099238211278355,2023-01-01 11:32:00,cmd_c,34.29363430693708,0
Dev_4,3.142486037060638,0,24.64095159453504,2023-01-01 11:33:00,cmd_a,61.93270846469513,0
Dev_2,0.324135965681313,0,29.63499240887588,2023-01-01 11:34:00,cmd_b,4.131303752222657,0
Dev_4,4.370530350146644,1,25.190322801295487,2023-01-01 11:35:00,cmd_c,87.11860962948369,0
Dev_3,4.870095948969245,0,26.77542267458953,2023-01-01 11:36:00,cmd_c,97.36417622932125,0
Dev_2,4.847501490899888,1,23.11863857916883,2023-01-01 11:37:00,cmd_b,96.90078758630335,0
Dev_2,3.7732939755403314,0,27.739913781527623,2023-01-01 11:38:00,cmd_b,74.86991783345908,0
Dev_3,0.7374225766400967,1,27.72921481876115,2023-01-01 11:39:00,cmd_c,12.607378780965824,0
