ID,ThreshType,GlideNumber,Country,OtherCountry,long,lat,Area,Began,Ended,Validation,Dead,Displaced,MainCause,Severity,geometry,flood_duration_days,flood_area_km2,clear_view_percentage,IS_AFRICA,road_density_km_per_km2,dist_to_nearest_major_road_km
1587,otsu,0,Madagascar,0,47.29567,-15.782624,255303.3537,2000-02-17,2000-03-11,News,200,800000,Tropical cyclone,1.0,"<Polygon><outerBoundaryIs><LinearRing><coordinates>49.132955,-13.567222 49.265771,-12.761621 49.531403,-12.582599 49.974122,-12.940643 50.37257,-14.507089 50.461113,-15.491712 50.106938,-15.849757 49.797034,-17.371447 49.664219,-18.400826 48.424605,-18.937893 45.281297,-18.982649 44.130227,-18.087537 44.572947,-17.102914 45.148482,-16.342069 46.609455,-15.760246 48.203245,-14.775623 48.380333,-13.835755 49.132955,-13.567222</coordinates></LinearRing></outerBoundaryIs></Polygon>",23,0.2553033537,100.0,1,1.6433127155860012,1.716500942302953
1772,std,0,Sudan,Ethiopia,34.427661,14.996666,557928.1071,2001-08-06,2001-09-13,News,5,45000,Heavy rain,1.0,"<Polygon><outerBoundaryIs><LinearRing><coordinates>31.636094,9.574972 30.886064,12.889055 31.950056,15.592647 32.362575,16.665062 33.925971,18.041782 35.668267,16.812846 36.376075,14.969446 37.592732,14.607143 37.44446,12.583807 34.723422,6.836496 31.636094,9.574972</coordinates></LinearRing></outerBoundaryIs></Polygon>",38,0.5579281071000001,100.0,1,0.8708684897640193,5.90008762507355
1778,otsu,0,Chad,0,16.260548,9.326659,104251.7308,2001-08-19,2001-10-11,News,100,40000,Brief torrential rain,1.0,"<MultiGeometry><Polygon><outerBoundaryIs><LinearRing><coordinates>14.962512,8.589032 15.680984,9.882277 14.981672,11.137201 15.700144,11.127625 17.558584,10.830657 17.549,8.943477 17.070024,7.659812 15.815096,7.516118 15.460648,7.631073 14.962512,8.589032</coordinates></LinearRing></outerBoundaryIs></Polygon><Polygon><outerBoundaryIs><LinearRing><coordinates>20.279192,13.053117 21.898152,13.445885 21.878984,12.717829 21.294632,12.440025 20.327096,12.468765 20.279192,13.053117</coordinates></LinearRing></outerBoundaryIs></Polygon></MultiGeometry>",53,0.10425173080000001,100.0,1,1.9111182426600926,1.8374401016497082
1793,std,0,Guinea,Mali,-9.227085,10.549334,264055.3911,2001-08-18,2001-10-09,News,11,43500,Heavy rain,2.0,"<Polygon><outerBoundaryIs><LinearRing><coordinates>-9.363391,11.624792 -8.392887,12.878808 -6.451887,14.149176 -4.772586,15.708525 -4.074698,16.788061 -2.188218,16.831677 -2.624393,15.708526 -3.573098,14.410893 -4.499978,12.557125 -5.454119,11.166802 -6.800831,10.305346 -8.40652,9.869166 -9.142576,9.771025 -9.769586,9.79556 -10.140338,10.26718 -10.18123,10.610671 -9.952236,10.836941 -9.6251,11.174979 -9.363391,11.624792</coordinates></LinearRing></outerBoundaryIs></Polygon>",52,0.2640553911,100.0,1,4.586099388741997,2.3139805928542
1820,std,0,Somalia,0,42.508939,0.491533,3907.324849,2001-11-01,2001-11-14,News,0,6000,Heavy rain,1.0,"<Polygon><outerBoundaryIs><LinearRing><coordinates>42.763244,0.620916 42.769192,0.614968 42.769192,0.614968 42.837602,0.567378 42.825704,0.359176 42.668066,0.168819 42.456888,0.115281 42.254634,0.374047 42.180276,0.641736 42.406326,0.867785 42.763244,0.620916</coordinates></LinearRing></outerBoundaryIs></Polygon>",13,0.003907324849,100.0,1,0.7912404503034572,4.082700303885948
1907,std,0,Ethiopia,0,43.063067,7.310603,282524.6533,2002-04-16,2002-04-21,News,0,4000,Heavy rain,1.0,"<MultiGeometry><Polygon><outerBoundaryIs><LinearRing><coordinates>45.446479,5.666553 44.417799,5.051181 42.185931,5.574707 39.715263,6.640125 40.266341,7.824945 42.378811,9.570025 44.307583,8.835253 46.410871,7.319789 45.446479,5.666553</coordinates></LinearRing></outerBoundaryIs></Polygon><Polygon><outerBoundaryIs><LinearRing><coordinates>39.843848,9.303673 39.935694,10.929353 40.486773,12.013145 41.469531,11.765153 41.892023,10.984465 41.478715,9.671057 40.349003,8.780145 39.522385,8.798517 39.843848,9.303673</coordinates></LinearRing></outerBoundaryIs></Polygon></MultiGeometry>",5,0.2825246533,100.0,1,0.7912534408171102,1.4689793527496966
1917,std,0,Democratic Republic of Congo,0,33.544103,-0.075707,1111282.616,2002-04-26,2002-05-28,News,160,168000,Heavy rain,2.0,"<Polygon><outerBoundaryIs><LinearRing><coordinates>31.380102,-5.672615 30.553838,-2.603662 29.471837,-2.71186 28.911163,-2.288895 29.019363,-0.823273 29.511183,0.671859 30.268585,1.507951 31.45879,2.521099 34.390036,2.442407 36.013044,2.599791 38.97379,2.176822 41.18496,-1.595981 39.349764,-3.853434 36.16059,-6.931674 35.117926,-7.718585 34.40971,-9.567828 33.268686,-8.977644 33.150654,-8.131714 32.265374,-7.423494 31.380102,-5.672615</coordinates></LinearRing></outerBoundaryIs></Polygon>",32,1.111282616,100.0,1,4.851135569125472,3.0456975862905713
2009,std,0,South Africa,0,18.579803,-34.013343,275.3122077,2002-07-28,2002-08-03,News,0,2300,Heavy rain,1.0,"<Polygon><outerBoundaryIs><LinearRing><coordinates>18.701505,-34.071798 18.615259,-34.064132 18.5041,-34.096713 18.465769,-34.052633 18.458102,-33.98747 18.557763,-33.929974 18.624843,-33.94339 18.682339,-34.006636 18.701505,-34.071798</coordinates></LinearRing></outerBoundaryIs></Polygon>",6,0.0002753122077,100.0,1,2.154232968599504,5.225609162299188
2119,std,0,Malawi,Mozambique,38.874709,-14.766118,410708.5406,2003-01-01,2003-02-17,News,23,400000,Heavy rain,1.0,"<Polygon><outerBoundaryIs><LinearRing><coordinates>37.639623,-14.304647 38.4421,-14.132542 38.506628,-11.057275 40.345427,-10.32221 40.558239,-10.627601 40.370102,-11.327962 40.485207,-11.977955 40.572322,-12.735426 40.537479,-13.965055 40.81042,-14.62215 40.639351,-15.300779 40.081112,-16.000267 39.737776,-16.47641 39.171834,-16.809521 39.077611,-16.955238 38.910366,-16.988755 38.07369,-17.291175 37.438436,-17.566296 37.113795,-17.812587 36.859851,-18.168648 36.60649,-18.404736 36.283946,-18.870183 35.726339,-19.007088 35.479649,-19.316558 34.843714,-19.855558 34.194548,-19.828771 34.244345,-18.793336 34.406817,-17.995666 34.222134,-17.328816 33.950413,-16.683596 33.826623,-16.48154 33.706747,-16.361667 33.452617,-16.107535 33.764287,-15.556117 33.855391,-15.052647 33.927315,-14.496433 33.747885,-14.149981 32.938263,-13.378652 33.262222,-12.63554 33.383345,-11.301638 33.438958,-10.991364 33.82914,-10.854707 33.912464,-10.781475 34.022718,-10.64325 34.001294,-10.359402 33.754938,-10.10769 33.818329,-10.003628 33.771927,-9.900347 33.731513,-9.740188 33.86922,-9.681812 33.888157,-9.676679 33.929962,-9.72101 33.902588,-9.740975 33.894695,-9.749929 33.892372,-9.755213 33.899082,-9.768321 33.901627,-9.775219 33.901855,-9.780275 33.899761,-9.786019 33.901146,-9.792685 33.902058,-9.812452 33.906235,-9.81039 33.906681,-9.830386 33.907372,-9.834524 33.904812,-9.843714 33.910141,-9.850846 33.912685,-9.857744 33.922413,-9.876142 33.933769,-9.891094 33.938171,-9.895007 33.945362,-9.897082 33.949299,-9.90628 33.94883,-9.914095 33.950905,-9.929037 33.948811,-9.938689 33.949734,-9.945586 33.946463,-9.956502 34.058894,-10.135369 34.23595,-10.368765 34.243998,-10.433149 34.211806,-10.489485 34.219854,-10.529725 34.179614,-10.561917 34.211806,-10.795313 34.219854,-10.964321 34.219854,-11.068945 34.203758,-11.189669 34.227902,-11.302341 34.284238,-11.495493 34.316438,-11.696695 34.27619,-11.736937 34.187662,-11.849609 34.187662,-11.905945 34.131326,-11.938139 34.058894,-12.042763 34.010606,-12.235917 34.099134,-12.396879 34.171566,-12.421023 34.187662,-12.517599 34.179614,-12.598081 34.219854,-12.718801 34.268142,-12.791235 34.268142,-12.831475 34.332534,-12.952196 34.332534,-13.258023 34.30839,-13.306311 34.30839,-13.397662 34.428623,-13.573657 34.438915,-13.587716 34.444313,-13.590264 34.450893,-13.590748 34.468769,-13.588512 34.474895,-13.584856 34.4841,-13.575004 34.498913,-13.574594 34.504784,-13.576684 34.505177,-13.577326 34.508759,-13.583134 34.504749,-13.586338 34.509914,-13.588655 34.514595,-13.594646 34.517193,-13.591208 34.524239,-13.59353 34.531727,-13.604358 34.536415,-13.608282 34.536663,-13.604835 34.531063,-13.591253 34.528481,-13.590096 34.528259,-13.585958 34.524509,-13.582956 34.528301,-13.573774 34.539791,-13.602814 34.549519,-13.627403 34.564045,-13.64354 34.571785,-13.649771 34.578598,-13.651861 34.584927,-13.658087 34.591984,-13.658339 34.595505,-13.660647 34.599014,-13.665256 34.599709,-13.669395 34.596859,-13.677892 34.599663,-13.684566 34.607174,-13.689186 34.611572,-13.694895 34.613029,-13.696789 34.625717,-13.700964 34.630882,-13.704886 34.632751,-13.70926 34.630619,-13.71408 34.61882,-13.726686 34.605331,-13.75285 34.612106,-13.76758 34.614452,-13.769655 34.619156,-13.770589 34.619385,-13.773348 34.612774,-13.780684 34.6049,-13.792827 34.582275,-13.827707 34.582245,-13.836901 34.586468,-13.84105 34.589039,-13.846345 34.591118,-13.859451 34.587547,-13.871162 34.579052,-13.878261 34.577587,-13.895033 34.574112,-13.905438 34.572834,-13.909267 34.570473,-13.912018 34.56694,-13.912237 34.560787,-13.922329 34.556301,-13.926682 34.540508,-13.932146 34.529644,-13.943143 34.526573,-13.94681 34.522774,-13.955759 34.518524,-13.959423 34.513783,-13.969519 34.520111,-13.977123 34.522865,-13.998506 34.526371,-14.006101 34.530813,-14.021083 34.530813,-14.024077 34.52609,-14.02266 34.625322,-14.240169 34.714127,-14.304158 34.824199,-14.260268 34.899773,-14.055096 34.944893,-14.173176 35.23453,-14.45055 35.587831,-14.43617 36.097312,-14.548368 36.341365,-14.620303 36.608145,-14.723857 36.864642,-14.859473 37.186831,-14.587639 37.401903,-14.463123 37.639623,-14.304647</coordinates></LinearRing></outerBoundaryIs></Polygon>",47,0.4107085406,100.0,1,0.6253308646154591,1.2168412754764801
2161,std,0,Zambia,Angola,21.700514,-12.176378,607286.0062,2003-01-15,2003-07-01,News,7,20000,Heavy rain,2.0,"<Polygon><outerBoundaryIs><LinearRing><coordinates>21.868898,-11.172607 23.273326,-11.235174 24.34667,-13.381862 25.422983,-17.828747 23.861902,-19.825775 21.579407,-19.831451 17.939651,-17.776007 17.151278,-14.502687 19.951574,-11.878991 21.868898,-11.172607</coordinates></LinearRing></outerBoundaryIs></Polygon>",167,0.6072860062,100.0,1,1.7204055425502467,2.981173244567787
2162,otsu,0,Angola,0,18.014563,-10.439194,115312.468,2003-02-06,2003-02-20,News,0,0,Heavy rain,1.0,"<Polygon><outerBoundaryIs><LinearRing><coordinates>17.960067,-8.422618 19.159107,-8.640634 19.704131,-9.512666 19.377091,-11.25673 18.505091,-12.45577 16.324995,-11.583738 16.433987,-10.05769 17.960067,-8.422618</coordinates></LinearRing></outerBoundaryIs></Polygon>",14,0.11531246799999999,100.0,1,0.629129794625916,3.09547509106695
2178,std,0,Mozambique,Zimbawe,32.664524,-21.37826,137205.7698,2003-03-05,2003-03-16,News,8,8300,Heavy rain,1.0,"<Polygon><outerBoundaryIs><LinearRing><coordinates>34.861212,-20.726 35.116108,-21.250808 33.73662,-22.945172 32.222188,-23.065128 31.412492,-22.150468 30.21294,-21.190832 30.647772,-19.691392 31.2564,-19.107191 32.492422,-19.849791 34.711621,-20.249599 34.602549,-20.499823 34.861212,-20.726</coordinates></LinearRing></outerBoundaryIs></Polygon>",11,0.13720576980000002,100.0,1,0.6276768885669681,4.018510999525664
2181,std,0,Zambia,0,27.689975,-16.066257,22883.25997,2003-03-11,2003-03-15,News,0,6400,Heavy rain,2.0,"<Polygon><outerBoundaryIs><LinearRing><coordinates>26.821698,-15.420153 28.327832,-15.219987 28.514205,-15.638817 28.236333,-16.156458 28.014697,-16.494926 27.607505,-16.505234 27.303401,-16.469154 26.662225,-16.231682 26.411475,-15.668393 26.821698,-15.420153</coordinates></LinearRing></outerBoundaryIs></Polygon>",4,0.02288325997,100.0,1,1.2737461354626751,1.464515754114424
2194,std,0,Mozambique,0,34.90579,-19.764418,701.5655356,2003-03-26,2003-03-28,News,2,15000,Heavy rain,1.0,"<Polygon><outerBoundaryIs><LinearRing><coordinates>34.732681,-19.716574 34.786615,-19.59305 35.024965,-19.606968 35.110215,-19.700916 34.880563,-19.850538 34.847507,-19.845319 34.828369,-19.840099 34.830109,-19.791385 34.732681,-19.716574</coordinates></LinearRing></outerBoundaryIs></Polygon>",2,0.0007015655356,100.0,1,0.14759544250087916,1.4046268684501784
2224,std,0,Ethiopia,Somalia,44.63536,5.371116,52987.31324,2003-05-04,2003-05-20,News,106,111000,Heavy rain,1.0,"<Polygon><outerBoundaryIs><LinearRing><coordinates>45.231592,5.33189 45.967528,4.379978 45.935704,3.212734 45.649192,2.331994 44.152992,1.323918 43.26164,0.443178 43.134304,1.217806 43.378368,1.302696 44.19544,2.0561 45.0974,2.639722 45.288408,3.679634 44.821504,4.698318 44.227272,5.154606 44.039128,5.488794 44.180344,5.81829 44.509848,5.833982 45.231592,5.33189</coordinates></LinearRing></outerBoundaryIs></Polygon>",16,0.05298731324,100.0,1,0.17818769240629168,3.5288455676880988
2303,std,0,Chad,0,20.249655,10.996461,486564.8425,2003-08-03,2003-11-02,News,0,0,Heavy rain,1.0,"<Polygon><outerBoundaryIs><LinearRing><coordinates>13.405931,11.988929 14.800641,13.053973 18.658241,14.494141 20.402828,13.533864 21.946528,12.052902 21.066876,10.142547 19.796244,7.918945 16.061227,7.606885 14.122699,9.643153 13.405931,11.988929</coordinates></LinearRing></outerBoundaryIs></Polygon>",91,0.48656484250000004,100.0,1,0.5699038997821728,3.1534350054423466
2311,std,0,Nigeria,0,4.735272,12.394812,138852.9014,2003-08-05,2003-10-12,News,7,10000,Heavy rain,1.0,"<Polygon><outerBoundaryIs><LinearRing><coordinates>4.058586,11.115456 2.925415,11.580752 2.712758,12.128814 3.456801,13.852118 4.810449,14.359864 7.289819,14.051753 7.35417,12.768328 7.00781,12.030438 5.73424,11.692056 4.845996,10.778354 4.57745,10.779838 4.058586,11.115456</coordinates></LinearRing></outerBoundaryIs></Polygon>",68,0.1388529014,100.0,1,0.363189290087461,3.0809759854190437
2314,std,0,Nigeria,0,10.012759,12.63425,19628.9663,2003-08-05,2003-10-12,News,7,10000,Heavy rain,1.0,"<Polygon><outerBoundaryIs><LinearRing><coordinates>10.246107,12.426834 10.239627,12.381462 9.922019,12.30368 8.936787,12.368498 8.055271,12.543506 7.433021,12.925928 7.588583,13.204644 7.996935,13.314834 8.794191,12.900002 9.669227,12.776848 10.181291,12.96482 10.421115,12.874074 10.550747,12.718512 10.557227,12.478688 10.246107,12.426834</coordinates></LinearRing></outerBoundaryIs></Polygon>",68,0.0196289663,100.0,1,1.3692283494718402,3.2323974443729053
2316,std,0,Senegal,Mauritania,-12.940183,15.939171,586302.5309,2003-08-09,2003-11-05,News,10,5300,Heavy rain,1.0,"<Polygon><outerBoundaryIs><LinearRing><coordinates>-16.100508,11.884064 -16.729448,12.416244 -16.632688,13.577364 -17.164872,14.690105 -17.007788,15.035387 -16.540039,15.694112 -16.481563,16.198984 -16.482863,16.372145 -16.314878,16.900316 -13.584752,18.463745 -9.714352,19.044305 -7.875912,17.109105 -8.996545,12.727303 -16.100508,11.884064</coordinates></LinearRing></outerBoundaryIs></Polygon>",88,0.5863025309000001,100.0,1,0.4033203678021596,1.9347684189895595
2320,std,0,Mali,0,-3.10202,14.211698,1028149.434,2003-08-10,2003-10-19,News,31,10000,Heavy rain,1.0,"<Polygon><outerBoundaryIs><LinearRing><coordinates>-0.156106,8.278995 -5.060774,9.552274 -8.017824,10.539939 -9.381258,11.119785 -7.872385,17.074055 -4.939288,16.770738 -1.069533,17.392273 2.322723,16.280529 3.456812,13.857768 1.865642,10.077304 -0.156106,8.278995</coordinates></LinearRing></outerBoundaryIs></Polygon>",70,1.028149434,100.0,1,0.24358149728790998,3.0530065176361116
2345,std,0,Nigeria,0,7.48686,10.514296,134916.2603,2003-09-05,2003-10-28,News,16,210000,Heavy rain,1.0,"<Polygon><outerBoundaryIs><LinearRing><coordinates>6.763989,10.687983 7.278333,11.343775 8.052535,12.149581 9.174568,12.607956 10.701769,13.275853 11.728049,12.526501 10.571449,11.190717 8.803959,10.228288 7.702669,10.057911 6.917576,9.546205 6.251506,8.369509 5.433913,8.769416 5.0001,8.931662 4.813953,9.203071 5.825309,10.057911 6.763989,10.687983</coordinates></LinearRing></outerBoundaryIs></Polygon>",53,0.1349162603,100.0,1,4.33035172679263,3.147272600436531
2361,std,0,Nigeria,0,11.923531,8.877517,137749.9962,2003-09-22,2003-10-10,News,28,1000,Heavy rain,1.0,"<Polygon><outerBoundaryIs><LinearRing><coordinates>13.813195,10.311049 14.171579,9.806049 14.839467,8.861225 14.839467,8.307361 13.666571,7.981561 12.070139,8.063009 10.734347,7.672045 9.317115,7.443985 9.007595,9.024129 11.125323,10.050401 13.813195,10.311049</coordinates></LinearRing></outerBoundaryIs></Polygon>",18,0.1377499962,100.0,1,0.7978965707778811,1.9018446640380744
2423,std,0,Mozambique,0,32.868116,-25.398999,1308.786822,2004-01-25,2004-02-06,News,2,0,Heavy rain,1.0,"<Polygon><outerBoundaryIs><LinearRing><coordinates>32.831235,-24.96545 33.025401,-25.040959 33.043377,-25.195571 32.944399,-25.447116 32.827041,-25.517531 32.744941,-25.422096 32.766513,-25.087702 32.831235,-24.96545</coordinates></LinearRing></outerBoundaryIs></Polygon>",12,0.0013087868220000001,100.0,1,1.0698604342520368,6.909430762396094
2425,std,0,Angola,Namibia,15.226178,-16.048042,75082.67783,2004-01-27,2004-03-01,News,0,0,Heavy rain,1.0,"<Polygon><outerBoundaryIs><LinearRing><coordinates>12.495016,-17.142565 13.253128,-16.858275 13.897524,-17.123613 14.229196,-17.161519 14.747521,-16.401202 14.757361,-15.545312 14.727849,-14.207372 15.318113,-12.151273 16.498657,-12.308673 16.016601,-14.97472 15.593577,-16.332336 14.987308,-17.009897 14.551396,-17.436335 14.001764,-17.521621 13.613232,-17.369999 13.338416,-17.180471 12.893024,-17.161519 12.769832,-17.237329 12.495016,-17.142565</coordinates></LinearRing></outerBoundaryIs></Polygon>",34,0.07508267783,100.0,1,0.24056903418114126,3.4449743554819356
2430,std,0,Namibia,Zambia,21.427401,-14.561533,615606.1712,2004-02-01,2004-06-02,News,10,40000,Heavy rain,2.0,"<Polygon><outerBoundaryIs><LinearRing><coordinates>24.703393,-17.876873 21.043729,-18.388441 19.056481,-18.329413 17.437311,-16.922807 17.209051,-14.3524 19.804161,-11.442945 22.676801,-10.734625 24.368929,-10.734625 25.510113,-12.249649 25.549441,-14.276241 24.919841,-17.129201 24.703393,-17.876873</coordinates></LinearRing></outerBoundaryIs></Polygon>",122,0.6156061711999999,100.0,1,0.5801998159429805,1.4983256501142632
2431,std,0,Madagascar,0,44.642355,-17.482511,176541.4394,2004-01-08,2004-02-20,News,6,18000,Heavy rain,1.0,"<Polygon><outerBoundaryIs><LinearRing><coordinates>47.765025,-14.387844 48.790561,-14.822176 48.694033,-15.99248 47.752961,-17.70571 47.222097,-17.862557 46.268969,-18.345157 45.943209,-18.86395 45.955273,-19.913604 45.846689,-20.963258 44.338569,-20.287618 44.507481,-19.949799 44.374761,-19.780889 44.483345,-19.491329 44.217921,-19.044924 44.242049,-18.779494 44.024877,-18.38135 44.012813,-17.959076 44.036941,-17.741906 43.928357,-17.48854 44.459217,-16.680184 44.459217,-16.52334 44.447153,-16.269976 44.471281,-16.197588 44.857361,-16.197588 45.243441,-15.932156 45.315833,-16.125196 45.400289,-16.076936 45.388225,-15.968352 45.496809,-15.956288 45.617457,-16.04074 45.665713,-15.823572 45.967345,-15.79944 46.003537,-15.859768 46.172449,-15.70292 46.317225,-15.968352 46.498201,-15.956288 46.389617,-15.811508 46.281033,-15.678792 46.920473,-15.220324 47.053193,-15.340972 46.980801,-15.521948 47.185905,-15.389232 47.065257,-15.184128 47.439273,-14.677396 47.511657,-14.822176 47.439273,-15.003152 47.439273,-15.111736 47.728833,-14.629136 47.765025,-14.387844</coordinates></LinearRing></outerBoundaryIs></Polygon>",43,0.1765414394,100.0,1,1.1173084123383505,3.7745335204241135
2448,std,0,Mozambique,0,34.557547,-19.186526,3374.3011,2004-03-05,2004-03-19,News,0,100,Heavy rain,1.0,"<Polygon><outerBoundaryIs><LinearRing><coordinates>34.651407,-19.636402 34.554311,-19.67524 34.411903,-19.549016 34.366591,-19.163871 34.360119,-18.840219 34.447505,-18.697812 34.754975,-18.843455 34.748503,-19.014991 34.651407,-19.636402</coordinates></LinearRing></outerBoundaryIs></Polygon>",14,0.0033743011,100.0,1,0.31632232247346864,1.669725371807825
2576,otsu,0,Togo,0,1.223784,6.148203,110.2098684,2004-10-07,2004-11-04,News,0,300,Heavy rain,2.0,"<Polygon><outerBoundaryIs><LinearRing><coordinates>1.151994,6.090219 1.146474,6.156487 1.267962,6.206187 1.301094,6.156487 1.151994,6.090219</coordinates></LinearRing></outerBoundaryIs></Polygon>",28,0.00011020986840000001,100.0,1,1.4560073798583375,4.029097082591892
2620,otsu,0,Angola,0,17.166651,-10.734049,118198.3828,2005-01-27,2005-03-28,News,0,10000,Heavy rain,1.0,"<Polygon><outerBoundaryIs><LinearRing><coordinates>13.162407,-9.510959 13.847895,-8.933705 15.543583,-9.240371 16.155017,-9.404434 17.243793,-9.299066 18.113057,-10.326378 18.508177,-11.186864 18.025257,-13.162464 16.813553,-13.232707 16.567697,-11.92442 16.321849,-10.967352 16.163801,-10.598574 15.865265,-10.15077 15.303898,-10.026905 13.631427,-10.521155 13.162407,-9.510959</coordinates></LinearRing></outerBoundaryIs></Polygon>",60,0.1181983828,100.0,1,0.548461227547845,4.851547807015927
2633,std,0,Madagascar,0,48.283399,-17.759816,16367.38558,2005-03-02,2005-03-15,News,25,8300,Heavy rain,1.0,"<Polygon><outerBoundaryIs><LinearRing><coordinates>48.000421,-16.962614 48.329041,-16.688766 48.602889,-16.761792 48.773285,-17.260804 48.682001,-17.814586 48.511605,-18.088434 48.310785,-18.429223 48.304697,-18.824782 47.976081,-18.830867 47.830029,-18.429223 47.793513,-17.936296 47.939569,-17.285146 48.000421,-16.962614</coordinates></LinearRing></outerBoundaryIs></Polygon>",13,0.01636738558,100.0,1,0.7469972690148563,1.8033730731675999
2638,std,0,Zambia,0,31.114588,-10.587124,122632.4296,2005-03-01,2005-04-01,News,0,300,Heavy rain,1.0,"<Polygon><outerBoundaryIs><LinearRing><coordinates>29.386974,-10.23543 30.590134,-9.087806 31.651382,-8.828662 32.521358,-9.013762 33.261766,-9.377798 33.385166,-9.908418 32.971774,-10.648824 32.077118,-11.59901 30.614814,-12.345586 29.713986,-12.104954 28.84401,-10.827754 29.386974,-10.23543</coordinates></LinearRing></outerBoundaryIs></Polygon>",31,0.12263242960000001,100.0,1,0.5478758262036655,4.400367519619045
2649,std,0,Ethiopia,Somalia,43.286087,6.272302,336115.1908,2005-04-23,2005-06-14,News,177,260000,Heavy rain,2.0,"<Polygon><outerBoundaryIs><LinearRing><coordinates>43.893465,3.162346 42.615735,5.378499 41.625103,6.503201 41.682457,7.767095 43.272185,10.014655 46.323753,9.795383 47.365305,7.712279 46.725753,5.373357 45.391833,3.546075 43.893465,3.162346</coordinates></LinearRing></outerBoundaryIs></Polygon>",52,0.33611519079999996,100.0,1,6.374324881586213,3.3414019467894502
2721,otsu,0,Nigeria,0,10.905259,10.665559,159497.3748,2005-08-07,2005-09-16,News,3,7,Heavy rain,1.0,"<Polygon><outerBoundaryIs><LinearRing><coordinates>10.019563,13.261313 11.041515,13.424825 11.831835,13.043297 11.927211,12.103105 12.485883,10.318097 12.840155,9.555037 12.663019,8.969121 11.940843,8.437707 11.286795,8.069805 10.510099,8.587593 9.120251,11.380925 8.970363,12.525505 10.019563,13.261313</coordinates></LinearRing></outerBoundaryIs></Polygon>",40,0.15949737479999998,100.0,1,0.9865934543693218,4.100176739585896
2742,std,0,Mauritania,0,-11.983202,17.04635,147088.3388,2005-09-27,2005-10-07,News,0,3000,Heavy rain,2.0,"<Polygon><outerBoundaryIs><LinearRing><coordinates>-14.07116,16.732142 -12.033876,18.982274 -10.148636,19.306614 -9.895244,18.049786 -10.077684,15.91115 -12.1251,14.786086 -13.696136,15.921286 -14.07116,16.732142</coordinates></LinearRing></outerBoundaryIs></Polygon>",10,0.1470883388,100.0,1,0.3472497806741161,7.017426050487428
2773,otsu,0,Malawi,Mozambique,37.168911,-17.236452,224148.1621,2005-12-22,2006-02-07,News,23,50000,Heavy rain,2.0,"<Polygon><outerBoundaryIs><LinearRing><coordinates>40.551739,-15.073463 40.639755,-15.362703 39.922955,-16.318439 39.080395,-16.934639 38.212683,-17.173575 37.256939,-17.701747 36.477259,-18.519155 36.313779,-18.883847 35.873635,-18.934147 34.917891,-19.827009 34.817291,-19.827009 34.741835,-19.839585 33.698067,-17.563415 34.251395,-15.513607 38.061771,-14.633319 40.551739,-15.073463</coordinates></LinearRing></outerBoundaryIs></Polygon>",47,0.2241481621,100.0,1,2.2762854188245942,2.404413344013885
2825,std,0,South Africa,0,24.826774,-27.439685,2497.425667,2006-03-26,2006-03-30,News,6,4160,Heavy rain,1.0,"<Polygon><outerBoundaryIs><LinearRing><coordinates>24.80129,-27.698772 24.775802,-27.596834 24.665378,-27.63931 24.54645,-27.596834 24.520962,-27.341994 24.656882,-27.231566 24.852258,-27.180598 25.047634,-27.265542 25.132586,-27.435438 25.03065,-27.622318 24.971186,-27.681782 24.80129,-27.698772</coordinates></LinearRing></outerBoundaryIs></Polygon>",4,0.002497425667,100.0,1,0.29498120103704223,1.8647591782626387
2947,std,FL-2006-000120-BFA,Burkina Faso,Niger,-1.02134,14.421787,2109010.653,2006-08-03,2006-10-11,News,4,70000,Heavy rain,1.0,"<Polygon><outerBoundaryIs><LinearRing><coordinates>13.19309,20.789809 15.505538,16.935761 10.455061,13.225885 7.275086,10.893568 0.733774,10.559468 -7.552172,10.847275 -6.652588,15.590411 -3.299692,19.842891 1.934164,20.170027 13.19309,20.789809</coordinates></LinearRing></outerBoundaryIs></Polygon>",69,2.109010653,100.0,1,1.2322768983412045,1.7423639535854254
2952,std,FL-2006-000124-UGA,Uganda,0,34.275807,1.384461,4902.337377,2006-08-12,2006-08-21,News,3,1680,Heavy rain,1.0,"<Polygon><outerBoundaryIs><LinearRing><coordinates>34.12561,1.680421 34.278877,1.81903 34.592773,1.595163 34.814225,1.357427 34.534153,0.995938 34.273621,1.041531 34.06281,1.218616 34.059312,1.442065 34.12561,1.680421</coordinates></LinearRing></outerBoundaryIs></Polygon>",9,0.0049023373769999995,100.0,1,0.14090489441526594,1.8077714751930922
2955,std,0,Somalia,0,45.444397,3.104364,37381.72532,2006-08-24,2006-10-10,News,5,0,Monsoonal rain,1.0,"<Polygon><outerBoundaryIs><LinearRing><coordinates>45.411449,4.283964 45.859569,4.073084 46.149521,3.400912 45.780481,2.45196 45.187393,1.924764 44.630713,1.634794 43.650337,0.773652 43.199897,1.18435 43.729825,1.767278 44.948673,2.628422 45.411449,4.283964</coordinates></LinearRing></outerBoundaryIs></Polygon>",47,0.037381725319999996,100.0,1,0.26495744550296374,2.6154839447094664
3078,std,FL-2007-000076-KEN,Kenya,0,39.762126,-3.59393,13866.05353,2007-05-15,2007-06-14,News,5,8500,Heavy rain,1.0,"<Polygon><outerBoundaryIs><LinearRing><coordinates>39.564053,-4.352098 39.191121,-4.125095 39.807269,-2.981973 39.945093,-2.592825 40.301813,-2.187463 40.804461,-1.790207 41.153077,-2.041531 40.836893,-2.373929 40.601781,-2.544181 40.496389,-2.495537 40.204525,-2.706327 40.14037,-3.045013 40.103466,-3.294103 39.974314,-3.386357 39.863602,-3.653897 39.83593,-3.810729 39.564053,-4.352098</coordinates></LinearRing></outerBoundaryIs></Polygon>",30,0.013866053529999998,100.0,1,1.217575073236053,3.223849000287175
3098,std,0,South Africa,0,18.578084,-33.327288,9088.144581,2007-06-07,2007-06-16,News,0,6000,Heavy rain,1.5,"<Polygon><outerBoundaryIs><LinearRing><coordinates>18.428012,-32.5289 19.136356,-33.62143 18.84822,-34.11367 18.704148,-34.065648 18.428012,-34.125676 18.35598,-34.077654 18.36798,-33.945588 18.488044,-33.897566 18.343972,-33.453348 18.019812,-32.949102 18.428012,-32.5289</coordinates></LinearRing></outerBoundaryIs></Polygon>",9,0.009088144581000001,100.0,1,2.092724027956245,3.121599090922473
3123,std,FL-2007-000093-SDN,Sudan,0,33.771445,12.907167,1590906.977,2007-07-03,2007-10-08,News,150,200000,Heavy rain,1.0,"<Polygon><outerBoundaryIs><LinearRing><coordinates>34.736489,6.518187 33.315128,4.780924 28.618504,5.602828 25.330872,9.360124 25.154744,13.763196 27.561768,17.344348 30.262328,19.399132 34.371864,20.749404 37.136501,20.277307 37.324357,18.774387 37.794021,18.610003 36.789607,16.108956 36.533937,15.350228 36.674137,14.17915 33.080937,7.976651 34.736489,6.518187</coordinates></LinearRing></outerBoundaryIs></Polygon>",97,1.590906977,100.0,1,1.186927791719013,4.110692988016425
3144,std,0,South Africa,0,19.575347,-34.09063,20096.50092,2007-07-27,2007-08-02,News,0,38000,Heavy rain,1.0,"<Polygon><outerBoundaryIs><LinearRing><coordinates>18.359257,-33.559466 18.680753,-33.39173 19.771037,-33.587422 20.763477,-34.125575 20.791437,-34.398147 20.476925,-34.489004 19.959741,-34.789531 19.358685,-34.600828 19.323741,-34.419114 18.820533,-34.335246 18.834509,-34.118586 18.722685,-34.062674 18.422157,-34.104608 18.366245,-33.964828 18.457105,-33.88096 18.429149,-33.67129 18.429149,-33.67129 18.429149,-33.67129 18.359257,-33.559466</coordinates></LinearRing></outerBoundaryIs></Polygon>",6,0.02009650092,100.0,1,0.8907884742010423,2.736010796766088
3145,std,0,Burkina Faso,0,-4.386466,11.453236,2435.090072,2007-07-28,2007-08-01,News,0,2000,Heavy rain,1.0,"<Polygon><outerBoundaryIs><LinearRing><coordinates>-4.477322,11.690862 -4.239698,11.676884 -4.071962,11.453236 -4.225714,11.313456 -4.379478,11.21561 -4.65205,11.320446 -4.70097,11.537104 -4.477322,11.690862</coordinates></LinearRing></outerBoundaryIs></Polygon>",4,0.002435090072,100.0,1,0.7400010339247506,5.622447338378505
3146,std,FL-2007-000145-ETH,Ethiopia,0,34.499977,8.331411,714220.1853,2007-07-29,2007-10-05,News,17,42000,Heavy rain,1.0,"<Polygon><outerBoundaryIs><LinearRing><coordinates>34.342313,10.105219 36.674137,14.17915 36.542771,15.234722 38.07835,15.77324 44.546393,10.142404 38.491673,6.416424 35.445993,6.715275 34.618217,6.557603 33.080937,7.976651 34.342313,10.105219</coordinates></LinearRing></outerBoundaryIs></Polygon>",68,0.7142201853,100.0,1,0.22797438784120755,2.381359595953127
3151,std,FL-2007-000123-NGA,Nigeria,0,11.74837,10.292106,630120.8532,2007-08-04,2007-10-21,News,101,140000,Heavy rain,1.0,"<Polygon><outerBoundaryIs><LinearRing><coordinates>11.791142,14.2251 14.15245,12.766635 14.310962,11.375259 12.813906,8.698195 8.272873,4.663022 5.998929,4.306862 3.231841,8.799954 8.620374,10.575724 11.791142,14.2251</coordinates></LinearRing></outerBoundaryIs></Polygon>",78,0.6301208532,100.0,1,0.4868280937826015,10.591847307889463
3153,std,FL-2007-000127-MRT,Mauritania,0,-11.322438,16.546328,9447.717983,2007-08-07,2007-09-05,News,2,15820,Heavy rain,1.0,"<Polygon><outerBoundaryIs><LinearRing><coordinates>-11.647754,16.118878 -11.700714,16.935952 -11.360266,17.276398 -10.981986,16.928386 -10.944162,16.194534 -11.277046,15.816258 -11.647754,16.118878</coordinates></LinearRing></outerBoundaryIs></Polygon>",29,0.009447717983,100.0,1,0.6308805286101778,3.716690693672999
3166,std,FL-2007-000132-BFA,Ghana,None,0.612005,13.037658,1695464.521,2007-07-26,2007-10-10,News,153,540000,Heavy rain,1.5,"<Polygon><outerBoundaryIs><LinearRing><coordinates>-6.197831,10.261522 -6.482567,12.919026 -2.069215,16.240898 8.57885,19.239295 11.72309,14.166119 8.57885,10.539659 -4.299623,6.132914 -6.197831,10.261522</coordinates></LinearRing></outerBoundaryIs></Polygon>",76,1.695464521,100.0,1,2.87807660691481,1.7707819377833884
3167,std,0,Chad,0,15.109633,9.644602,23497.34565,2007-08-09,2007-08-15,News,3,3000,Heavy rain,1.0,"<Polygon><outerBoundaryIs><LinearRing><coordinates>15.584177,10.261522 16.153649,9.64461 15.774001,9.027682 14.160529,9.217506 14.065617,10.071698 15.584177,10.261522</coordinates></LinearRing></outerBoundaryIs></Polygon>",6,0.023497345649999998,100.0,1,1.4100403056775919,1.59130391259052
3170,std,FL-2007-000161-UGA,Uganda,None,34.275893,0.88127,107797.1382,2007-08-15,2007-10-31,News,52,520000,Heavy rain,1.5,"<Polygon><outerBoundaryIs><LinearRing><coordinates>33.883677,0.165038 33.457341,0.454942 32.764029,1.494204 33.226283,3.372566 34.692859,3.850062 35.511419,2.554014 35.971851,0.285946 34.940973,0.045666 34.037149,-0.073706 33.883677,0.165038</coordinates></LinearRing></outerBoundaryIs></Polygon>",77,0.1077971382,100.0,1,0.1715226149687379,3.4598879620037666
3179,std,FL-2007-000151-TCD,Chad,0,19.049369,11.543839,454774.5914,2007-08-25,2007-10-01,News,12,170000,Heavy rain,1.0,"<Polygon><outerBoundaryIs><LinearRing><coordinates>17.477113,8.006284 15.373705,11.044546 15.458689,13.615378 19.325577,14.89017 22.406329,15.081394 22.725033,11.023298 19.006873,8.47371 17.477113,8.006284</coordinates></LinearRing></outerBoundaryIs></Polygon>",37,0.4547745914,100.0,1,1.3827634120516354,2.430917133491892
3180,std,FL-2007-000131-SEN,Senegal,None,-13.967824,15.474457,167997.6284,2007-08-31,2007-09-20,News,1,0,Heavy rain,1.0,"<Polygon><outerBoundaryIs><LinearRing><coordinates>-16.94235,15.038901 -16.55991,16.164973 -16.177474,17.227301 -14.647722,17.545997 -12.771966,17.037392 -10.837422,15.451316 -10.993298,14.082805 -11.885666,13.402917 -13.627882,15.038901 -15.85877,14.741445 -16.94235,15.038901</coordinates></LinearRing></outerBoundaryIs></Polygon>",20,0.1679976284,100.0,1,0.6803946507462428,3.884523196895937
3183,std,0,Somalia,0,45.426922,2.978113,13305.25304,2007-09-01,2007-10-04,News,4,8000,Heavy rain,1.0,"<Polygon><outerBoundaryIs><LinearRing><coordinates>45.446214,3.484466 45.40763,3.754522 45.995966,3.715942 45.986326,2.80933 45.677686,2.41389 45.224382,2.201704 44.857878,2.539274 45.446214,3.484466</coordinates></LinearRing></outerBoundaryIs></Polygon>",33,0.01330525304,100.0,1,0.5081787616427382,3.4439491177599915
3214,std,FL-2007-000197-COD,Democratic Republic of Congo,None,15.381497,-4.367631,1949.711396,2007-10-25,2007-10-31,News,30,3500,Heavy rain,1.0,"<Polygon><outerBoundaryIs><LinearRing><coordinates>15.293876,-4.4308 15.165779,-4.268719 15.248109,-4.066877 15.513948,-4.037523 15.701416,-4.286123 15.487458,-4.465441 15.381496,-4.489894 15.293876,-4.4308</coordinates></LinearRing></outerBoundaryIs></Polygon>",6,0.001949711396,100.0,1,1.8435190805980668,2.6210776334144206
3235,std,FL-2007-000221-KEN,Kenya,0,40.249179,-2.153931,6077.690978,2007-11-21,2007-12-16,News,0,6000,Heavy rain,1.0,"<Polygon><outerBoundaryIs><LinearRing><coordinates>40.605035,-2.467084 40.159035,-2.713811 40.045155,-2.675853 39.893323,-2.096994 39.997707,-1.594052 40.377291,-1.726904 40.424739,-2.16342 40.605035,-2.467084</coordinates></LinearRing></outerBoundaryIs></Polygon>",25,0.006077690978,100.0,1,2.8038669626755093,1.7799818025510301
3242,std,0,Mozambique,0,34.356451,-19.063406,354570.2536,2007-12-11,2008-01-03,News,3,10000,Heavy rain,1.0,"<Polygon><outerBoundaryIs><LinearRing><coordinates>34.910517,-19.803883 34.775885,-19.803883 34.693029,-20.280273 34.931018,-20.728073 33.429561,-20.725595 33.067089,-20.290629 32.152778,-18.670907 31.81345,-16.274415 30.328887,-15.595761 32.873847,-13.687049 34.061495,-13.983961 35.546042,-14.895903 39.193786,-16.910651 37.62441,-17.525679 35.293701,-19.544975 34.910517,-19.803883</coordinates></LinearRing></outerBoundaryIs></Polygon>",23,0.3545702536,100.0,1,2.53775572880908,1.2745286036989303
3272,std,FL-2008-000004-NAM,Zambia,None,23.793937,-14.955531,438919.742,2008-02-09,2008-05-01,News,4,15000,Heavy rain,1.0,"<Polygon><outerBoundaryIs><LinearRing><coordinates>25.564952,-18.713783 21.858187,-17.941539 21.034454,-16.067561 20.375467,-12.566727 21.549291,-10.981047 25.008939,-11.104607 25.791483,-13.472823 26.882912,-17.859166 25.564952,-18.713783</coordinates></LinearRing></outerBoundaryIs></Polygon>",82,0.438919742,100.0,1,0.43204845908436446,2.17437773328333
3274,std,TC-2008-000023-MDG,Madagascar,0,46.898414,-18.692889,371875.0145,2008-02-17,2008-03-05,News,93,191000,Tropical cyclone,1.0,"<Polygon><outerBoundaryIs><LinearRing><coordinates>49.854635,-16.239442 49.720083,-16.856776 49.584006,-16.930509 49.411419,-17.371222 49.514307,-17.73529 47.739358,-23.212931 46.22099,-22.605587 44.492398,-19.825815 44.048558,-18.260735 44.632542,-16.368623 46.548014,-15.527687 48.043022,-14.172847 49.712171,-15.891202 49.704259,-16.104894 49.854635,-16.239442</coordinates></LinearRing></outerBoundaryIs></Polygon>",17,0.3718750145,100.0,1,0.7340248643161736,4.171181784261864
3287,std,0,Kenya,0,37.67228,2.826905,21278.67192,2008-03-20,2008-04-02,News,2,10000,Heavy rain,1.0,"<Polygon><outerBoundaryIs><LinearRing><coordinates>38.517524,2.258903 38.01714,1.893759 37.543804,2.231855 36.854084,3.219099 36.827036,3.570719 37.3139,3.760051 37.949524,3.394907 38.28762,2.880999 38.517524,2.258903</coordinates></LinearRing></outerBoundaryIs></Polygon>",13,0.021278671920000002,100.0,1,1.3927266319189633,3.0254107641477153
3294,otsu,0,Tanzania,0,36.457048,-8.546018,15130.83448,2008-04-11,2008-05-16,News,0,800,Heavy rain,1.0,"<Polygon><outerBoundaryIs><LinearRing><coordinates>35.845971,-8.576712 36.297999,-7.946102 36.995579,-7.700554 37.313675,-7.85123 37.162999,-8.174906 36.755611,-8.526486 36.454259,-8.839001 36.063615,-9.257548 35.695291,-9.391483 35.600421,-9.090129 35.845971,-8.576712</coordinates></LinearRing></outerBoundaryIs></Polygon>",35,0.015130834479999999,100.0,1,2.6526128281219794,1.4580947396278106
3323,std,FL-2008-000094-ZAF,South Africa,0,29.870449,-30.912895,47128.08279,2008-06-19,2008-06-22,News,0,4000,Heavy Rain,1.5,"<Polygon><outerBoundaryIs><LinearRing><coordinates>32.188161,-28.796729 31.151681,-29.718057 31.122881,-30.121129 30.345505,-30.927289 28.992321,-32.309281 27.783073,-33.029061 27.552737,-32.625985 28.646817,-31.330369 31.036513,-28.969473 32.188161,-28.796729</coordinates></LinearRing></outerBoundaryIs></Polygon>",3,0.04712808279,100.0,1,0.6192945707401194,2.9641504430954226
3348,std,0,Chad,0,15.454963,9.288888,178993.9094,2008-08-02,2008-08-08,News,0,0,Torrential rain,1.0,"<Polygon><outerBoundaryIs><LinearRing><coordinates>14.835939,11.549012 16.649795,11.174724 17.599923,9.13054 17.369587,7.604596 13.943411,6.97118 13.310003,8.928996 13.597907,10.109444 14.605619,11.606596 14.835939,11.549012</coordinates></LinearRing></outerBoundaryIs></Polygon>",6,0.1789939094,100.0,1,0.8305567859378558,3.2958321647587736
3367,std,0,Ethiopia,0,33.314626,7.584802,69636.60334,2008-08-20,2008-08-28,News,3,18000,Heavy seasonal rains,1.5,"<Polygon><outerBoundaryIs><LinearRing><coordinates>33.336214,9.017172 34.473486,8.671676 34.847774,7.807936 34.343918,6.152432 32.645222,6.742652 31.781478,7.99508 32.717198,8.844424 33.27863,8.902008 33.336214,9.017172</coordinates></LinearRing></outerBoundaryIs></Polygon>",8,0.06963660334,100.0,1,0.3307690193270495,1.7472992006743453
3368,std,TC-2008-000143-HTI,Chad,0,18.350292,9.233101,61817.4364,2008-07-20,2008-08-25,News,0,200000,Heavy seasonal rains,1.5,"<Polygon><outerBoundaryIs><LinearRing><coordinates>19.833052,10.327165 19.890636,9.578589 19.343596,8.484525 17.644908,8.139037 16.809948,9.060349 17.443372,10.269597 19.833052,10.327165</coordinates></LinearRing></outerBoundaryIs></Polygon>",36,0.0618174364,100.0,1,0.30233892457275935,2.935455252901967
3394,std,FL-2008-000191-CRI,Kenya,None,41.9,4.0,45128.32556,2008-10-14,2008-10-16,News,3,10000,Heavy Rain,1.0,"<Polygon><outerBoundaryIs><LinearRing><coordinates>40.797808,4.408218 41.940816,5.387942 43.165472,3.836714 40.634528,2.612058 40.797808,4.408218</coordinates></LinearRing></outerBoundaryIs></Polygon>",2,0.045128325559999995,100.0,1,2.2535929796281535,2.798558209051982
3404,std,0,Ethiopia,0,43.05953,0.82945,25490.95668,2008-11-16,2008-11-20,News,11,500,Heavy Rain,1.0,"<Polygon><outerBoundaryIs><LinearRing><coordinates>43.600418,0.747807 42.273706,-0.51767 41.906314,-0.06863 43.763706,2.176571 44.212746,1.360135 43.233018,0.38041 43.600418,0.747807</coordinates></LinearRing></outerBoundaryIs></Polygon>",4,0.02549095668,100.0,1,3.8815712328052134,1.5349761617049897
3405,std,0,South Africa,0,20.903477,-33.011852,76453.89464,2008-11-12,2008-11-17,News,0,100,Heavy Rain,1.0,"<Polygon><outerBoundaryIs><LinearRing><coordinates>23.781417,-34.011988 22.883337,-34.093632 21.781145,-34.134452 19.984985,-34.461028 18.719509,-34.134452 18.025537,-32.868976 18.352109,-32.256648 18.107181,-31.562676 23.781417,-34.011988</coordinates></LinearRing></outerBoundaryIs></Polygon>",5,0.07645389463999999,100.0,1,0.9305214774156553,3.2507758150391806
3426,std,0,Mozambique,0,34.027698,-22.923757,125967.3084,2008-12-26,2009-01-12,News,24,0,Heavy Rain,1.0,"<Polygon><outerBoundaryIs><LinearRing><coordinates>35.17071,-22.188967 35.578926,-23.617731 34.80331,-24.311699 33.578654,-24.924027 32.843862,-25.740463 32.47647,-22.311431 33.45619,-20.107051 34.35427,-20.107051 35.007422,-21.127599 35.415638,-23.046223 35.17071,-22.188967</coordinates></LinearRing></outerBoundaryIs></Polygon>",17,0.1259673084,100.0,1,2.7279022245329347,3.5980508316645468
3441,std,0,Madagascar,0,46.519178,-17.688355,207786.6504,2009-01-26,2009-01-27,News,33,0,Heavy Rain,1.0,"<Polygon><outerBoundaryIs><LinearRing><coordinates>46.866166,-15.371716 48.78479,-13.432679 49.580814,-14.432814 46.335478,-18.821161 44.723018,-21.944032 43.457542,-21.597046 44.498498,-19.739653 44.090278,-18.35171 44.029046,-17.514863 44.457674,-16.33103 45.580274,-15.9024 46.866166,-15.371716</coordinates></LinearRing></outerBoundaryIs></Polygon>",1,0.20778665040000002,100.0,1,1.4356762966395367,4.671712101831122
3454,otsu,0,Angola,0,14.147469,-9.840357,61811.58905,2009-02-15,2009-02-17,News,1,300,Heavy Rain,1.0,"<Polygon><outerBoundaryIs><LinearRing><coordinates>13.861709,-8.207481 15.331309,-9.105561 14.759789,-11.309945 13.698429,-11.473233 12.963629,-9.595425 13.208557,-8.942273 13.861709,-8.207481</coordinates></LinearRing></outerBoundaryIs></Polygon>",2,0.061811589050000004,100.0,1,0.5245997151130254,4.603887365244383
3462,std,FL-2009-000063-AGO,Angola,0,16.678415,-17.076028,187933.2715,2009-03-04,2009-03-09,News,0,0,Heavy Rain,1.0,"<Polygon><outerBoundaryIs><LinearRing><coordinates>14.514858,-18.617052 13.188148,-16.147331 16.37225,-15.371717 18.76033,-16.392263 20.168682,-17.923081 18.413342,-18.678285 15.086364,-18.78034 14.514858,-18.617052</coordinates></LinearRing></outerBoundaryIs></Polygon>",5,0.1879332715,100.0,1,1.4353311734946654,1.365014861360786
3467,std,FL-2009-000068-ZMB,Zambia,0,24.230467,-18.75993,1148027.264,2009-03-27,2009-03-27,News,99,1600,"Dam Break, Heavy Rain",1.0,"<Polygon><outerBoundaryIs><LinearRing><coordinates>14.923075,-19.902938 13.780067,-16.96377 18.515395,-15.004314 30.925251,-16.80049 34.680867,-20.066234 31.741699,-22.515546 24.230467,-21.372522 14.923075,-19.902938</coordinates></LinearRing></outerBoundaryIs></Polygon>",0,1.148027264,100.0,1,4.65544064330983,1.700780868551467
3493,std,FL-2009-000120-BWA,Botswana,None,23.311965,-16.698427,571677.3179,2009-06-21,2009-06-28,News,13,0,Heavy Rain,1.5,"<Polygon><outerBoundaryIs><LinearRing><coordinates>25.434685,-20.862253 20.046205,-19.719241 18.739933,-15.473777 21.189213,-12.534601 24.781565,-14.004185 27.883997,-17.923081 25.434685,-20.862253</coordinates></LinearRing></outerBoundaryIs></Polygon>",7,0.5716773179,100.0,1,0.9648081177641614,3.5166809526277976
3531,std,FL-2009-000164-SEN,Senegal,0,-16.8108,14.576204,8510.685177,2009-08-24,2009-08-26,0,0,0,Heavy Rain,1.0,"<Polygon><outerBoundaryIs><LinearRing><coordinates>-16.861826,15.14771 -16.290322,14.821134 -16.371962,14.086342 -16.698538,14.004698 -17.331278,14.821134 -16.861826,15.14771</coordinates></LinearRing></outerBoundaryIs></Polygon>",2,0.008510685177,100.0,1,4.780970961107149,3.5144849151737816
3534,std,0,Mauritania,0,2.936762,16.454005,4814280.64,2009-08-10,2009-09-02,0,12,300000,Heavy Rain,1.0,"<Polygon><outerBoundaryIs><LinearRing><coordinates>21.306584,15.433459 7.100584,9.228543 -6.615544,8.575391 -12.575536,9.473475 -15.43306,15.596747 -12.983752,21.883307 -6.778832,24.332619 7.100584,22.046595 20.00028,18.372627 20.653432,12.820863 20.00028,12.494287 21.306584,15.433459</coordinates></LinearRing></outerBoundaryIs></Polygon>",23,4.81428064,100.0,1,0.07282142234469724,3.516702789697214
3555,std,0,Nigeria,0,6.509699,5.543563,53018.48747,2009-10-20,2009-10-26,0,0,5000,Heavy Rain,1.0,"<Polygon><outerBoundaryIs><LinearRing><coordinates>8.224203,4.870011 5.693267,4.584259 5.285059,5.319043 4.795195,6.339583 7.040379,6.502867 8.224203,4.870011</coordinates></LinearRing></outerBoundaryIs></Polygon>",6,0.05301848747,100.0,1,2.2748235850774083,18.65969304381105
3616,std,FL-2010-000038-ZMB,Zambia,None,27.736857,-16.091808,85511.57617,2010-03-01,2010-03-17,0,0,115,Heavy Rain,1.0,"<Polygon><outerBoundaryIs><LinearRing><coordinates>29.900395,-15.499897 29.573823,-15.663183 28.798215,-16.479612 27.002071,-17.581791 26.267285,-17.336862 25.57332,-15.58154 27.247,-14.601825 29.900395,-15.499897</coordinates></LinearRing></outerBoundaryIs></Polygon>",16,0.08551157617,100.0,1,1.0909480275114345,3.6162777658128697
3639,otsu,FL-2010-000077-NAM,Namibia,None,23.231189,-18.694176,64627.57603,2010-04-16,2010-04-21,0,0,11000,Heavy Rain,1.0,"<Polygon><outerBoundaryIs><LinearRing><coordinates>24.312958,-19.969846 21.394224,-19.418757 21.475866,-17.520559 22.14942,-17.357273 25.068155,-19.255471 24.027208,-20.031079 24.312958,-19.969846</coordinates></LinearRing></outerBoundaryIs></Polygon>",5,0.06462757603,100.0,1,0.7415539586479157,4.796002795709267
3642,otsu,0,Yemen,0,44.310369,14.034428,38889.72785,2010-05-05,2010-05-06,0,7,0,Torrential Rain,1.0,"<Polygon><outerBoundaryIs><LinearRing><coordinates>45.432959,13.932374 44.738995,13.034302 43.881744,12.993481 43.187779,13.646624 43.187779,14.748804 44.249137,15.075375 45.432959,13.932374</coordinates></LinearRing></outerBoundaryIs></Polygon>",1,0.03888972785,100.0,1,1.0961025772585336,4.37979045424177
3663,std,0,Ghana,0,-0.981038,7.93162,150908.1076,2010-06-22,2010-06-26,0,30,0,Heavy Rain,1.0,"<Polygon><outerBoundaryIs><LinearRing><coordinates>0.059909,6.502869 -0.18502,5.604797 -2.634307,6.135476 -3.0017,7.441763 -1.491306,10.258443 1.039624,9.686943 0.059909,6.502869</coordinates></LinearRing></outerBoundaryIs></Polygon>",4,0.15090810759999998,100.0,1,0.13702814797301777,3.764803338106344
3714,std,0,Chad,0,14.625001,11.384999,38021.98663,2010-08-15,2010-09-17,News,24,70000,Heavy Rain,1.5,"<MultiGeometry><Polygon><outerBoundaryIs><LinearRing><coordinates>15.390001,10.979999 15.390001,10.799999 15.300001,10.799999 15.300001,10.619999 15.390001,10.619999 15.390001,10.349999 15.300001,10.349999 15.300001,10.169999 15.210001,10.169999 15.210001,10.349999 15.120001,10.349999 15.120001,10.439999 15.030001,10.439999 15.030001,10.529999 14.940001,10.529999 14.940001,10.619999 15.030001,10.619999 15.030001,11.159999 14.940001,11.159999 14.940001,10.979999 14.760001,10.979999 14.760001,11.069999 14.670001,11.069999 14.670001,11.159999 14.580001,11.159999 14.580001,11.339999 14.490001,11.339999 14.490001,11.429999 14.400001,11.429999 14.400001,11.699999 14.040001,11.699999 14.040001,12.239999 13.950001,12.239999 13.950001,12.329999 13.860001,12.329999 13.860001,12.599999 14.130001,12.599999 14.130001,12.419999 14.220001,12.419999 14.220001,12.329999 14.580001,12.329999 14.580001,12.059999 14.670001,12.059999 14.670001,11.969999 14.760001,11.969999 14.760001,11.879999 14.850001,11.879999 14.850001,11.699999 14.940001,11.699999 14.940001,11.429999 15.210001,11.429999 15.210001,11.339999 15.300001,11.339999 15.300001,10.979999 15.390001,10.979999</coordinates></LinearRing></outerBoundaryIs><innerBoundaryIs><LinearRing><coordinates>14.220001,12.329999 14.130001,12.329999 14.130001,12.239999 14.220001,12.239999 14.220001,12.329999</coordinates></LinearRing></innerBoundaryIs></Polygon><Polygon><outerBoundaryIs><LinearRing><coordinates>19.980001,9.269999 19.980001,9.179999 19.710001,9.179999 19.710001,9.089999 19.800001,9.089999 19.800001,8.909999 19.530001,8.909999 19.530001,8.999999 19.620001,8.999999 19.620001,9.089999 19.530001,9.089999 19.530001,9.179999 19.260001,9.179999 19.260001,8.909999 18.990001,8.909999 18.990001,8.729999 18.360001,8.729999 18.360001,8.819999 18.540001,8.819999 18.540001,8.999999 18.630001,8.999999 18.630001,9.089999 18.720001,9.089999 18.720001,9.179999 18.810001,9.179999 18.810001,9.269999 18.720001,9.269999 18.720001,9.539999 18.810001,9.539999 18.810001,9.629999 18.900001,9.629999 18.900001,9.809999 18.990001,9.809999 18.990001,9.629999 18.900001,9.629999 18.900001,9.539999 18.990001,9.539999 18.990001,9.359999 19.170001,9.359999 19.170001,9.269999 19.710001,9.269999 19.710001,9.449999 19.890001,9.449999 19.890001,9.269999 19.980001,9.269999</coordinates></LinearRing></outerBoundaryIs></Polygon><Polygon><outerBoundaryIs><LinearRing><coordinates>20.880001,10.709999 20.880001,10.259999 20.790001,10.259999 20.790001,10.169999 20.700001,10.169999 20.700001,10.079999 20.520001,10.079999 20.520001,9.989999 20.430001,9.989999 20.430001,9.899999 20.340001,9.899999 20.340001,10.079999 20.250001,10.079999 20.250001,10.169999 20.340001,10.169999 20.340001,10.259999 20.430001,10.259999 20.430001,10.529999 20.520001,10.529999 20.520001,10.619999 20.610001,10.619999 20.610001,10.709999 20.880001,10.709999</coordinates></LinearRing></outerBoundaryIs></Polygon><Polygon><outerBoundaryIs><LinearRing><coordinates>21.150001,9.719999 21.150001,9.539999 20.880001,9.539999 20.880001,9.449999 20.520001,9.449999 20.520001,9.539999 20.610001,9.539999 20.610001,9.719999 20.700001,9.719999 20.700001,9.899999 20.790001,9.899999 20.790001,9.989999 20.970001,9.989999 20.970001,10.079999 21.060001,10.079999 21.060001,9.719999 21.150001,9.719999</coordinates></LinearRing></outerBoundaryIs></Polygon><Polygon><outerBoundaryIs><LinearRing><coordinates>21.330001,8.549999 21.330001,8.369999 21.240001,8.369999 21.240001,8.189999 21.150001,8.189999 21.150001,8.009999 21.060001,8.009999 21.060001,7.919999 20.970001,7.919999 20.970001,8.009999 20.880001,8.009999 20.880001,8.189999 20.790001,8.189999 20.790001,8.279999 20.700001,8.279999 20.700001,8.459999 20.880001,8.459999 20.880001,8.369999 20.970001,8.369999 20.970001,8.459999 21.060001,8.459999 21.060001,8.549999 21.330001,8.549999</coordinates></LinearRing></outerBoundaryIs></Polygon><Polygon><outerBoundaryIs><LinearRing><coordinates>20.430001,9.359999 20.430001,8.999999 19.890001,8.999999 19.890001,9.089999 19.980001,9.089999 19.980001,9.179999 20.070001,9.179999 20.070001,9.359999 20.430001,9.359999</coordinates></LinearRing></outerBoundaryIs></Polygon><Polygon><outerBoundaryIs><LinearRing><coordinates>17.640001,12.689999 17.640001,12.509999 17.280001,12.509999 17.280001,12.689999 17.190001,12.689999 17.190001,12.959999 17.460001,12.959999 17.460001,12.599999 17.550001,12.599999 17.550001,12.689999 17.640001,12.689999</coordinates></LinearRing></outerBoundaryIs></Polygon><Polygon><outerBoundaryIs><LinearRing><coordinates>19.890001,9.989999 19.890001,9.629999 19.800001,9.629999 19.800001,9.539999 19.620001,9.539999 19.620001,9.719999 19.710001,9.719999 19.710001,9.989999 19.890001,9.989999</coordinates></LinearRing></outerBoundaryIs></Polygon><Polygon><outerBoundaryIs><LinearRing><coordinates>15.840001,9.719999 15.840001,9.359999 15.750001,9.359999 15.750001,9.449999 15.660001,9.449999 15.660001,9.809999 15.750001,9.809999 15.750001,9.719999 15.840001,9.719999</coordinates></LinearRing></outerBoundaryIs></Polygon><Polygon><outerBoundaryIs><LinearRing><coordinates>19.890001,10.799999 19.890001,10.709999 19.800001,10.709999 19.800001,10.619999 19.620001,10.619999 19.620001,10.799999 19.710001,10.799999 19.710001,10.889999 19.800001,10.889999 19.800001,10.799999 19.890001,10.799999</coordinates></LinearRing></outerBoundaryIs></Polygon><Polygon><outerBoundaryIs><LinearRing><coordinates>18.450001,8.369999 18.450001,8.189999 18.360001,8.189999 18.360001,8.099999 18.180001,8.099999 18.180001,8.189999 18.270001,8.189999 18.270001,8.369999 18.450001,8.369999</coordinates></LinearRing></outerBoundaryIs></Polygon><Polygon><outerBoundaryIs><LinearRing><coordinates>21.420001,11.879999 21.420001,11.699999 21.330001,11.699999 21.330001,11.609999 21.240001,11.609999 21.240001,11.879999 21.420001,11.879999</coordinates></LinearRing></outerBoundaryIs></Polygon><Polygon><outerBoundaryIs><LinearRing><coordinates>16.470001,8.639999 16.470001,8.549999 16.380001,8.549999 16.380001,8.459999 16.200001,8.459999 16.200001,8.549999 16.380001,8.549999 16.380001,8.639999 16.470001,8.639999</coordinates></LinearRing></outerBoundaryIs></Polygon><Polygon><outerBoundaryIs><LinearRing><coordinates>19.530001,9.539999 19.530001,9.359999 19.350001,9.359999 19.350001,9.449999 19.440001,9.449999 19.440001,9.539999 19.530001,9.539999</coordinates></LinearRing></outerBoundaryIs></Polygon><Polygon><outerBoundaryIs><LinearRing><coordinates>20.160001,8.819999 20.160001,8.729999 20.070001,8.729999 20.070001,8.819999 20.160001,8.819999</coordinates></LinearRing></outerBoundaryIs></Polygon><Polygon><outerBoundaryIs><LinearRing><coordinates>19.350001,10.169999 19.350001,10.079999 19.260001,10.079999 19.260001,10.169999 19.350001,10.169999</coordinates></LinearRing></outerBoundaryIs></Polygon><Polygon><outerBoundaryIs><LinearRing><coordinates>20.430001,9.809999 20.430001,9.719999 20.340001,9.719999 20.340001,9.809999 20.430001,9.809999</coordinates></LinearRing></outerBoundaryIs></Polygon><Polygon><outerBoundaryIs><LinearRing><coordinates>13.320001,12.149999 13.320001,12.059999 13.230001,12.059999 13.230001,12.149999 13.320001,12.149999</coordinates></LinearRing></outerBoundaryIs></Polygon><Polygon><outerBoundaryIs><LinearRing><coordinates>15.930001,8.369999 15.930001,8.279999 15.840001,8.279999 15.840001,8.369999 15.930001,8.369999</coordinates></LinearRing></outerBoundaryIs></Polygon><Polygon><outerBoundaryIs><LinearRing><coordinates>16.560001,8.819999 16.560001,8.729999 16.470001,8.729999 16.470001,8.819999 16.560001,8.819999</coordinates></LinearRing></outerBoundaryIs></Polygon></MultiGeometry>",33,0.03802198663,100.0,1,0.8027821573440607,2.3218525446885523
3741,std,0,Chad,0,15.210001,11.204999,8249.260109,2010-10-01,2010-11-05,News,0,0,Heavy Rain,1.5,"<Polygon><outerBoundaryIs><LinearRing><coordinates>14.670001,11.969999 14.940001,11.969999 14.940001,11.879999 15.120001,11.879999 15.120001,11.789999 15.210001,11.789999 15.210001,11.519999 15.300001,11.519999 15.300001,11.339999 15.390001,11.339999 15.390001,10.889999 15.300001,10.889999 15.300001,10.439999 15.120001,10.439999 15.120001,10.529999 15.030001,10.529999 15.030001,11.339999 14.940001,11.339999 14.940001,11.249999 14.850001,11.249999 14.850001,11.069999 14.670001,11.069999 14.670001,11.429999 14.580001,11.429999 14.580001,11.699999 14.670001,11.699999 14.670001,11.969999</coordinates></LinearRing></outerBoundaryIs></Polygon>",35,0.008249260109000001,100.0,1,1.429196747637044,3.9728535317544136
3747,std,0,Ghana,0,-0.809999,8.279999,4567.708597,2010-11-05,2010-11-11,News,0,2600,Heavy Rain,1.5,"<MultiGeometry><Polygon><outerBoundaryIs><LinearRing><coordinates>-0.269999,8.009999 -0.269999,7.919999 -0.629999,7.919999 -0.629999,8.009999 -0.719999,8.009999 -0.719999,8.099999 -0.809999,8.099999 -0.809999,8.189999 -0.899999,8.189999 -0.899999,8.279999 -0.989999,8.279999 -0.989999,8.459999 -1.079999,8.459999 -1.079999,8.639999 -0.989999,8.639999 -0.989999,8.459999 -0.899999,8.459999 -0.899999,8.369999 -0.809999,8.369999 -0.809999,8.279999 -0.719999,8.279999 -0.719999,8.189999 -0.629999,8.189999 -0.629999,8.099999 -0.449999,8.099999 -0.449999,8.009999 -0.269999,8.009999</coordinates></LinearRing></outerBoundaryIs></Polygon><Polygon><outerBoundaryIs><LinearRing><coordinates>0.180001,7.379999 0.180001,7.199999 0.090001,7.199999 0.090001,7.289999 -0.089999,7.289999 -0.089999,7.379999 1.0E-6,7.379999 1.0E-6,7.469999 -0.179999,7.469999 -0.179999,7.649999 -0.269999,7.649999 -0.269999,7.829999 -0.089999,7.829999 -0.089999,7.739999 -0.179999,7.739999 -0.179999,7.649999 1.0E-6,7.649999 1.0E-6,7.469999 0.090001,7.469999 0.090001,7.379999 0.180001,7.379999</coordinates></LinearRing></outerBoundaryIs></Polygon><Polygon><outerBoundaryIs><LinearRing><coordinates>1.0E-6,6.479999 1.0E-6,6.299999 -0.179999,6.299999 -0.179999,6.389999 -0.359999,6.389999 -0.359999,6.569999 -0.539999,6.569999 -0.539999,6.659999 -0.359999,6.659999 -0.359999,6.569999 -0.179999,6.569999 -0.179999,6.479999 1.0E-6,6.479999</coordinates></LinearRing></outerBoundaryIs></Polygon><Polygon><outerBoundaryIs><LinearRing><coordinates>0.180001,7.019999 0.180001,6.929999 -0.089999,6.929999 -0.089999,7.109999 0.090001,7.109999 0.090001,7.019999 0.180001,7.019999</coordinates></LinearRing></outerBoundaryIs></Polygon><Polygon><outerBoundaryIs><LinearRing><coordinates>0.090001,8.279999 0.090001,8.189999 1.0E-6,8.189999 1.0E-6,8.279999 0.090001,8.279999</coordinates></LinearRing></outerBoundaryIs></Polygon><Polygon><outerBoundaryIs><LinearRing><coordinates>1.0E-6,6.749999 1.0E-6,6.659999 -0.089999,6.659999 -0.089999,6.749999 1.0E-6,6.749999</coordinates></LinearRing></outerBoundaryIs></Polygon><Polygon><outerBoundaryIs><LinearRing><coordinates>-0.629999,6.749999 -0.629999,6.659999 -0.719999,6.659999 -0.719999,6.749999 -0.629999,6.749999</coordinates></LinearRing></outerBoundaryIs></Polygon></MultiGeometry>",6,0.004567708597,100.0,1,4.383704068488521,1.847045605789599
3778,std,FL-2011-000019-LSO,Lesotho,None,28.078344,-29.502452,19634.42572,2011-02-01,2011-02-16,News,26,5000,Heavy Rain,1.0,"<Polygon><outerBoundaryIs><LinearRing><coordinates>27.87144,-30.354404 27.701056,-30.33006 27.701056,-30.33006 27.165536,-29.453768 28.479984,-28.6505 28.991152,-29.161672 28.77208,-29.916256 27.87144,-30.354404</coordinates></LinearRing></outerBoundaryIs></Polygon>",15,0.019634425719999998,100.0,1,0.5955498287088744,2.414737768242178
3863,std,None,Uganda,Kenya,33.667825,1.660439,37846.34665,2011-08-20,2011-09-08,News,31,0,Heavy Rain,1.5,"<Polygon><outerBoundaryIs><LinearRing><coordinates>34.933585,1.855171 34.641489,0.881507 33.278353,0.881507 32.402065,1.270971 32.791537,2.439371 33.765201,2.439371 34.933585,1.855171</coordinates></LinearRing></outerBoundaryIs></Polygon>",19,0.03784634665,100.0,1,0.4455287041235187,2.1325495293841596
3872,otsu,None,Ghana,None,-0.945865,5.584658,9829.517622,2011-10-26,2011-10-29,News,14,43000,Torrential Rain,1.0,"<Polygon><outerBoundaryIs><LinearRing><coordinates>-0.23996,5.682025 -0.824157,5.243877 -1.65177,5.122169 -1.65177,5.682025 -0.70245,6.047148 -0.23996,5.682025</coordinates></LinearRing></outerBoundaryIs></Polygon>",3,0.009829517622,100.0,1,0.6054658946014432,2.8318694304263525
3874,std,None,Kenya,Somalia,40.167169,2.180851,41010.10795,2011-11-09,2011-11-15,News,4,10000,Torrential Rain,1.5,"<Polygon><outerBoundaryIs><LinearRing><coordinates>40.985025,1.538239 40.050337,1.031935 39.076673,2.200327 39.894529,3.329767 41.257665,3.251871 40.985025,1.538239</coordinates></LinearRing></outerBoundaryIs></Polygon>",6,0.04101010795,100.0,1,2.497779451321429,8.648010403548936
3875,std,None,Uganda,None,34.383649,2.570315,22324.62878,2011-11-09,2011-12-20,News,0,15000,Torrential Rain,1.5,"<Polygon><outerBoundaryIs><LinearRing><coordinates>34.364161,3.212927 34.208385,3.485551 34.792577,3.368711 35.143105,2.083487 34.481025,1.655079 33.741041,2.005591 33.624193,2.862407 34.364161,3.212927</coordinates></LinearRing></outerBoundaryIs></Polygon>",41,0.022324628779999998,100.0,1,1.3892320461183418,1.0686192597251059
3880,otsu,None,South Africa,None,30.06063,-29.208414,15384.57223,2011-11-27,2011-12-02,News,6,0,Torrential Rain,1.5,"<Polygon><outerBoundaryIs><LinearRing><coordinates>30.975862,-29.500514 30.936918,-29.812082 30.157974,-29.928922 29.145398,-28.87737 30.11903,-28.487906 30.975862,-29.500514</coordinates></LinearRing></outerBoundaryIs></Polygon>",5,0.015384572229999999,100.0,1,0.5887461318571893,3.8310162031290265
3881,otsu,None,Kenya,None,36.116761,0.385821,9789.330741,2011-11-29,2011-12-22,News,24,98000,Heavy Rain,1.5,"<Polygon><outerBoundaryIs><LinearRing><coordinates>35.649417,0.346877 35.805193,0.970013 36.350441,0.853173 36.584105,0.307933 36.311497,-0.198371 35.727305,-0.081531 35.649417,0.346877</coordinates></LinearRing></outerBoundaryIs></Polygon>",23,0.009789330741,100.0,1,1.670741321653021,1.2136617924454658
3886,std,None,Tanzania,None,39.037723,-6.917042,5900.638172,2011-12-20,2011-12-22,News,13,0,Heavy Rain,2.0,"<Polygon><outerBoundaryIs><LinearRing><coordinates>39.076683,-7.46229 38.609323,-7.11177 38.804043,-6.371794 39.076683,-6.722306 39.466123,-6.955986 39.310347,-7.306506 39.076683,-7.46229</coordinates></LinearRing></outerBoundaryIs></Polygon>",2,0.005900638172,100.0,1,1.101945825487942,2.14691959250966
3892,otsu,FL-2012-000017-MWI,Mozambique,South Africa,34.072072,-21.451324,269445.7147,2012-01-17,2012-02-14,News,37,100000,"Tropical Storms Dando, Funso",1.5,"<Polygon><outerBoundaryIs><LinearRing><coordinates>33.58524,-25.073324 31.365304,-25.501732 31.637944,-21.996572 32.06636,-20.51662 34.208408,-17.400916 35.337848,-17.517764 36.77884,-18.179844 34.98732,-19.62086 34.558904,-19.62086 34.481016,-20.243996 34.909432,-20.7503 35.065208,-21.29554 35.259928,-22.386036 35.298872,-23.55442 35.259928,-24.294404 34.169432,-24.91754 33.58524,-25.073324</coordinates></LinearRing></outerBoundaryIs></Polygon>",28,0.2694457147,100.0,1,2.6343724402444044,4.6855124864146855
3901,otsu,None,Nigeria,Camaroun,12.807442,9.859668,50438.08646,2012-02-20,2012-02-27,News,5,300,Heavy Rain,1.0,"<Polygon><outerBoundaryIs><LinearRing><coordinates>13.839522,11.3591 13.878466,10.463332 12.865858,8.360236 11.736418,8.7497 12.048002,10.813844 13.839522,11.3591</coordinates></LinearRing></outerBoundaryIs></Polygon>",7,0.050438086459999996,100.0,1,0.49556681343053544,2.8070665608446843
3917,std,None,Kenya,None,36.214118,-2.441234,117773.2181,2012-04-09,2012-04-26,News,0,50,Heavy Rain,1.0,"<Polygon><outerBoundaryIs><LinearRing><coordinates>38.239321,-3.222158 35.746763,-4.264032 34.188915,-2.441625 35.435194,-1.139558 37.927751,-0.618437 38.239321,-3.222158</coordinates></LinearRing></outerBoundaryIs></Polygon>",17,0.1177732181,100.0,1,0.7206064379198713,1.5858612117597066
3971,std,None,Senegal,None,-15.494274,14.462036,79242.6954,2012-08-24,2012-08-29,News,4,1200,Torrential Rain,1.5,"<Polygon><outerBoundaryIs><LinearRing><coordinates>-17.636316,14.948864 -16.078467,15.630423 -13.352233,15.04623 -13.936426,13.683112 -16.467929,13.29365 -17.246853,14.364671 -17.636316,14.948864</coordinates></LinearRing></outerBoundaryIs></Polygon>",5,0.0792426954,100.0,1,0.6756310383960362,1.9009393245912671
3976,std,None,Nigeria,Camaroun,12.10885,9.301664,96830.55308,2012-08-25,2012-09-26,News,127,20000,Heavy Rain,1.5,"<Polygon><outerBoundaryIs><LinearRing><coordinates>11.281243,6.57543 10.502319,7.64645 11.183877,10.177954 12.936457,12.027899 13.715381,10.956878 12.839091,9.106933 11.281243,6.57543</coordinates></LinearRing></outerBoundaryIs></Polygon>",32,0.09683055307999999,100.0,1,0.23142140921366144,3.818275475444862
3980,std,None,Uganda,None,32.726004,2.656467,57981.45109,2012-08-20,2012-09-07,News,0,15000,Heavy Rain,1.0,"<Polygon><outerBoundaryIs><LinearRing><coordinates>34.502916,2.63213 32.652996,1.707154 31.09514,2.340028 30.949092,3.313684 32.847716,3.60578 34.21082,3.459732 34.502916,2.63213</coordinates></LinearRing></outerBoundaryIs></Polygon>",18,0.057981451090000004,100.0,1,1.3446318754812538,1.8866762520792117
3981,std,None,Kenya,None,35.829521,1.366374,18459.6553,2012-08-15,2012-09-07,News,0,3000,Heavy Rain,1.0,"<Polygon><outerBoundaryIs><LinearRing><coordinates>36.316349,1.329862 35.975573,0.623962 35.123621,0.59962 35.318357,1.792348 35.780845,2.133128 36.511085,1.914056 36.535421,1.524594 36.316349,1.329862</coordinates></LinearRing></outerBoundaryIs></Polygon>",23,0.0184596553,100.0,1,1.2982994232898395,3.028990194373164
3982,otsu,None,The Gambia,None,-16.151491,13.409272,4747.32903,2012-09-02,2012-09-07,News,0,41,Heavy Rain,1.0,"<Polygon><outerBoundaryIs><LinearRing><coordinates>-15.719432,13.445784 -15.950675,13.287565 -16.291454,13.20237 -16.790453,13.20237 -16.839135,13.579662 -16.38882,13.567491 -15.597725,13.616174 -15.463847,13.457955 -15.719432,13.445784</coordinates></LinearRing></outerBoundaryIs></Polygon>",5,0.00474732903,100.0,1,1.00512655267436,2.7809314344561757
3991,std,None,South Sudan,Sudan,29.585968,9.569418,138743.899,2012-09-07,2012-10-03,News,15,3000,Heavy Rain,1.0,"<Polygon><outerBoundaryIs><LinearRing><coordinates>32.068792,10.616102 31.095128,7.98723 28.271528,8.084594 27.103144,9.837174 28.271528,11.151606 32.068792,10.616102</coordinates></LinearRing></outerBoundaryIs></Polygon>",26,0.138743899,100.0,1,0.7908973173363019,1.96246203683042
3992,std,None,Somalia,None,44.896686,4.944556,13753.98898,2012-09-22,2012-10-03,News,6,12200,Heavy Rain,1.5,"<Polygon><outerBoundaryIs><LinearRing><coordinates>45.529558,5.674796 45.480886,4.263 44.361174,4.214316 44.263814,4.99324 44.848022,4.99324 45.529558,5.674796</coordinates></LinearRing></outerBoundaryIs></Polygon>",11,0.01375398898,100.0,1,0.2428355674016738,7.940466642776753
3994,std,None,Niger,None,2.956491,14.315988,121035.6525,2012-09-15,2012-10-15,News,91,0,Heavy Rain,1.0,"<Polygon><outerBoundaryIs><LinearRing><coordinates>5.244581,13.877844 3.394636,12.709457 1.34996,12.806823 0.668402,14.121257 1.496008,15.922519 3.492001,15.679106 5.098533,14.121257 5.244581,13.877844</coordinates></LinearRing></outerBoundaryIs></Polygon>",30,0.1210356525,100.0,1,0.6566229493256713,3.7320568319777476
3995,otsu,None,Chad,None,20.506625,11.078585,86061.68118,2012-09-15,2012-10-15,News,0,17000,Heavy Rain,1.0,"<Polygon><outerBoundaryIs><LinearRing><coordinates>21.699353,12.952871 22.380912,10.908195 19.119167,9.204299 18.632339,10.956878 21.699353,12.952871</coordinates></LinearRing></outerBoundaryIs></Polygon>",30,0.08606168118,100.0,1,0.7098408304623798,0.987507395294772
4022,std,None,Kenya,None,36.51717,0.058024,71113.04818,2013-01-13,2013-01-17,News,20,400,Heavy Rain,1.0,"<Polygon><outerBoundaryIs><LinearRing><coordinates>36.663218,-1.670216 35.494834,-0.501824 35.78693,1.932312 36.371122,1.980992 37.24741,1.640216 37.539506,-1.037336 37.24741,-1.864944 36.663218,-1.670216</coordinates></LinearRing></outerBoundaryIs></Polygon>",4,0.07111304818,100.0,1,0.44830688531286167,2.9838880276297997
4023,std,None,Mozambique,Zimbabwe,32.67733,-24.800608,83155.20769,2013-01-17,2013-03-04,News,135,170000,Heavy Rain,1.5,"<Polygon><outerBoundaryIs><LinearRing><coordinates>32.774706,-27.429476 31.362898,-27.040014 31.460242,-22.950662 32.433906,-22.36647 33.164146,-23.534858 33.553618,-24.800606 32.87205,-25.287434 32.774706,-27.429476 32.774706,-27.429476</coordinates></LinearRing></outerBoundaryIs></Polygon>",46,0.08315520769,100.0,1,0.8510488817739238,1.952492511950568
4026,std,Fl-2013-000014-BWA,Botswana,South Africa,25.064564,-20.376563,198590.4775,2013-01-15,2013-02-01,News,0,400,Heavy Rain,1.5,"<Polygon><outerBoundaryIs><LinearRing><coordinates>27.98554,-22.031775 24.869828,-22.615967 22.143588,-21.350215 22.143588,-18.526615 24.772484,-18.137159 26.817156,-20.376567 27.98554,-22.031775</coordinates></LinearRing></outerBoundaryIs></Polygon>",17,0.1985904775,100.0,1,1.4978801224326888,4.162919651483692
4037,std,None,Namibia,None,22.624352,-17.814634,100905.1664,2013-03-01,2013-03-17,News,0,10000,Heavy Rain,1.0,"<Polygon><outerBoundaryIs><LinearRing><coordinates>24.912448,-18.447508 21.212544,-18.934336 19.946816,-17.863316 21.017792,-16.694932 24.815104,-16.987028 25.301888,-17.96068 24.912448,-18.447508</coordinates></LinearRing></outerBoundaryIs></Polygon>",16,0.1009051664,100.0,1,6.594169840950424,1.8289456088634934
4055,std,None,Somalia,None,43.655301,2.169639,243476.2598,2013-05-01,2013-05-16,News,7,50000,Heavy Rain,2.0,"<Polygon><outerBoundaryIs><LinearRing><coordinates>44.994053,1.877539 42.316517,-0.410549 41.537605,-1.189469 40.856037,0.417059 41.342853,3.289339 43.776997,5.041923 45.870341,5.528747 46.259813,3.532755 46.454565,2.948563 44.117765,1.488083 44.994053,1.877539</coordinates></LinearRing></outerBoundaryIs></Polygon>",15,0.2434762598,100.0,1,1.1907433938957022,2.5667275976824433
4094,std,None,South Sudan,None,28.824089,7.737242,172574.2604,2013-10-08,2013-10-14,News,0,3300,Heavy Rain,1.0,"<Polygon><outerBoundaryIs><LinearRing><coordinates>30.754082,6.69513 30.556134,5.604328 27.48794,6.30008 26.399226,8.08574 27.784862,9.870156 30.160238,9.472271 31.248952,8.380822 30.754082,6.69513</coordinates></LinearRing></outerBoundaryIs></Polygon>",6,0.1725742604,100.0,1,1.2937570026882204,3.4990574754123145
4137,std,None,Tanzania,None,38.968923,-7.193015,18498.39235,2014-04-18,2014-05-01,News,41,0,Torrential Rain,1.5,"<Polygon><outerBoundaryIs><LinearRing><coordinates>39.488536,-6.995123 39.340075,-8.135538 38.44931,-8.234263 38.548284,-6.721925 38.721488,-6.151768 39.265845,-6.771872 39.488536,-6.995123</coordinates></LinearRing></outerBoundaryIs></Polygon>",13,0.018498392349999997,100.0,1,0.9282576768066321,4.190741122139417
4140,std,None,Tanzania,None,38.944179,-7.664354,22249.34265,2014-05-10,2014-05-16,News,0,22000,Heavy Rain,1.0,"<Polygon><outerBoundaryIs><LinearRing><coordinates>38.770975,-6.449312 39.414306,-6.895913 39.265845,-7.490876 39.51328,-7.937279 39.463793,-8.879397 38.919436,-8.879123 38.375079,-7.540015 38.770975,-6.449312</coordinates></LinearRing></outerBoundaryIs></Polygon>",6,0.02224934265,100.0,1,0.1467872212496126,1.491603620340712
4175,std,None,Niger,None,6.40648,16.327289,350748.906,2014-08-13,2014-08-19,News,12,10000,Heavy Rain,1.0,"<Polygon><outerBoundaryIs><LinearRing><coordinates>10.563388,14.539938 4.822896,13.551094 2.249573,13.552387 4.229053,17.121618 7.39622,19.103485 9.573648,18.507353 10.563388,14.539938</coordinates></LinearRing></outerBoundaryIs></Polygon>",6,0.350748906,100.0,1,0.9738345313502039,2.29963262537532
4186,std,None,South Sudan,None,32.906766,6.941732,143087.3061,2014-09-21,2014-10-11,News,7,3000,Heavy Rain,1.0,"<Polygon><outerBoundaryIs><LinearRing><coordinates>35.108937,5.552453 33.673815,4.313513 31.001517,8.033841 30.704595,9.273652 33.129458,9.569952 35.108937,5.552453</coordinates></LinearRing></outerBoundaryIs></Polygon>",20,0.14308730609999998,100.0,1,1.0620810200131512,2.1436872158142837
4201,std,None,Somalia,Ethiopia,45.253771,4.134278,42635.81312,2014-10-24,2014-11-16,News,0,21000,Heavy Rain,1.5,"<Polygon><outerBoundaryIs><LinearRing><coordinates>46.490946,4.108726 46.58992,3.811158 44.907362,2.919447 43.917622,4.605884 45.055823,5.349109 46.490946,4.108726</coordinates></LinearRing></outerBoundaryIs></Polygon>",23,0.04263581312,100.0,1,11.7428214385014,1.9607663342968993
4219,std,FL-2015-000006-MWI,Malawi,Mozambique,35.356372,-18.794576,485939.3886,2015-01-01,2015-02-09,News,276,336000,Heavy Rain,2.0,"<Polygon><outerBoundaryIs><LinearRing><coordinates>38.721488,-17.159964 34.861502,-19.835693 35.851242,-23.307243 33.475867,-23.801914 31.496387,-20.329867 32.189205,-16.859162 34.267658,-14.678402 37.03893,-13.787238 38.127644,-14.382823 39.216358,-15.275927 39.216358,-16.267656 38.721488,-17.159964</coordinates></LinearRing></outerBoundaryIs></Polygon>",39,0.4859393886,100.0,1,0.8250090155389854,6.571401449271867
4224,std,FL-2015-000004-MDG,Madagascar,None,45.921846,-19.667487,277594.7478,2015-01-05,2015-02-09,News,0,20000,Tropical Storms Fundi and Chedza,1.5,"<Polygon><outerBoundaryIs><LinearRing><coordinates>44.016596,-24.228696 43.868135,-22.691441 43.670188,-21.104574 44.511466,-19.964508 44.214544,-17.782555 44.709414,-15.898518 46.985816,-15.106278 48.173504,-16.197777 46.886842,-21.453296 44.016596,-24.228696</coordinates></LinearRing></outerBoundaryIs></Polygon>",35,0.2775947478,100.0,1,1.3519491180492442,3.328397162328324
4233,std,None,Angola,None,13.681068,-8.816642,10252.78572,2015-03-09,2015-03-23,News,0,1000,Torrential Rain,1.5,"<Polygon><outerBoundaryIs><LinearRing><coordinates>13.359403,-8.048102 13.90376,-8.54424 14.200682,-9.189014 13.161455,-9.585183 13.161455,-8.940559 13.40889,-8.692751 13.359403,-8.048102</coordinates></LinearRing></outerBoundaryIs></Polygon>",14,0.01025278572,100.0,1,0.965883773104824,1.4470948904011838
4241,std,None,Madagascar,None,47.010559,-18.155697,68755.39461,2015-03-05,2015-04-15,News,0,25000,Heavy Rain,1.5,"<Polygon><outerBoundaryIs><LinearRing><coordinates>48.420939,-17.908635 47.678634,-19.395856 45.60018,-19.196465 45.699154,-16.915538 47.282738,-16.916333 48.321965,-17.313547 48.420939,-17.908635</coordinates></LinearRing></outerBoundaryIs></Polygon>",41,0.06875539461,100.0,1,0.3107775060017556,4.301358803206043
4294,std,None,Nigeria,None,11.528384,9.952668,186816.0203,2015-08-30,2015-09-11,News,30,2000,Heavy Rain,1.5,"<Polygon><outerBoundaryIs><LinearRing><coordinates>14.423373,11.71157 12.889277,9.927228 11.652102,7.250181 8.633395,9.235156 10.563388,11.862269 11.553128,12.655155 14.423373,11.71157</coordinates></LinearRing></outerBoundaryIs></Polygon>",12,0.1868160203,100.0,1,3.135607121528218,7.854433099961782
4317,std,None,Kenya,None,39.51328,-2.036427,103769.5243,2015-12-01,2016-01-06,News,112,100000,Heavy Rain,1.5,"<Polygon><outerBoundaryIs><LinearRing><coordinates>41.443273,-1.392835 41.393786,-1.640743 41.245325,-2.03736 40.354559,-2.532777 39.612254,-3.871238 38.078157,-2.977911 37.583287,-0.696685 39.166871,-0.201616 41.443273,-1.392835</coordinates></LinearRing></outerBoundaryIs></Polygon>",36,0.1037695243,100.0,1,2.1210962045998336,4.555032338627229
4324,std,FL-2006-000011-TZA,Tanzania,None,35.504833,-4.761681,182022.095,2016-01-14,2016-01-29,News,1,400,Heavy Rain,1.0,"<Polygon><outerBoundaryIs><LinearRing><coordinates>38.325592,-6.944953 37.434826,-7.44037 35.455346,-7.439375 32.684075,-3.173546 33.376893,-2.082992 35.158424,-2.579752 38.325592,-6.944953</coordinates></LinearRing></outerBoundaryIs></Polygon>",15,0.182022095,100.0,1,2.2056713883009627,1.271649678527511
4357,std,None,Tanzania,None,35.999703,-6.894272,84214.62796,2016-04-22,2016-05-30,Flood List,5,14000,Heavy Rain,1.5,"<Polygon><outerBoundaryIs><LinearRing><coordinates>38.02867,-8.234052 33.970736,-7.736148 34.267658,-5.554492 37.335852,-6.646936 37.929696,-7.1431 38.02867,-8.234052</coordinates></LinearRing></outerBoundaryIs></Polygon>",38,0.08421462796,100.0,1,0.40277086384837535,2.133754200163754
4369,std,None,Sudan,None,34.242915,12.519849,39617.88447,2016-06-30,2016-07-06,News,0,4000,Torrential Rain,1.0,"<Polygon><outerBoundaryIs><LinearRing><coordinates>34.861502,12.147578 34.663554,11.453467 33.079971,11.503849 33.574841,13.586232 35.405859,13.139033 34.861502,12.147578</coordinates></LinearRing></outerBoundaryIs></Polygon>",6,0.039617884469999996,100.0,1,4.066547303069456,5.121542046145299
4381,std,None,South Africa,None,32.288179,-27.594955,22841.138,2016-07-25,2016-08-03,News,7,0,Heavy Rain,1.0,"<MultiGeometry><Polygon><outerBoundaryIs><LinearRing><coordinates>33.079971,-26.82649 32.585101,-28.363421 32.288179,-28.264099 31.496387,-27.966183 32.288179,-26.875678 33.079971,-26.82649</coordinates></LinearRing></outerBoundaryIs></Polygon><Polygon><outerBoundaryIs><LinearRing><coordinates>19.223612,-32.918662 18.580281,-33.513376 18.382333,-33.116585 18.43182,-32.372813 18.728742,-31.877097 19.223612,-32.918662</coordinates></LinearRing></outerBoundaryIs></Polygon></MultiGeometry>",9,0.022841138,100.0,1,0.24614091969045432,1.9082093079456146
4391,std,None,Mali,None,5.095075,15.485015,41985.86923,2016-09-14,2016-09-22,News,0,0,Heavy Rain,1.5,"<Polygon><outerBoundaryIs><LinearRing><coordinates>6.554941,15.335336 4.179566,14.245627 3.635209,15.188044 5.268279,16.724404 6.258019,15.633004 6.554941,15.335336</coordinates></LinearRing></outerBoundaryIs></Polygon>",8,0.04198586922999999,100.0,1,1.798327549467945,3.3936624741883152
4439,std,FL-2017-000012-MOZ,Mozambique,None,34.515093,-20.777836,128096.6858,2017-01-01,2017-02-07,News,6,1200,Heavy Rain,1.5,"<Polygon><outerBoundaryIs><LinearRing><coordinates>36.247138,-18.943833 35.851242,-19.637845 34.861502,-20.034039 34.465606,-20.232186 35.158424,-22.017647 35.55432,-23.604613 32.783049,-23.206528 32.882023,-20.628082 34.168684,-17.951059 36.247138,-18.943833</coordinates></LinearRing></outerBoundaryIs></Polygon>",37,0.1280966858,100.0,1,8.939285156004578,4.004092754782164
4455,std,FL-2017-000027-NAM,Namibia,None,17.046184,-20.569767,248928.2833,2017-03-09,2017-03-22,News,0,0,Heavy Rain,1.0,"<Polygon><outerBoundaryIs><LinearRing><coordinates>19.223612,-17.844376 18.728742,-17.844128 19.223612,-19.034451 18.827716,-22.802824 15.95747,-23.594765 14.868756,-21.015722 15.066704,-17.544769 19.223612,-17.844376</coordinates></LinearRing></outerBoundaryIs></Polygon>",13,0.2489282833,100.0,1,0.37137745853614273,1.710070784685837
4472,std,None,Kenya,None,37.880209,-2.878787,55027.86458,2017-05-08,2017-05-15,News,13,6000,Heavy Rain,1.0,"<Polygon><outerBoundaryIs><LinearRing><coordinates>39.810202,-3.375473 39.01841,-4.465977 37.335852,-2.779192 35.950216,-1.489248 37.335852,-1.291598 39.810202,-3.375473</coordinates></LinearRing></outerBoundaryIs></Polygon>",7,0.05502786458,100.0,1,0.567623047351363,2.6385705758202804
4586,std,None,Angola,None,16.006957,-11.247113,462991.0644,2018-03-01,2018-03-14,FloodList,8,3000,Heavy Rain,1.5,"<Polygon><outerBoundaryIs><LinearRing><coordinates>19.42156,-12.885829 16.848236,-15.958897 15.066704,-14.867099 13.285173,-13.279437 14.076965,-10.701339 13.087225,-9.114075 12.988251,-7.626431 12.592355,-6.53533 15.165678,-6.536623 17.541054,-8.521275 18.728742,-11.893752 19.42156,-12.885829</coordinates></LinearRing></outerBoundaryIs></Polygon>",13,0.4629910644,100.0,1,1.1047856840663974,0.5376036663040057
4590,std,None,Madagascar,None,47.827095,-16.669172,258959.0292,2018-03-16,2018-03-23,FloodList,17,6000,Tropical Storm Eliakim,1.5,"<Polygon><outerBoundaryIs><LinearRing><coordinates>48.222991,-20.834137 46.342485,-19.246425 45.253771,-16.369863 45.352745,-15.675702 47.431199,-15.379228 48.124017,-14.090328 48.816835,-13.89233 49.410679,-12.504207 49.707601,-13.496086 50.400419,-15.579065 49.905549,-16.967238 49.509653,-18.454633 48.222991,-20.834137</coordinates></LinearRing></outerBoundaryIs></Polygon>",7,0.25895902919999997,100.0,1,0.6044262281851434,1.6287391360716648
4602,std,None,Burundi,None,29.640624,-4.014862,8958.538722,2018-04-28,2018-05-01,FloodList,0,2576,Torrential Rain,1.0,"<Polygon><outerBoundaryIs><LinearRing><coordinates>30.160238,-4.064834 29.912803,-4.312642 29.665368,-4.56045 29.368446,-4.411542 29.121011,-4.014726 29.121011,-3.469275 29.566394,-3.469498 30.160238,-4.064834</coordinates></LinearRing></outerBoundaryIs></Polygon>",3,0.008958538722,100.0,1,0.21210720862634921,2.395796933349995
4603,std,None,Rwanda,None,30.011777,-1.783994,14768.04876,2018-04-23,2018-04-25,FloodList,18,360,Torrential Rain,1.5,"<Polygon><outerBoundaryIs><LinearRing><coordinates>30.407673,-2.379019 29.516907,-2.279398 29.269472,-1.981755 29.566394,-1.48604 30.160238,-1.486338 30.45716,-1.188969 30.754082,-1.635396 30.754082,-2.180847 30.754082,-2.28002 30.407673,-2.379019</coordinates></LinearRing></outerBoundaryIs></Polygon>",2,0.01476804876,100.0,1,1.0709680668336576,1.456605034332776
4667,otsu,None,Nigeria,None,8.2375,10.4748,257477.37,2018-08-20,2018-10-02,FloodList,108,148000,Heavy Rain,2.0,"<Polygon><outerBoundaryIs><LinearRing><coordinates>12.196459,10.324268 12.691329,9.927327 9.326213,8.342252 4.080592,9.733309 3.78367,10.725187 8.138525,12.607285 12.196459,10.324268</coordinates></LinearRing></outerBoundaryIs></Polygon>",43,0.25747737,100.0,1,0.3456585939560384,6.148484643128709
4683,std,None,Ghana,None,-1.06606,9.53755,83997.78,2018-09-01,2018-10-02,FloodList,34,100000,"Heavy Rain, Dam releases",1.5,"<Polygon><outerBoundaryIs><LinearRing><coordinates>0.468041,8.693808 -2.501179,8.199436 -2.600153,10.877155 0.270093,10.776539 0.270093,10.379848 0.468041,8.197944 0.468041,8.693808</coordinates></LinearRing></outerBoundaryIs></Polygon>",31,0.08399778,100.0,1,1.6057523981563642,1.3296680319219294
