Age,Setting,Water_Source,Salt_Intake_g_week,Honey_Intake_g_week,Seafood_Freq_week,Bottled_Water_Freq_week,Canned_Goods_Freq_week,Primary_Packaging,Exposure_Risk
52,Urban,Tap,8.17989911570411,26.844372440546998,2,0.8496238354041667,2,HDPE,Low
42,Urban,Tap,10.633851076838418,57.92422694036066,2,0.378956077834378,2,PET,Low
54,Urban,Tap,13.600236869280584,12.73528194464486,1,0.00527125158369808,5,HDPE,Low
67,Rural,Tap,8.524292657481384,3.385841580453673,5,1.1989627151870077,2,PET,Negligible
41,Urban,Bottled,4.370341881874378,21.18202347695558,3,14.963507028801631,2,PET,High
41,Rural,Bottled,11.859134337898409,0.5047354052048953,4,11.337226140425813,4,HDPE,Low
68,Urban,Bottled,8.093912833523111,2.627694552830484,3,15.476065751300668,3,Non-Plastic,Low
56,Urban,Tap,6.431000022728917,22.767781499270473,0,3.927453520253116,4,PET,Low
37,Rural,Well,8.126963830860328,2.9597168916602334,3,0.5961523842876756,3,Non-Plastic,Negligible
53,Rural,Tap,9.446423927032452,2.492963996704412,2,0.5134772096399483,2,PET,Negligible
38,Rural,Tap,8.18576600638536,1.4864537055384224,3,1.3106011932735515,5,Non-Plastic,Negligible
38,Rural,Bottled,3.383301828702793,19.597883103082513,3,10.410987975354972,0,HDPE,Low
48,Urban,Tap,12.691198590661397,6.932637057309128,1,0.4843602775896352,4,PET,Low
18,Rural,Tap,13.824625123836167,11.236015446443059,1,0.6345258792806909,3,PET,Low
19,Urban,Bottled,11.954565974018518,2.7320915761273596,4,12.738934664334977,1,PET,High
36,Rural,Bottled,6.58694298872555,14.189845957483119,0,15.072201710359014,4,PET,Low
29,Urban,Tap,9.395525398157446,14.271394599157912,2,2.9401262748151993,4,PET,Low
49,Rural,Bottled,9.980436054311626,3.7483604129194563,3,13.795525227938489,3,HDPE,Low
31,Urban,Well,11.79638316868573,5.287904170316771,1,2.504135579171581,0,Non-Plastic,Negligible
23,Urban,Tap,12.005021466154243,2.3533035646829172,0,2.6631229565340737,3,PET,Negligible
66,Urban,Tap,7.797478603664513,37.53354972346815,3,0.2976393941814534,5,LDPE,Low
41,Rural,Tap,10.245986669240681,10.37336331887163,2,6.7732890698531865,1,LDPE,Low
46,Urban,Tap,11.371841213845723,27.263752954354054,1,3.4410959289381347,5,Non-Plastic,Low
23,Urban,Tap,14.3674669664403,3.6152316850808273,2,0.4575272819378071,2,LDPE,Low
36,Urban,Well,12.11351961947417,15.22759942254089,1,0.4119953603045289,2,LDPE,Low
46,Urban,Bottled,12.367170062126558,14.51830260048272,0,11.18835424784173,2,LDPE,Low
27,Rural,Bottled,10.251479883788083,11.765381070998153,2,13.04877185029624,3,PET,Low
50,Urban,Tap,14.231377435610511,33.708323588765786,0,2.7579369146339126,5,PET,Low
35,Rural,Bottled,11.229288387878492,5.001417931880714,3,16.082757985690677,5,LDPE,High
40,Urban,Well,7.416736269479289,1.4008691730201157,2,3.055109240028472,2,PET,Low
35,Urban,Bottled,14.210109910375571,11.138544400475329,4,17.988237425814567,3,LDPE,High
72,Rural,Tap,12.093709817617082,13.067802872182527,1,1.8557790445823792,0,PET,Negligible
44,Urban,Bottled,8.670867936614552,8.558086460009314,0,9.48060057112576,4,LDPE,Low
29,Urban,Tap,8.56152109780227,2.317024407520501,0,0.03705256207887843,2,PET,Low
57,Urban,Tap,10.889726635422285,7.02099012251458,4,0.7472866109586342,8,Non-Plastic,Low
26,Rural,Tap,11.389554385802754,3.742422589800525,0,2.031239940497507,5,Non-Plastic,Negligible
48,Urban,Bottled,10.591876796893619,5.5768407917843135,5,5.1208882101925965,4,PET,Low
18,Rural,Bottled,10.933926020328654,10.362533857365595,0,8.401273981069256,3,PET,Low
25,Rural,Tap,15.099872123729142,13.673342168122133,3,3.819572832606994,3,HDPE,Low
47,Urban,Tap,13.214629456704657,2.6425815491811813,2,2.304183489462192,1,PET,Low
56,Urban,Tap,10.571906773795073,5.19740847616342,1,0.6167758891889272,1,PET,Negligible
47,Urban,Tap,12.823931742302449,3.1356287101083273,1,2.3292659921622634,3,PET,Negligible
43,Urban,Tap,6.902428289417381,2.214345298510212,1,3.1448302753734465,4,Non-Plastic,Low
40,Urban,Tap,11.193781149840426,15.296439433665466,2,0.7328569481488707,2,Non-Plastic,Negligible
22,Urban,Bottled,15.42791904919933,23.996764970437134,3,18.290167198291037,2,LDPE,High
34,Urban,Tap,9.34586231382288,4.624040762330013,2,5.399542870330588,4,LDPE,Low
38,Rural,Tap,7.4570982141427455,13.91423188593864,3,0.8467892866588297,2,Non-Plastic,Negligible
60,Rural,Tap,8.043733334220818,22.729805574721777,3,0.22517706833064363,3,Non-Plastic,Negligible
50,Rural,Well,6.7311008879728345,18.71609563899172,1,1.3539842437228535,2,Non-Plastic,Negligible
18,Urban,Bottled,7.645714275616889,2.0188779960316126,2,15.84329946161546,1,PET,High
49,Urban,Bottled,8.888475704229913,31.302214164088515,2,18.193599551254163,4,PET,High
39,Urban,Tap,5.783298942464074,4.726895377579066,2,0.6280248545180825,3,HDPE,Negligible
34,Rural,Bottled,10.04685500184881,4.143655919220014,4,20.978335480300995,2,LDPE,High
54,Urban,Tap,12.706831521359941,0.6446527291658664,1,9.576516752743752,4,PET,Low
60,Rural,Bottled,7.2767314595592385,6.658699190636978,0,16.273093508611137,2,PET,Low
58,Urban,Well,14.557851770925307,1.1542613293103834,1,1.7137817994535052,3,Non-Plastic,Low
32,Urban,Bottled,11.532376265582784,2.8573705978576887,2,15.333479405043512,0,Non-Plastic,Low
40,Rural,Bottled,13.091741756872171,3.8117641381441287,0,4.028758002418586,4,PET,Low
49,Urban,Bottled,8.02649633844359,16.54572963008643,1,12.003444194118538,4,Non-Plastic,Low
59,Rural,Tap,12.563575681199847,20.833584057535873,0,5.893017145631176,3,LDPE,Low
37,Rural,Well,6.724198298814061,3.6020447607473787,2,4.318216415808194,0,Non-Plastic,Negligible
42,Urban,Tap,12.670742502509526,19.56856693163304,2,0.48301355947583857,0,LDPE,Negligible
28,Urban,Bottled,10.515518019380593,19.465269007961112,3,9.820654744387715,3,PET,High
27,Urban,Tap,11.659753659954351,14.466855493197848,0,2.861675484178223,2,LDPE,Low
57,Rural,Tap,6.473216183125445,1.5863836746886082,5,8.541389625892196,3,LDPE,Low
65,Urban,Tap,7.314790473170186,11.722249657953292,5,0.3979358570736755,2,LDPE,Low
43,Urban,Tap,11.791684654760154,29.008597273257944,1,2.9050897029130054,6,PET,Low
60,Urban,Tap,7.154955987327398,11.474049609572319,4,0.8274013648731614,4,Non-Plastic,Negligible
50,Rural,Bottled,11.38961887629737,4.028936906992657,2,16.459778556125514,3,PET,High
35,Urban,Tap,5.898586580619263,6.94306487157894,3,1.0942080690202685,4,PET,Low
50,Rural,Tap,12.544522638000004,10.37681953636756,2,3.158165768593322,6,LDPE,Low
68,Rural,Bottled,6.302430055694472,7.145146654134443,3,15.327673790831549,3,LDPE,High
44,Urban,Tap,11.656899813038569,1.2777989763392197,2,1.5423173393239782,0,LDPE,Negligible
68,Urban,Bottled,11.876892800938002,3.7405953353877153,2,9.888304939957045,0,HDPE,Low
18,Rural,Bottled,7.909684544711276,16.214904055788033,2,7.157586582253943,7,LDPE,Low
57,Urban,Bottled,11.74607970125418,19.762934034128037,2,12.427639197194154,5,HDPE,Low
46,Rural,Bottled,10.781326790000668,1.4768831082190703,0,7.72804693775893,2,HDPE,Negligible
40,Urban,Tap,8.383474431421785,30.44644245514908,4,0.9977468281280356,6,PET,High
46,Urban,Bottled,6.974335947771376,3.98721822025955,4,9.994741383208133,6,LDPE,Low
18,Rural,Tap,4.112122924982263,10.856380356598942,1,5.557599174623571,2,Non-Plastic,Negligible
41,Urban,Tap,11.04895014189908,13.936217246265251,3,1.5633402736958897,4,PET,Low
50,Urban,Bottled,5.305591685913835,16.710273710696747,0,16.072875801781645,2,LDPE,High
67,Urban,Tap,10.286032598323924,29.141467976536855,2,0.18687829195791897,1,Non-Plastic,Negligible
37,Urban,Bottled,9.209655351753252,3.7530388739904224,0,13.28194170051008,5,PET,High
32,Urban,Bottled,12.037428326314586,19.55501178144582,3,17.57693109800374,7,LDPE,High
37,Urban,Bottled,9.093863501530407,1.4120291903516644,2,10.934709900874296,0,Non-Plastic,Low
58,Rural,Well,9.011656640958726,12.209185978626802,1,0.5829919489779389,2,PET,Negligible
49,Urban,Tap,12.195612112864886,13.547093780726186,0,1.457139596906447,0,PET,Negligible
37,Urban,Tap,11.005174087252353,11.32344603221023,0,0.030148491905440646,4,Non-Plastic,Negligible
52,Urban,Bottled,10.948467871548335,2.907731597904565,4,4.46037796419767,5,Non-Plastic,Low
46,Rural,Tap,11.40780276942558,20.6390799052554,2,1.4432201433036673,2,LDPE,Negligible
59,Urban,Bottled,5.393283630378683,1.849551777757218,2,15.968057122267595,1,LDPE,High
34,Rural,Bottled,12.270366039960946,0.5512672895569122,3,22.256880539409643,3,Non-Plastic,Low
40,Urban,Bottled,11.837406382040808,12.639528090364834,5,14.63237950346724,2,HDPE,High
39,Urban,Tap,6.9499506142705085,6.452635514220832,3,1.0713838281857464,3,PET,Negligible
23,Urban,Tap,9.267758578977396,18.91124791748205,0,5.328578959178548,3,PET,Low
49,Urban,Tap,9.882078137117107,4.835301269178373,0,3.0731462711988944,5,LDPE,Low
48,Urban,Tap,9.596509646794802,1.8425773618939914,2,0.44630940553464293,4,Non-Plastic,Negligible
45,Urban,Bottled,11.001579899705604,18.10588788258039,2,5.504028727497458,2,Non-Plastic,Negligible
41,Rural,Tap,14.29410034549355,7.960875862478974,2,2.2528611219122947,7,Non-Plastic,Negligible
23,Urban,Tap,13.245300183018486,2.0972867496333554,3,1.641430109075674,3,Non-Plastic,Low
38,Urban,Tap,6.063342419705782,12.743380405978254,0,3.118189469560257,3,LDPE,Low
39,Urban,Bottled,11.866209970918145,7.156252060629813,0,20.60229185293139,0,LDPE,High
32,Rural,Bottled,13.986799958606229,9.271317394188783,3,11.48315140188223,6,HDPE,Low
42,Urban,Tap,11.160425562067608,6.178511139964916,2,8.59275087018341,3,HDPE,Low
51,Urban,Tap,13.272941275557901,17.64391319966088,3,1.5253792493988954,0,LDPE,Low
73,Urban,Tap,16.036811337102296,17.693878838442362,1,0.24005906641583566,6,PET,Low
47,Rural,Tap,13.071128638320944,12.357690627371099,3,3.5237051229236274,3,Non-Plastic,Low
48,Urban,Bottled,10.747925786925187,1.1138012766315977,3,9.612499682464055,6,LDPE,High
43,Urban,Bottled,13.13526542225426,18.254436356623234,1,17.28826431213011,1,PET,High
18,Rural,Tap,10.434663499290673,11.117369835024393,3,6.298097749312343,5,HDPE,Low
44,Rural,Tap,10.071709129854867,11.941022324431973,4,2.38669565938251,4,HDPE,Negligible
45,Urban,Well,8.945757292858803,4.509586856313101,2,1.812830119248421,4,PET,Low
81,Rural,Tap,14.690240076496325,21.142777878974822,1,1.2338030707949386,4,Non-Plastic,Negligible
42,Urban,Bottled,7.544714002173996,12.923363686902942,4,18.807726678158172,1,PET,High
49,Urban,Tap,14.597103174034348,1.1944869694560363,1,0.8708326551735386,1,PET,Low
44,Urban,Tap,11.499592371221114,5.238737724897916,1,2.023251705381757,9,LDPE,Low
27,Urban,Tap,5.802081475594175,21.748989175662196,3,2.782799679349936,6,HDPE,Low
62,Urban,Bottled,11.102947878974264,0.48346799252431927,1,16.737801910545713,4,Non-Plastic,High
56,Rural,Well,3.6999204770451275,32.54933655904071,4,0.44231630004061656,2,Non-Plastic,Negligible
56,Urban,Tap,11.876524050493106,11.36820727501,3,1.3623865486616291,3,Non-Plastic,Negligible
31,Urban,Tap,12.655694448966972,9.979780639855182,0,3.13697654507913,4,PET,Low
66,Urban,Tap,8.22293213304384,3.1547714322600218,2,1.2913980355683798,4,PET,Low
23,Rural,Tap,10.370643087866746,2.860724202894348,3,1.5384298101017888,2,LDPE,Negligible
53,Urban,Tap,15.86247230125086,28.48316556850679,2,2.9492550975783094,1,PET,Low
77,Urban,Tap,8.48275988721419,3.5421006173568474,1,2.1650761847109488,4,Non-Plastic,Negligible
30,Urban,Bottled,6.823277238830198,14.93903165481272,4,17.560230929901838,1,HDPE,High
36,Urban,Tap,14.444990207387796,4.994271640815945,1,4.515466513337925,4,Non-Plastic,Negligible
46,Rural,Tap,15.887761571592385,1.4995590612084353,1,0.3548282009517842,5,PET,Low
37,Rural,Well,10.011087015543541,0.10773119923591373,0,10.814679642444208,2,LDPE,Low
21,Urban,Tap,13.034389106225069,7.858269643247578,3,0.2530606654771605,4,LDPE,Low
46,Rural,Well,14.024427746592643,37.20527762068888,0,0.03012569668547427,2,PET,Negligible
29,Urban,Tap,7.772547302384848,4.606652777867604,2,4.414893513158168,3,LDPE,Low
52,Rural,Bottled,8.544082493896395,4.419097192300999,1,18.92281161993788,4,LDPE,High
31,Urban,Bottled,13.692623539464204,4.217341611474602,1,10.204188688925287,4,LDPE,Low
68,Urban,Bottled,15.055042836125528,7.351028117886722,2,10.372388501111756,3,PET,Low
33,Urban,Well,11.688642580523064,5.81006492471372,4,3.9177977515175315,5,PET,Low
40,Urban,Tap,7.360556939493837,21.19552345214817,4,9.557675156049964,3,LDPE,High
57,Urban,Well,15.961183335098323,7.042501747557837,3,0.6963925791727379,2,PET,Low
26,Urban,Tap,8.407087306564106,7.087844847762062,4,2.477427636691108,1,PET,Low
48,Urban,Tap,8.994586656485644,1.4893118562461445,1,0.24523910668171228,4,PET,Negligible
64,Rural,Tap,11.027013503468865,40.59336995209323,2,1.044478663902047,2,PET,Negligible
20,Urban,Bottled,14.662481262144322,2.8764592759678695,1,12.49746535713064,4,PET,High
47,Urban,Tap,12.56192792965667,0.7619452783889089,1,0.9166499295934706,5,PET,Low
48,Rural,Bottled,11.24459650108573,10.8810641604361,4,15.766650256744242,0,LDPE,Low
56,Urban,Bottled,11.389865590354319,9.04773238960381,2,8.265079900759087,2,HDPE,Low
26,Urban,Bottled,10.130544005930398,5.363924439354221,0,10.650377098738035,2,HDPE,Low
25,Urban,Bottled,11.674418543555518,5.485140501969202,3,5.5724435414956766,2,Non-Plastic,Low
52,Rural,Tap,2.4113197669170905,15.374146022517225,1,0.11469797894080674,1,LDPE,Negligible
49,Urban,Tap,9.110177622790605,2.1779866084853277,2,1.706451204578931,2,LDPE,Low
48,Urban,Tap,10.723965804750343,17.16206746778928,2,3.975968885483222,2,Non-Plastic,Low
50,Rural,Tap,6.5469577491414785,10.462488416989508,0,1.313178140087522,7,LDPE,Negligible
34,Rural,Tap,11.15896995343468,5.429524990075903,2,0.1635640082862399,2,HDPE,Negligible
48,Urban,Tap,9.386586337041635,6.125420770615798,5,1.6444142098510814,3,LDPE,Low
49,Urban,Tap,15.26642709494647,2.9658452486532405,2,0.8071554531390029,1,LDPE,Negligible
34,Urban,Well,14.719059175644569,13.947876580584735,3,0.3366995218135662,4,HDPE,Negligible
72,Rural,Bottled,8.602583292645512,7.192339863118927,0,10.528310148995386,2,PET,Low
52,Urban,Tap,9.547486865299915,3.8691995161157826,2,1.4746141167021722,3,PET,Low
27,Urban,Bottled,9.778157303174822,9.064644576289329,1,16.997130227517804,5,PET,High
54,Rural,Tap,8.645021571521132,54.571846306338216,3,3.2799643976229342,3,PET,Low
30,Urban,Tap,10.58507495208438,5.713938673968527,2,2.361631317313262,3,PET,Low
56,Urban,Bottled,7.725153793337229,25.344087171109667,1,13.950806202767769,3,LDPE,High
62,Urban,Tap,6.608153995187421,4.231457534858858,2,1.1166153859634713,4,HDPE,Negligible
32,Urban,Tap,11.868133671700805,0.5628754166803198,1,0.4400126592189484,6,HDPE,Negligible
59,Urban,Well,11.888588752665433,2.284602931310627,2,4.833701641871443,5,PET,Low
51,Urban,Bottled,7.587052721020023,5.424799494631557,5,10.997081571977604,1,Non-Plastic,Low
57,Urban,Bottled,12.686066292287798,2.479934285318061,3,9.392009809683428,4,LDPE,Low
73,Urban,Bottled,8.105266812504006,0.0022706399533347355,4,14.436331881399328,1,PET,Low
41,Rural,Bottled,10.759495714113944,24.65122113802847,2,15.543880370275504,3,Non-Plastic,Low
33,Urban,Tap,12.461032037837368,18.571265654170915,2,0.4711021072138419,4,HDPE,Low
31,Rural,Tap,9.899162305888861,13.559290162094905,0,1.8280831517594969,4,HDPE,Negligible
32,Urban,Tap,11.364222736423404,1.8370002121486781,2,0.18627004441259343,5,PET,Low
43,Rural,Tap,8.450711068337284,1.2824661166591311,1,0.11985621615887372,3,LDPE,Negligible
50,Rural,Bottled,9.410600249715708,0.6999846564773325,1,12.967965855209563,1,Non-Plastic,Low
49,Urban,Tap,9.38242170735898,12.874601752812197,2,2.5506830955531896,1,LDPE,Negligible
57,Rural,Well,7.760264960379283,26.42374274229241,3,1.6184936800116512,4,HDPE,Negligible
45,Rural,Well,9.469677510652653,5.630593969546577,1,1.0993978852201594,5,LDPE,Negligible
66,Urban,Bottled,5.35414510340876,1.26857338889329,2,10.596463643844405,2,Non-Plastic,Low
41,Urban,Bottled,8.526538758573686,7.182451578002845,1,23.764886889887656,4,PET,High
85,Urban,Bottled,9.145373519890988,4.289874634344017,2,15.748507118924207,6,LDPE,High
54,Rural,Tap,9.23146074251386,4.697235474323051,1,0.11293942402770592,3,PET,Negligible
32,Rural,Bottled,9.275507662387664,9.710918138763649,1,15.904961413550664,3,HDPE,High
28,Rural,Tap,9.814707400419612,12.683979568222494,3,4.438008040729009,3,HDPE,Low
52,Urban,Bottled,11.438324554258191,1.172122473193504,3,10.025627984274209,2,PET,Low
41,Rural,Tap,12.623551222397568,0.36239002911491985,1,0.40678242610776644,4,HDPE,Negligible
55,Urban,Bottled,8.0507043194552,51.72619546391402,0,10.980535213712315,2,LDPE,Low
52,Urban,Well,6.390397433832566,2.6491436680654417,3,2.524955580825116,1,PET,Low
43,Urban,Tap,6.873866763270691,0.5533357683015852,3,0.17606865644615896,2,LDPE,Negligible
32,Urban,Tap,8.538391236415219,2.1056712846290915,3,3.3411558948273705,2,PET,Low
22,Urban,Well,8.944236046550472,0.39737006612217807,0,2.5381390129580517,4,LDPE,Low
38,Urban,Tap,7.690011801407628,4.972694167851566,0,2.6157550509661345,4,PET,Negligible
57,Urban,Bottled,6.111650007250317,16.215195243332566,0,12.829258164098892,3,HDPE,Low
48,Urban,Bottled,8.631637517577435,4.174027537468337,4,11.52735820526549,4,HDPE,High
26,Urban,Tap,10.544279860341915,5.873169076364022,1,2.2777321719107935,4,HDPE,Low
47,Urban,Tap,11.785088397506694,11.257371855851005,3,3.5547960700186882,1,PET,Low
50,Urban,Tap,8.327730840675036,7.11095431218309,0,0.0849716647298014,5,Non-Plastic,Negligible
31,Urban,Bottled,8.761006533569699,19.764928715380663,0,21.73343899085743,4,HDPE,High
47,Urban,Tap,7.219905073458068,20.101817461619223,4,0.9336401239672015,1,PET,Low
45,Urban,Bottled,9.905682488875671,0.0996013334727755,1,13.953939647693419,5,Non-Plastic,High
27,Urban,Tap,7.454714097427557,15.05286506629469,2,1.6346312684145246,4,PET,Low
50,Urban,Bottled,11.7193834397236,6.175455820133717,4,18.3791940089093,1,LDPE,High
53,Urban,Bottled,4.642400524197667,44.954678271177855,1,10.776033075762339,2,LDPE,Low
61,Urban,Well,8.921110982642613,6.601613947623753,0,3.7280201333410536,4,LDPE,Negligible
60,Rural,Tap,10.903322017575226,43.348335843203934,1,0.00048180706558510083,2,Non-Plastic,Negligible
24,Urban,Bottled,10.551503548967514,14.047409020363848,2,15.636259753336228,6,LDPE,High
30,Urban,Bottled,18.079100991941488,2.858236465465313,1,16.666511533827563,4,PET,High
52,Urban,Bottled,11.049400073703723,7.7304568708604195,1,8.600297448554908,6,Non-Plastic,Low
52,Urban,Well,6.987836209473969,48.45414052653861,1,4.776059302276802,4,Non-Plastic,Negligible
52,Urban,Tap,9.71360725873278,19.48628093585944,3,0.20395941540079898,4,HDPE,Low
85,Urban,Tap,4.671260999600644,1.0243911354619708,1,1.8648899068012992,2,LDPE,Negligible
53,Urban,Bottled,9.758200752109717,12.254416080774892,1,16.204068240905197,1,PET,High
62,Urban,Tap,7.500831828997724,4.2400529899497155,3,5.5764027312028555,3,HDPE,Low
59,Urban,Bottled,12.746170826680485,0.07006751934724462,1,12.796696175870805,2,PET,High
54,Rural,Bottled,8.351379176213396,5.166441335557823,2,7.490753088210738,4,PET,Low
40,Rural,Tap,9.64970225261426,2.6755847931766845,0,0.05997424325407094,5,LDPE,Negligible
56,Rural,Bottled,8.093326475786789,17.08536246104378,1,13.822906720621404,0,PET,High
33,Rural,Tap,15.216554055559994,4.1147906904242895,3,0.6509974516429458,5,PET,Negligible
41,Urban,Bottled,9.036271701646266,17.574954081989688,1,13.243942809270104,3,LDPE,High
37,Urban,Bottled,15.497671130437606,0.005981176715128857,4,14.721179522013777,3,PET,High
46,Urban,Well,12.4424552863548,3.6790801361594245,2,1.904306019254165,5,PET,Low
79,Urban,Tap,11.446200182006159,2.759711989406221,0,1.5181923652767073,0,PET,Negligible
18,Rural,Tap,11.106199441952558,2.660084659001128,4,0.19269217424641574,3,PET,Low
55,Urban,Bottled,11.181391894648755,0.7062272014626283,2,11.46690918115891,1,HDPE,Low
20,Rural,Bottled,4.21698226196317,2.0717703525116855,1,13.612959587252442,2,Non-Plastic,Low
37,Urban,Bottled,9.163349817547731,8.109167485496629,1,18.043358940081255,3,LDPE,High
61,Rural,Tap,12.535473913552964,3.4440915274741126,2,4.478451799614207,1,LDPE,Low
45,Urban,Tap,9.853308449577684,5.4024547865953565,1,3.4657704613089395,1,PET,Low
28,Urban,Tap,5.784430459589275,4.729951078148243,2,0.21749179794921986,4,PET,Negligible
34,Urban,Bottled,9.842786648267591,20.867072732955343,2,11.169790858823575,5,PET,High
55,Urban,Tap,15.112316548766474,23.570307087352546,1,0.0062530677473277155,5,LDPE,Low
34,Urban,Tap,13.740675146604158,6.791594104632082,1,0.7234040453270051,2,HDPE,Low
48,Urban,Well,9.813987971901906,4.007103553554071,5,0.22994064536931152,2,HDPE,Low
45,Rural,Tap,12.854347831174259,1.12945547196431,1,1.2803253463053683,3,PET,Low
35,Urban,Well,8.900478938895844,30.662165290749186,6,2.260995470283592,5,PET,Low
77,Urban,Bottled,4.8883852395198435,0.6211686361217883,4,17.78723026604748,6,HDPE,High
54,Urban,Bottled,7.226602035611337,3.5332381890467044,2,14.2200117441335,3,PET,High
18,Rural,Tap,14.688666305524594,3.5391618306417034,1,5.580221749802398,1,HDPE,Low
47,Urban,Tap,9.178020754512087,3.8625278168205273,1,0.11081040053931977,2,LDPE,Negligible
35,Urban,Bottled,9.269848061874946,1.794698387367111,3,12.531184263153007,2,HDPE,High
57,Urban,Bottled,9.100485411175358,15.286021235958033,2,15.150255620669313,2,Non-Plastic,High
33,Urban,Bottled,15.71240976871902,1.3067588713908926,1,9.343797470376698,2,Non-Plastic,Negligible
43,Urban,Tap,14.87787674608619,10.076022297450667,4,0.5847220463271896,2,LDPE,Low
52,Urban,Bottled,16.6563407003444,1.3221343489057125,2,10.561545944486184,3,LDPE,High
57,Urban,Bottled,9.522864368799846,0.7314681316131342,1,10.437724757635943,4,PET,High
26,Rural,Bottled,10.886873466241285,24.01626766714926,3,5.560647037497434,3,Non-Plastic,Negligible
39,Urban,Bottled,5.450072351737626,2.1088001471667797,2,19.35730635792,2,LDPE,High
37,Urban,Bottled,14.430803278354823,17.217679620780682,4,11.253844987384925,2,PET,High
35,Urban,Bottled,6.496661346196195,7.866469166426685,4,18.6535042206542,5,LDPE,High
71,Rural,Tap,10.650326691287887,0.8105444888728247,1,0.9792065355728816,3,PET,Low
51,Urban,Tap,6.708092417101468,31.111025296618816,4,0.5788543542355395,2,LDPE,Low
26,Rural,Tap,8.233399519783912,2.836384814520812,0,0.36352471469121755,1,LDPE,Negligible
58,Urban,Tap,7.488212706850899,19.635828121542204,3,0.8599483926431527,5,PET,Low
76,Urban,Tap,8.176374217972546,1.8489687702771165,3,2.708091758593627,2,PET,Low
60,Urban,Tap,8.382631890553064,19.23757515573203,2,2.826960421402307,2,Non-Plastic,Negligible
22,Rural,Tap,8.355193615224769,0.13317093076374448,3,2.198657410571706,5,HDPE,Negligible
37,Urban,Tap,12.500001735340922,7.169900902175578,1,0.5332197846059761,2,Non-Plastic,Negligible
64,Rural,Bottled,6.68541162081244,14.672553344303774,4,15.72941085680136,3,PET,Low
34,Rural,Well,10.6616242810416,27.30227062302025,3,1.6911504439874332,0,HDPE,Negligible
51,Urban,Tap,13.653877456916675,23.991195201548035,0,1.3243290688520395,0,LDPE,Negligible
56,Urban,Well,8.460410906459812,17.127165386597838,2,1.5969220007665859,1,PET,Low
31,Urban,Bottled,7.846243327757195,21.90966347920705,1,14.084370991402348,4,PET,High
44,Urban,Tap,9.308426124459247,2.221686339969181,0,1.6669178320281473,6,PET,Low
18,Rural,Tap,13.53917562508213,3.3433254139902173,3,2.51408591152356,3,PET,Low
29,Rural,Bottled,10.582322892860073,3.410385814119751,1,9.701355842268548,1,Non-Plastic,Negligible
41,Urban,Bottled,8.406357116177205,4.732953305576785,1,10.870584309992026,0,PET,Low
26,Urban,Bottled,11.451629953564119,4.9975491480579635,1,17.412661225652766,0,LDPE,High
69,Rural,Tap,6.69312355049073,7.864810288349036,4,0.1379028841411261,0,LDPE,Negligible
23,Urban,Tap,12.044078531328843,1.7421025853869085,3,7.466054464308241,1,PET,High
38,Rural,Tap,11.225821923105302,11.75212585546878,0,6.292727519979429,3,LDPE,Low
46,Urban,Tap,9.076574586583348,1.8340198741437872,1,0.12467984220164376,5,PET,Low
66,Urban,Tap,7.4842426046583075,3.715108568727232,4,1.1712903084575237,7,HDPE,Low
23,Urban,Tap,7.339957233149628,6.998599218911432,2,0.41219173052674585,0,PET,Negligible
62,Urban,Bottled,11.60445200903773,15.91797235781115,1,12.281460085889965,4,LDPE,Low
45,Urban,Well,13.686941507467186,13.45034318193562,2,3.545999983406775,2,HDPE,Low
30,Urban,Tap,8.088076758913616,10.37143852827889,1,6.016086476637185,2,Non-Plastic,Negligible
51,Urban,Well,11.375160110654452,1.6933417186405975,3,2.011624987862577,4,Non-Plastic,Low
47,Rural,Tap,3.7389189441937933,7.919632592061517,3,0.8736195197447852,0,HDPE,Negligible
35,Rural,Tap,8.246146808028401,0.9150856707954504,6,1.849278798655658,3,PET,Low
46,Urban,Tap,9.906823201387294,4.737918784843434,1,0.7479366789280812,1,LDPE,Low
39,Urban,Bottled,7.270949749054499,5.336107959234128,3,18.332580850642938,3,HDPE,High
46,Urban,Well,7.190480875631212,0.4062559656359004,1,4.08661213683571,6,Non-Plastic,Negligible
54,Urban,Bottled,7.996661330593342,3.201888723770476,4,17.59246929648939,3,PET,High
68,Urban,Tap,10.87657818497912,31.156305582691402,2,0.7854894586674609,5,PET,Low
26,Urban,Bottled,9.438012944780876,30.71158821748142,3,16.810133255735423,2,HDPE,High
76,Urban,Tap,3.285306300025084,4.34369423393203,1,0.06797827248093845,1,LDPE,Low
18,Urban,Bottled,3.637899542094802,0.4405650005242228,2,18.684670530824587,4,PET,High
42,Urban,Bottled,8.179404466428474,1.9734781486214787,2,8.140101015580445,7,LDPE,High
53,Urban,Tap,11.373059758160656,4.979386740736429,2,0.7864790769328205,2,HDPE,Low
49,Rural,Bottled,1.757485471824296,29.522839319138203,1,10.00762148892386,4,Non-Plastic,Low
35,Urban,Bottled,8.500809471545107,1.522181225463228,4,6.982860588710004,4,LDPE,Low
41,Urban,Tap,8.421256430447738,14.418740655488278,1,0.2661811686353259,0,PET,Negligible
37,Urban,Bottled,14.165013334625343,1.1505461797192926,1,21.224356471347846,5,PET,High
36,Urban,Tap,8.84493456486141,39.769657357820215,2,4.555957360595683,7,PET,Low
57,Rural,Bottled,11.148966954222786,4.806464623836332,2,14.38862314834499,1,LDPE,Low
50,Urban,Bottled,10.42377142026239,14.926978155562587,5,18.46672510027009,2,LDPE,High
34,Rural,Bottled,3.6083005605783978,4.194490535165588,0,14.928378551714149,3,PET,Low
58,Urban,Bottled,12.304621649895212,9.879717054620766,0,15.995532779072851,1,HDPE,High
49,Urban,Bottled,10.646189516368864,2.132131275156669,2,12.631405395491045,2,HDPE,Low
57,Rural,Tap,11.52480591902377,1.5784869825637542,1,0.3875431070751341,2,PET,Negligible
54,Urban,Bottled,21.778713119308982,27.81655938574392,4,16.149914818425714,1,PET,High
32,Urban,Tap,3.7476611815042347,24.96743767706662,4,1.2949109012963673,7,Non-Plastic,Low
36,Urban,Tap,15.174089949283324,21.845260084460627,2,4.015373128682059,0,PET,Negligible
56,Urban,Tap,9.137657441798932,9.819857886522351,1,0.06527280218166717,8,HDPE,Low
54,Rural,Tap,10.861986713209028,16.51657816993581,1,2.0649072538323923,3,LDPE,Negligible
44,Urban,Bottled,9.863463264096273,0.715356769404299,4,9.735871313489277,3,HDPE,Low
46,Urban,Tap,8.72729099980587,4.076510583935762,1,2.849958691249502,0,HDPE,Negligible
64,Urban,Bottled,8.290501215283724,3.764449821263705,8,21.64802187621079,3,HDPE,High
36,Urban,Tap,10.988526206719028,10.096274955153442,0,2.6115219562813805,1,Non-Plastic,Negligible
53,Urban,Tap,5.448478909984963,4.399909858823777,1,5.256909201591838,3,Non-Plastic,Low
41,Urban,Bottled,12.251737502565296,1.6076374326070546,3,14.097727360712137,1,LDPE,High
41,Urban,Tap,8.751416785344238,9.074971971129079,1,1.3991734067128156,1,PET,Low
61,Rural,Tap,6.609791982878926,16.840748280565037,3,0.028359444096199577,5,PET,Negligible
57,Urban,Bottled,8.64996142601256,4.8146667071622335,2,20.241022118123723,4,HDPE,High
57,Urban,Tap,13.771447650587719,1.418731918579913,2,0.5492069308786417,9,HDPE,Low
64,Rural,Bottled,8.393994738951331,2.1901234315893587,1,8.738234771800617,2,PET,Low
45,Urban,Tap,11.07536085462886,2.7113087588043507,2,0.6027815318604451,2,PET,Negligible
55,Urban,Tap,7.80713117285358,3.5652865891681684,0,0.38970337086823365,2,HDPE,Negligible
40,Urban,Bottled,12.273765549770859,10.294456297007429,1,11.313116842967691,2,PET,High
49,Urban,Tap,12.056523216370612,9.18657241194053,0,4.800487277036977,4,LDPE,Negligible
43,Urban,Tap,15.545826499889234,11.909903146114226,5,0.01651425566714961,1,HDPE,Negligible
46,Rural,Tap,9.473308163502354,4.502041149450101,4,2.66423475409177,2,LDPE,Low
53,Urban,Tap,12.00596441427372,17.372579424419513,3,0.3300981067021239,2,PET,Low
32,Urban,Bottled,10.294202618616834,2.2826622628228703,1,13.910255792077706,3,PET,High
76,Rural,Tap,13.887615345589044,6.330699980069809,2,4.4660423082054574,1,PET,Low
29,Urban,Bottled,7.8435028371738085,16.14142569706346,1,16.352306700671328,1,PET,High
26,Urban,Bottled,12.235015938631843,1.9864443028678105,4,17.84938067706628,5,LDPE,High
62,Urban,Tap,9.415908111649955,1.1638002329705779,1,0.010706892251010644,4,LDPE,Negligible
56,Rural,Well,9.807435468674507,21.51444375888644,0,8.382358534044146,7,PET,High
54,Urban,Tap,10.275257453345118,4.199642080226659,3,4.204726145765672,1,PET,Low
54,Urban,Well,10.756721189280032,11.516021527080916,1,4.5096142290634,2,PET,Low
44,Urban,Tap,9.651312870634126,0.2567541475277774,3,2.1531803528031417,5,Non-Plastic,Negligible
31,Urban,Bottled,10.644139549511578,11.713342458765322,0,11.89044375344152,4,LDPE,Low
46,Urban,Tap,14.734354172686555,3.799454886266291,2,4.48201406985863,5,Non-Plastic,Low
34,Urban,Tap,12.956349056845655,0.5735463100539238,2,0.6892582261627256,4,Non-Plastic,Negligible
59,Rural,Bottled,12.60746377749069,9.4112855647433,1,17.140740329241506,3,LDPE,Low
42,Urban,Bottled,8.633381421928387,2.7549505813895308,3,6.889276150519195,4,HDPE,Low
32,Urban,Tap,7.3322775153150275,4.890759423149503,3,5.100955539142599,6,PET,Low
40,Rural,Tap,12.865901674713259,0.8401312600671694,1,0.30343834481048104,4,HDPE,Negligible
51,Rural,Bottled,12.628140377589382,1.591871344433472,1,16.829830843457525,6,PET,High
36,Urban,Bottled,14.418012027252946,3.5378944741350575,3,17.107726769419315,2,Non-Plastic,Low
32,Urban,Well,8.188058122092311,0.9404642928966769,1,2.888635240642151,4,PET,High
48,Urban,Bottled,9.311354033918958,24.171687299102487,0,19.41381459048481,0,HDPE,High
48,Rural,Well,5.081547512423698,0.060654005923873426,1,0.5282798533262424,3,PET,Negligible
37,Rural,Bottled,8.82258668181738,6.613776565118254,3,19.774681276664953,1,Non-Plastic,High
37,Urban,Tap,12.989711531738342,1.3153049077306842,4,2.83062739952948,4,PET,Low
48,Rural,Tap,8.600513862315406,3.6770568733128934,2,8.427246429509712,2,HDPE,Low
23,Urban,Bottled,11.921439385602472,26.044953722626115,0,17.49126833271334,3,LDPE,High
23,Urban,Bottled,9.428490682006565,1.7637275001240553,2,16.92832380573209,4,PET,High
34,Urban,Tap,10.972171084664682,33.76475102731325,1,4.681971322217879,5,HDPE,Low
41,Rural,Tap,6.5569258305529985,2.3041288021614608,3,1.054749188500104,2,Non-Plastic,Negligible
49,Urban,Well,10.255628348901704,13.531153564902079,2,1.488603429122822,4,PET,Low
67,Rural,Bottled,1.0265920872978302,7.911509676433815,2,10.584268366159776,5,Non-Plastic,Negligible
57,Rural,Tap,9.439311525514045,21.5830058932729,2,1.1870521492943749,4,HDPE,Negligible
42,Rural,Tap,5.108580268854579,8.074212048861227,0,2.9850061998915325,5,Non-Plastic,Negligible
44,Urban,Tap,13.617983549640448,7.647704065903582,3,1.4963428833202999,1,PET,Negligible
29,Urban,Tap,12.332222058293533,2.1748210803096155,2,0.7616926707079176,3,LDPE,Low
44,Urban,Tap,11.400012945898244,1.817969288972292,0,0.5972384449952722,5,Non-Plastic,Negligible
40,Urban,Tap,14.563018681478141,24.827787288047688,2,0.0769563970632691,1,LDPE,Low
49,Urban,Bottled,7.153250437525488,3.972561919199786,2,18.549524390515657,0,LDPE,High
32,Rural,Tap,15.242089593746675,4.653461003327483,2,0.5226293110421566,1,PET,Negligible
52,Urban,Bottled,12.796574692781155,14.263818688932059,2,15.241891016723006,2,PET,High
67,Urban,Bottled,9.290334138343162,4.137344285219658,3,9.490944829783412,3,HDPE,Low
43,Urban,Tap,13.406860441548833,30.37856086718442,1,2.2864407441570798,1,HDPE,Negligible
51,Urban,Bottled,6.681119462765097,13.39135122372504,2,15.29001864115962,2,LDPE,High
55,Urban,Tap,7.526457515416979,9.098844027249767,2,1.4006533686128986,2,PET,Negligible
38,Urban,Bottled,8.174230830280898,21.277511699010834,3,11.872488998842686,5,LDPE,High
48,Rural,Tap,8.413066875807955,0.508785470907684,2,5.508484219370235,1,PET,Negligible
45,Urban,Bottled,6.830327071719242,2.9714361492958687,4,10.070702910892896,3,LDPE,Low
46,Rural,Bottled,13.669249201285975,6.255564488240273,2,20.421423849447226,2,Non-Plastic,Low
33,Rural,Tap,9.223436798890505,2.5744846813005284,1,0.7240095404997601,4,HDPE,Negligible
45,Urban,Tap,11.057514905070638,13.622075409687193,1,8.142614534830653,5,PET,High
52,Rural,Bottled,8.288945900758959,25.15877712624293,0,10.270515027272051,3,Non-Plastic,Low
66,Urban,Bottled,4.538190098354448,5.512486005622604,2,4.8568910220202,3,LDPE,Negligible
59,Rural,Tap,10.810172075174266,4.187518878915807,4,1.1673450886597645,3,HDPE,Low
77,Urban,Bottled,4.2632350737406695,32.58415624500881,1,17.065553906289598,2,PET,High
33,Rural,Tap,9.794097861743595,5.885213137801088,0,7.678889839717818,3,HDPE,Low
58,Rural,Bottled,5.895054883501569,6.714804103862675,2,15.84318897446387,6,PET,High
47,Rural,Tap,15.961827997692424,4.333244080903793,0,1.6281547391133593,2,LDPE,Negligible
77,Rural,Bottled,12.734088166524165,24.029411851621447,0,17.19190101832762,1,PET,High
32,Urban,Tap,10.317261373814441,8.41543907163059,3,1.3744242469222754,3,PET,Low
32,Urban,Tap,13.791120032964006,14.362184340838892,2,0.06517762138328545,1,PET,Low
36,Urban,Tap,7.461052067602792,16.702857504004903,3,1.8951051043843072,4,PET,Low
18,Urban,Tap,11.630438136010278,4.183209543908321,1,2.518786942244846,5,PET,Low
37,Urban,Bottled,10.599431301156141,5.686212958831294,1,9.387662673040872,2,HDPE,High
33,Urban,Tap,10.79206024400101,18.86983363836401,2,2.8318218439254914,3,PET,Low
47,Rural,Bottled,13.817060500320304,4.513865698313259,4,15.595968630006782,0,HDPE,Low
50,Urban,Tap,12.197476308339407,15.79564273602735,3,0.5001987105896646,1,PET,Negligible
73,Rural,Tap,10.86617098847507,28.30087717685054,1,0.35208340330048393,7,Non-Plastic,Negligible
59,Urban,Tap,5.035337691315112,9.760682660325608,4,0.9304135365279552,6,Non-Plastic,Low
36,Rural,Tap,7.119861114161608,13.533521142439284,1,3.7547920467150413,2,PET,Negligible
31,Rural,Tap,9.631873199212828,16.352548810867347,3,3.519499332491404,2,HDPE,Negligible
52,Urban,Tap,10.280117122829953,18.645859941182977,1,0.9652027629948868,3,PET,Low
25,Urban,Tap,6.609388825978229,5.026149865845411,1,1.7789020031064793,4,Non-Plastic,Low
72,Rural,Tap,17.235030026735263,0.5262413659268366,2,2.5517706997960223,3,LDPE,Low
62,Urban,Bottled,14.549182165760719,5.139576421468563,3,20.144244726838114,4,PET,High
37,Urban,Bottled,11.806354961177451,11.20110415651195,1,16.390150823578914,1,PET,High
19,Urban,Tap,10.216110583851234,5.98474268823776,3,7.157969976008256,4,PET,High
65,Urban,Tap,9.363373090296545,13.821555413046656,2,1.9223529507979369,3,PET,Low
43,Urban,Well,7.144244619933293,4.415832292526428,2,7.9708786311418836,4,HDPE,Low
63,Urban,Bottled,10.232441555556587,10.071571876970358,2,10.243377720917273,4,LDPE,High
21,Urban,Bottled,10.773257620428252,2.063107767932955,0,12.462450493628316,4,PET,High
36,Urban,Tap,6.274718273555127,13.837752832423147,5,0.5036098768001235,3,PET,Low
45,Rural,Bottled,11.002529251734693,7.889886328531671,2,20.422479330260472,0,PET,High
45,Urban,Bottled,9.534222853525753,2.282369865434577,2,5.677037898436087,4,PET,Low
38,Rural,Bottled,4.276577326367827,3.451857319967214,0,18.823273682864173,3,Non-Plastic,Low
54,Urban,Well,7.418844967661494,13.807446237673979,4,0.3669361808424265,6,PET,Low
28,Urban,Tap,8.759183399735067,6.589413974462813,1,0.6100110602712295,1,LDPE,Negligible
42,Urban,Tap,15.66306297202057,2.433863619780416,1,0.07280603367030922,3,PET,Low
46,Urban,Bottled,11.669659373601274,34.194995605254086,5,16.927592276937524,3,PET,High
52,Urban,Bottled,5.993555292700326,12.557048609797414,0,19.01807480952476,3,HDPE,High
55,Urban,Tap,11.45810886825291,31.496957301705187,2,0.19796858829756442,3,LDPE,Negligible
28,Urban,Tap,5.358088033184903,5.5705290430972365,1,0.37674523871206606,2,LDPE,Negligible
21,Urban,Tap,13.248073161661221,6.4454815978433455,3,0.2163612838738772,3,LDPE,Low
64,Urban,Tap,8.586626044546364,22.823435050455757,2,1.8965579282055225,3,LDPE,Negligible
49,Urban,Bottled,9.719091433782488,7.44544354543604,5,15.37170550928537,3,PET,High
33,Urban,Bottled,13.97738994262657,12.285350410933006,3,18.973876513383853,2,LDPE,High
68,Rural,Tap,6.13850929424725,2.905834473663516,2,0.04144837902204617,2,HDPE,Negligible
46,Urban,Tap,5.8086454446610265,5.919027681089136,2,0.5737002718696151,2,PET,Low
62,Urban,Tap,8.249202020961985,1.3176137809385666,1,4.426708087286613,5,LDPE,Low
46,Rural,Tap,13.11513655305795,2.3064667431931336,0,2.5354681840446784,2,PET,Negligible
75,Urban,Bottled,5.4419617735694725,0.00943860563902917,1,14.552313633670188,6,PET,High
71,Urban,Well,1.503533205668294,0.40056716221092403,3,3.442148431489475,4,LDPE,Low
41,Rural,Bottled,8.646523424773005,37.846779729212344,1,14.212237251730476,3,Non-Plastic,Low
59,Urban,Tap,11.65522239973276,2.7753861851442907,1,3.7518004781940975,3,Non-Plastic,Low
54,Urban,Bottled,13.600785249216488,10.885947605796629,0,12.092494157424657,0,PET,High
65,Urban,Bottled,8.610515913743804,18.269703530129696,2,20.708463480747483,5,LDPE,High
30,Urban,Bottled,8.765720178651993,7.999764615179965,3,8.157996402326049,2,LDPE,High
55,Urban,Tap,13.461702202767242,1.6622520110856687,4,0.5288051001242732,3,PET,Low
60,Urban,Tap,4.390774900913739,13.02381382779661,2,1.9560427961843778,3,HDPE,Negligible
18,Urban,Tap,8.834437674450973,9.16919454727911,3,1.2335629667576522,4,HDPE,Negligible
27,Urban,Tap,10.571271669775173,13.139758924631344,3,0.08050255007881713,2,Non-Plastic,Negligible
18,Rural,Tap,11.347656163855103,14.685749366669324,2,0.029152724748603358,5,PET,Low
40,Rural,Tap,8.470579920427353,37.05430375478479,3,0.25391427879464656,1,PET,Low
55,Urban,Tap,10.103323035117524,8.522912935782335,0,2.094460917469617,4,Non-Plastic,Negligible
67,Urban,Bottled,2.5350179397610315,4.180050749021779,2,13.119927889361303,0,HDPE,Low
46,Urban,Tap,8.025254762998454,10.454447389605757,2,1.6123162667120374,6,Non-Plastic,Negligible
69,Urban,Tap,11.360526137663403,0.7089544012621513,4,0.06475046011530385,2,PET,Negligible
24,Urban,Well,7.053117897235961,22.76891209370531,2,1.2671280704332475,2,LDPE,Negligible
19,Urban,Well,10.176952664768793,1.2713022257045767,2,5.170501347348591,1,LDPE,Low
44,Rural,Bottled,11.340617502408094,3.9726309360910292,2,12.449480669347015,4,PET,Low
50,Urban,Well,8.972352397426706,16.91436676998317,2,1.9612450543004132,1,LDPE,Negligible
44,Urban,Bottled,10.511391312989712,9.095941499401256,1,13.402554017401435,4,HDPE,High
18,Urban,Well,7.111802304146163,5.002740220250082,2,3.064262002438511,3,PET,Low
43,Urban,Tap,9.38016616091186,6.413817504585445,3,1.46494094071239,2,PET,Low
25,Rural,Tap,11.830648508767668,19.279049719064467,1,3.903179731939843,3,HDPE,Negligible
55,Rural,Tap,10.470918882905302,4.155220895290387,3,0.9931160940737073,3,LDPE,Negligible
50,Rural,Tap,8.240406191308193,20.37529720593822,3,4.390930118519236,3,Non-Plastic,Negligible
30,Urban,Tap,10.672649212872379,0.9226270215932828,1,0.5494715870684888,1,PET,Negligible
37,Urban,Bottled,12.143829371909854,14.996800467460467,1,18.24502503404847,2,PET,High
29,Urban,Bottled,3.850176164267566,18.809030796253467,4,12.266441733255387,4,Non-Plastic,Low
44,Urban,Bottled,13.477222194867693,2.0067004893021863,2,21.01277920826234,2,Non-Plastic,High
59,Urban,Tap,8.991235783956784,5.627270545611838,1,1.0793256838895138,5,PET,Low
30,Rural,Bottled,11.27646979972069,1.809222658547063,1,10.638028057973234,4,HDPE,Low
52,Urban,Bottled,13.591740770935683,12.262324862905412,0,16.748953801581152,4,PET,High
37,Urban,Tap,5.884978908308602,7.664660415073957,2,4.633366842642646,3,PET,Low
33,Urban,Bottled,7.87167699271736,10.087441994171233,3,10.634201943483966,1,PET,High
43,Urban,Tap,9.134353912372886,2.187618735953728,2,1.61277010638127,0,PET,Negligible
29,Urban,Tap,7.648739436626715,2.379347310336946,1,1.9148026215603047,2,Non-Plastic,Negligible
36,Rural,Well,15.204809727510426,0.423829262133264,1,1.2861464265904303,1,HDPE,Negligible
27,Rural,Tap,7.429683718519621,3.8870760543632024,4,0.994064196293572,1,Non-Plastic,Negligible
74,Rural,Tap,8.3333596615394,8.204004052368134,1,4.941460373979956,4,HDPE,Low
45,Urban,Bottled,10.61316709480893,19.514699742606403,1,16.499614378616172,1,LDPE,Low
34,Urban,Bottled,6.3935514217717335,10.993949372336555,3,14.773794299967184,3,HDPE,High
48,Urban,Tap,8.812957864731208,5.716312513167016,1,0.8449028483118401,5,Non-Plastic,Negligible
43,Urban,Tap,10.952359783750525,30.601665738643476,1,1.3789108878308873,4,HDPE,Negligible
41,Rural,Tap,9.001418786852467,12.702735904993084,3,1.2236206196742092,5,HDPE,Low
54,Urban,Bottled,9.719839423300154,26.616228671122755,2,16.369318188053374,4,Non-Plastic,High
56,Urban,Tap,8.412003662654888,7.499037362026554,2,0.3014573632911079,4,PET,Negligible
37,Urban,Tap,5.4565890724576995,2.996254782146343,2,1.4395635112833842,2,HDPE,Negligible
36,Urban,Well,10.964779634017717,0.5427318919853095,2,0.5552491419101422,0,Non-Plastic,Negligible
40,Rural,Bottled,15.264799214941725,12.949368975022342,3,11.38988682713342,2,Non-Plastic,Low
18,Urban,Tap,10.055204892350314,1.293151483508853,3,0.1340629185985907,5,PET,Low
22,Urban,Bottled,10.675792351742649,3.606472922375769,5,11.888023912937545,6,LDPE,High
65,Urban,Bottled,12.078168265350579,7.602937030641939,1,19.41227664066563,1,HDPE,High
69,Urban,Tap,6.192008510359902,8.310689689508559,3,1.9704440853964258,0,PET,Low
41,Rural,Tap,15.107543974388816,9.177497882472496,1,2.600918535596214,4,HDPE,Negligible
53,Rural,Bottled,10.606986389268407,1.8182807499576956,0,14.13708725680089,4,PET,High
49,Rural,Tap,14.895570697267328,4.776123500007623,2,1.2716469439915332,5,PET,Low
85,Rural,Bottled,7.800901013428032,9.602275388403696,3,15.23890711654401,3,LDPE,High
61,Urban,Tap,15.454185767673474,35.00538206528463,1,0.9430813306115042,1,LDPE,Negligible
43,Urban,Tap,12.32546648210435,13.005980199765297,4,2.0435736074944884,5,LDPE,Low
30,Urban,Tap,11.659120257557076,25.588170408302258,1,1.3655794293212293,2,LDPE,Negligible
20,Urban,Tap,10.702073363059444,14.363760038083516,0,3.782703280820505,4,PET,Low
48,Rural,Tap,9.254414145776652,8.957946413840688,2,4.154120507622715,1,PET,Low
33,Urban,Tap,13.601594975421618,2.1322214307774274,0,0.3740099208709319,4,PET,Negligible
23,Rural,Bottled,10.42107960954414,10.98669245967685,4,16.964295122729144,6,PET,High
35,Urban,Well,4.098790889238543,9.76517404963692,1,1.990672889452807,1,LDPE,Negligible
28,Urban,Bottled,6.648440614878993,9.224827892971913,2,16.6418398094062,3,HDPE,Low
70,Urban,Bottled,9.442462743421759,6.729247746933954,1,12.458027036350567,2,PET,High
58,Rural,Tap,10.929996949496665,7.521683720353625,1,4.39002210651168,2,PET,Low
44,Urban,Well,9.830234533300313,4.071302844221822,1,0.5146957301625062,4,HDPE,Negligible
67,Urban,Tap,13.65691236938099,7.325383089290653,2,5.298072151418952,5,PET,Low
46,Urban,Well,4.146694407884126,2.2009309080150055,1,2.5276894460432042,1,Non-Plastic,Negligible
32,Urban,Well,10.430763809515481,16.356504660217094,2,2.8764682754871407,2,HDPE,Negligible
67,Urban,Bottled,4.546062323838536,2.0552093908722244,3,15.088946901309551,4,PET,High
53,Rural,Well,12.279136886452505,0.8879437273439632,4,0.5336539216044496,4,PET,Negligible
29,Urban,Bottled,9.716623856673992,5.731373395996819,2,16.192267698828683,4,LDPE,High
42,Urban,Tap,11.258829916072354,10.738438921378872,2,0.37772545371358757,6,PET,Low
31,Urban,Tap,7.408351118230701,5.757496857634068,3,0.7289295339123635,3,PET,Low
24,Urban,Bottled,13.838394794973254,3.2400604817547656,3,13.536011710713865,4,PET,High
58,Rural,Tap,13.125173992176554,8.16832765791855,2,0.347825857018909,4,HDPE,Negligible
73,Urban,Bottled,11.750632909035662,4.261817261473234,3,13.544749846344967,1,LDPE,Low
24,Urban,Well,9.611448259409677,27.01089832665207,1,3.1075508528397857,2,PET,Low
53,Urban,Tap,11.739571855885396,25.593518675257073,4,0.3659135679294845,1,HDPE,Negligible
35,Rural,Bottled,7.879322296037953,6.979021072718165,0,12.065365450249725,2,LDPE,Low
37,Rural,Well,12.566666977062136,3.9732432540845726,5,1.985020785997013,1,LDPE,Negligible
36,Urban,Well,14.948442682971763,13.361048487108292,2,7.457996674454083,8,PET,Low
32,Urban,Well,13.211831679937559,0.3740382591535727,1,0.8045817465219736,2,LDPE,Negligible
45,Urban,Bottled,7.811192590577772,6.439171246687819,1,19.498445070306218,2,Non-Plastic,Low
32,Rural,Well,11.084251951819308,4.0996028771175075,1,1.6897424657765427,6,PET,Low
49,Urban,Bottled,6.120575368724056,25.324497441644933,2,18.748310714967023,2,PET,High
44,Urban,Tap,11.717170933527028,0.12075645280140085,1,3.0655258598665625,2,PET,Low
41,Urban,Tap,11.351810238587616,8.047826218231986,4,1.9484534934138977,0,PET,Low
31,Urban,Bottled,4.390550981403508,13.496291453419673,3,11.102789863169333,1,PET,Low
36,Urban,Tap,6.514648468262909,6.636233061595189,0,1.5612489973719013,1,Non-Plastic,Negligible
56,Rural,Bottled,9.150583309768699,0.8927178086526871,2,12.564166459282346,4,Non-Plastic,Low
52,Urban,Bottled,9.09742075857752,35.92166260009256,0,16.919091748136783,2,PET,High
30,Urban,Tap,6.371569193743584,7.298328070248495,0,2.582666803827605,5,LDPE,Low
46,Urban,Bottled,11.166936188056551,9.524005241928169,2,14.172123893285125,3,HDPE,High
56,Rural,Bottled,10.754420826821537,2.6998595340795934,3,16.747431644049023,3,LDPE,High
19,Urban,Tap,9.417192604064443,6.606762829884718,2,0.037257727699950845,5,LDPE,Low
53,Rural,Tap,7.732625499524911,5.606279108861615,2,1.5775920788985776,3,PET,Negligible
35,Urban,Tap,13.14612137924969,0.7784894456788227,1,2.4537358467972203,3,LDPE,Low
53,Urban,Tap,14.966221339264886,1.1222888628088814,0,3.125179989104028,5,LDPE,Low
33,Urban,Well,8.549315548460388,18.169081814715252,2,0.430695368971014,4,HDPE,Negligible
18,Urban,Tap,8.163499248535537,2.741999687679879,3,0.6069532892664263,1,HDPE,Negligible
20,Urban,Bottled,11.473622996235989,2.1686116625938237,3,13.672422481710027,4,PET,High
45,Rural,Tap,8.925911860759042,7.030186460483493,3,0.8027494003993403,3,PET,Low
48,Urban,Tap,9.581808398010297,14.6424349774768,3,3.9395460444791435,1,Non-Plastic,Negligible
31,Urban,Bottled,12.218959455174014,0.6394831516097644,0,15.19150476409538,3,LDPE,High
54,Urban,Bottled,4.271931737478122,8.599291123141334,1,15.80062253578659,2,Non-Plastic,Low
20,Rural,Tap,13.954906974558007,1.2693654972997868,2,1.7379545554010076,3,PET,Low
44,Rural,Tap,10.218041572988025,0.37142367269751364,1,2.9664048800010554,1,LDPE,Negligible
26,Urban,Tap,8.765520566313459,0.5418584447695962,4,0.8089501562901705,1,LDPE,Negligible
35,Rural,Tap,9.732297537335652,17.96756583281812,0,3.560649652472016,2,Non-Plastic,Negligible
45,Urban,Bottled,9.887288065061556,1.2553202576137343,1,14.26009852475512,4,PET,High
32,Urban,Tap,4.806396089665224,0.4620244783014457,4,1.5797514868026241,2,PET,Negligible
39,Rural,Tap,14.484814682359708,5.760753081965301,1,0.48161507286683036,2,LDPE,Negligible
60,Rural,Tap,10.123976896811856,18.578574260826592,2,1.2907208359302973,4,Non-Plastic,Negligible
36,Urban,Well,11.329006391342126,3.0436496321598088,4,0.7659651191650224,2,Non-Plastic,Negligible
57,Urban,Well,12.854649311722127,5.476843323612204,2,0.62041012449527,3,Non-Plastic,Negligible
28,Urban,Tap,6.936512627319099,0.4074130252984888,3,6.821587642783421,4,Non-Plastic,Low
52,Rural,Bottled,11.420415697105685,5.961629738751385,1,8.918551814699654,5,PET,Low
66,Urban,Tap,9.19707672730362,8.618335144870423,2,3.095988075722161,3,PET,Low
18,Urban,Tap,12.54031232564948,8.460817256006495,1,8.29106008061859,2,PET,High
33,Urban,Bottled,3.618317738945514,4.041060702801168,3,12.488940449910091,5,PET,High
53,Urban,Well,9.702717099276192,3.791151097355419,3,2.401472189865586,4,Non-Plastic,Negligible
41,Urban,Well,8.191538032648115,1.1274730754879738,1,0.583144071934809,1,Non-Plastic,Negligible
50,Rural,Bottled,11.296788851902466,4.569662988092903,3,14.056019869485523,5,PET,High
35,Urban,Tap,11.410132562104607,1.0479919419815873,3,1.0313064456417258,2,HDPE,Negligible
46,Urban,Bottled,7.877122315533922,14.549841844393697,3,11.63442108064781,3,Non-Plastic,Low
42,Urban,Tap,7.863478407471869,33.894950542195915,2,0.0236697015130841,2,LDPE,Negligible
62,Rural,Bottled,9.668003894328011,35.09042871201905,0,9.541870739967752,10,PET,Low
48,Urban,Tap,7.310073318054376,20.030073013188275,4,1.3918880906660624,4,LDPE,Low
50,Urban,Bottled,12.52595108635638,9.18273068755283,1,18.42684169714927,3,PET,High
38,Rural,Tap,8.892378398657662,12.068626333420971,2,0.17548157211433285,4,LDPE,Negligible
37,Rural,Tap,1.2790353420350762,3.3576061363750065,2,2.2884290675968173,5,LDPE,Negligible
38,Rural,Well,8.875533830134582,9.963366608537275,1,2.27955429912863,3,PET,Negligible
50,Rural,Tap,6.884368537468083,6.0816202895230065,2,2.2117573512318516,1,Non-Plastic,Negligible
38,Urban,Bottled,5.106172553617164,6.5781351175577925,6,9.516929397215002,2,LDPE,High
49,Rural,Tap,6.287720085332283,14.178946745737333,0,3.4642003657678564,3,LDPE,Negligible
76,Urban,Tap,10.32822541549891,3.3117200553116595,4,0.08575806388420938,2,Non-Plastic,Negligible
58,Rural,Tap,13.985922484744695,3.8278370448899897,2,1.2738469539570494,4,PET,Negligible
40,Rural,Tap,10.93955342159494,25.855024166270127,1,1.0148397139631462,5,PET,Negligible
63,Rural,Bottled,8.18048983535278,0.5786674154582667,2,9.843555326529042,0,Non-Plastic,Low
38,Urban,Tap,11.367712585512109,6.6482078482397045,4,1.200540736731377,2,PET,Low
18,Urban,Well,8.622729069343025,24.3956012709857,1,0.9696472008302864,3,HDPE,Low
29,Urban,Bottled,7.916198892510566,9.425397625891,2,16.907176185607216,4,PET,High
18,Rural,Tap,6.536911995301047,7.905551223959676,2,7.751562064854792,2,PET,Low
39,Rural,Bottled,4.744513579744843,2.8734103625037783,5,19.145528547982135,0,LDPE,High
45,Urban,Bottled,8.830228880321664,4.204906620785936,1,12.971790364747742,2,PET,Low
70,Urban,Bottled,10.474160469760395,19.108701925534536,0,15.110210053974127,1,HDPE,High
49,Urban,Tap,9.710128989955331,8.192051557654432,2,1.9549617063268743,4,HDPE,Low
41,Rural,Tap,8.752099216157925,7.230749700078633,1,3.546067391505226,1,Non-Plastic,Negligible
57,Rural,Bottled,7.162761817909656,1.048936397058432,0,16.75282122581153,2,HDPE,Low
18,Urban,Well,11.824738575054905,0.16157996622941762,1,1.1257187637142991,1,PET,Low
48,Urban,Bottled,6.048604240160245,33.15529595780795,1,10.58470764998249,4,Non-Plastic,Low
56,Rural,Tap,12.328083741530426,4.731865570492681,2,0.9391467157659037,1,HDPE,Negligible
22,Rural,Bottled,6.993348943219826,9.243558227107894,2,16.795812286869683,2,HDPE,High
62,Urban,Tap,7.742694287940895,0.8307195382984446,2,3.5313636269606605,4,Non-Plastic,Negligible
50,Urban,Tap,5.599644428152969,11.492140928944558,0,0.2308216802683932,3,LDPE,Low
38,Urban,Tap,8.49579355934309,26.96616446896824,3,0.22885488699021306,9,LDPE,Low
54,Urban,Bottled,12.925937375433936,8.572326375919161,1,6.330604455958804,1,HDPE,Low
79,Urban,Tap,11.546884265331869,1.348068598304307,1,0.2077396473224553,0,PET,Negligible
47,Urban,Tap,12.935266336084105,8.716078660550046,3,1.9304005565120979,1,PET,Low
48,Rural,Bottled,11.566427637801807,14.539190822571562,1,11.051882555389211,2,HDPE,Low
38,Urban,Tap,6.688990514408893,5.215774456268805,0,1.4778514770031104,1,PET,Low
32,Rural,Tap,9.007632327017328,21.18912348977063,1,0.014492273914552286,0,PET,Negligible
57,Urban,Tap,7.659402612647612,10.460661964280916,2,0.7613391921002886,5,PET,Low
32,Urban,Well,13.99172471211712,22.951023416293836,2,2.261387211851374,5,HDPE,Low
46,Urban,Bottled,6.409634060721065,9.768513387403301,1,13.667642689027268,7,PET,High
37,Urban,Tap,12.681093068167332,1.4074359184092333,1,7.658075662024661,2,HDPE,Low
52,Rural,Bottled,12.678861610326308,3.706169856744946,4,11.662396093615875,4,PET,High
50,Rural,Bottled,15.488860605148261,2.253897574630221,3,23.809479651474895,6,LDPE,High
60,Urban,Tap,8.770940222111507,23.94990969259302,0,0.09310707166861895,3,LDPE,Negligible
37,Urban,Bottled,12.136966478740487,14.287846935734477,1,14.047521738071168,7,HDPE,High
40,Rural,Bottled,16.84495550961653,11.282420533593477,3,15.546344919620768,3,PET,High
30,Urban,Bottled,8.14707496919891,3.580563542633727,3,19.437190397459222,4,Non-Plastic,High
38,Urban,Tap,5.394879257402921,2.0339579323191286,1,0.27381689903756656,2,Non-Plastic,Negligible
50,Rural,Bottled,4.359969898276709,14.124374859492196,2,11.373503716801181,3,Non-Plastic,Negligible
56,Urban,Bottled,12.138136086583994,6.42754388673347,3,17.49595900402753,2,Non-Plastic,High
31,Urban,Tap,4.350549375824249,2.5591154590333423,1,2.576194253439681,2,LDPE,Low
58,Urban,Tap,8.883042841186231,9.58733774388437,0,4.772691728823548,5,LDPE,Low
65,Rural,Tap,11.311939561116882,0.4116981764792729,2,0.5375560748726703,2,HDPE,Negligible
51,Urban,Tap,10.555526610489743,3.947778025434058,3,4.777562070763156,3,HDPE,Low
73,Urban,Bottled,11.276334592552516,6.3215932042349685,2,14.944569639516404,4,Non-Plastic,High
33,Rural,Tap,10.666869567402562,1.601198497211068,3,7.494137988943194,1,HDPE,Low
26,Urban,Tap,13.83659743994018,41.769315472305344,0,0.6605112567333605,1,Non-Plastic,Negligible
18,Rural,Bottled,7.143050857783609,2.3458040929594244,2,19.745718078235466,3,PET,High
67,Urban,Tap,7.969014584624406,1.3966804633328538,4,0.11006296837371804,3,Non-Plastic,Negligible
54,Rural,Well,7.682021664187528,2.2757193450381825,4,2.4707343939324597,3,HDPE,Negligible
44,Urban,Tap,12.49057543558783,14.656022491982919,2,1.519048953455122,3,HDPE,Negligible
49,Urban,Tap,12.70119576518519,5.542650325196402,2,1.2997044687647872,1,PET,Negligible
28,Urban,Tap,11.353675957955524,8.333658886675275,1,0.5059026282965295,3,HDPE,Negligible
81,Urban,Tap,13.550481000669784,0.21232989903297278,1,2.445603182397474,3,Non-Plastic,Negligible
46,Rural,Tap,6.465877397870858,0.3503803368193404,0,0.4234418063537916,0,PET,Negligible
46,Rural,Bottled,15.00167233465341,5.902757497939404,2,21.867667850033015,2,HDPE,High
55,Urban,Well,14.569715865136775,16.963869815555796,0,0.5840372247685479,1,PET,Negligible
52,Urban,Tap,12.20686599173724,21.64902517156557,1,6.229994904244488,3,Non-Plastic,Negligible
48,Rural,Bottled,15.34539672631318,0.9069805637095328,3,9.77401171749896,2,LDPE,Low
33,Rural,Bottled,5.030130376966678,7.729766321930503,0,18.300886164727665,1,PET,Low
52,Urban,Bottled,8.426655591212045,24.444907236395437,2,18.18910563423785,3,PET,High
73,Urban,Tap,7.794089617954143,4.909784785030483,1,1.069102479470043,3,HDPE,Negligible
65,Urban,Tap,12.16443797127203,17.694061649017577,2,0.529833667867688,4,PET,Low
68,Urban,Tap,6.849577781193563,1.4351899382185629,0,1.3519866664459266,1,HDPE,Low
37,Urban,Bottled,12.272485448012457,27.39455572571274,2,11.433091425391483,1,Non-Plastic,Negligible
30,Urban,Bottled,14.11160843199014,13.920038996839228,1,11.496335929261592,7,Non-Plastic,High
43,Urban,Tap,12.085608700251997,28.359016316428004,3,1.7348200985323814,1,PET,Low
45,Rural,Tap,10.851253070984503,11.289186219185964,3,0.18643174036691024,5,Non-Plastic,Negligible
61,Urban,Well,7.036379977297752,4.516199407153104,2,2.368288775569542,0,HDPE,Negligible
19,Urban,Bottled,7.459447101623907,27.83547309211879,2,10.701551960939913,7,PET,High
67,Urban,Well,13.74885671589,3.223656902879484,2,3.086994992212809,3,PET,Low
42,Urban,Bottled,12.338047011715997,4.037254053615224,0,11.137948058059084,1,PET,Low
38,Urban,Tap,9.882941441867368,12.06671168310167,2,1.0793033563007517,4,Non-Plastic,Negligible
29,Urban,Bottled,8.746271362702329,14.495166268767568,2,11.355899781490024,5,PET,Low
20,Urban,Bottled,3.9225763806658698,26.507744820058047,1,11.94024517426691,2,PET,Low
57,Urban,Tap,6.787442743946683,2.2916465314160703,3,0.27059609582774885,1,HDPE,Negligible
46,Urban,Bottled,15.73425726141917,15.994778549907307,1,15.355974055237679,2,LDPE,High
25,Urban,Bottled,6.1586332869925995,13.414971234034583,1,15.824997954114131,6,HDPE,High
25,Rural,Tap,10.568439463663243,0.6592033540715676,2,2.440176162224055,1,HDPE,Negligible
39,Urban,Bottled,13.022331919585596,4.897544243402848,1,18.08654085531043,4,PET,High
70,Rural,Bottled,6.235231995993122,3.3235237480264863,1,19.745472136975017,4,Non-Plastic,Low
41,Urban,Well,10.55413142434325,3.631104997105856,0,1.339221732019759,2,PET,Low
22,Urban,Tap,12.813746612531965,40.71422074678638,3,5.2462099174748795,1,LDPE,Low
41,Urban,Tap,10.037497965721752,10.293961998398009,2,1.4720734079305966,0,HDPE,Negligible
40,Urban,Bottled,18.605209167000304,12.64700490305277,2,10.975983922173581,2,PET,High
18,Rural,Tap,4.994202223365415,37.55773272227464,4,1.7270602668532706,4,Non-Plastic,Negligible
44,Rural,Bottled,13.176185589651636,4.735327010328741,1,6.213898854564543,4,LDPE,Negligible
41,Rural,Bottled,9.481594787810607,16.186813438862043,3,9.52828956785304,3,PET,Low
55,Urban,Tap,12.315760464510024,5.700997387791121,2,3.441974274545789,5,Non-Plastic,Low
72,Urban,Bottled,11.323921455097738,20.366401070834076,2,10.287120130607928,5,LDPE,High
61,Urban,Bottled,7.80053140867001,1.9925314004922976,1,18.9737131124117,2,HDPE,High
40,Urban,Tap,10.68698917737802,29.504946419583877,3,3.0852664457271888,2,LDPE,Low
28,Urban,Well,4.426295645805139,2.468878650835111,1,0.9462569222990247,4,Non-Plastic,Negligible
83,Urban,Bottled,11.809742501714181,3.948523832916688,2,16.541316780864825,1,PET,High
45,Urban,Bottled,10.894475397971577,14.113752089015922,1,13.529330791228587,4,PET,High
45,Urban,Bottled,11.915980505929307,5.00471317699037,3,12.178131775001038,5,LDPE,High
44,Rural,Tap,13.174354975261451,9.37032811071555,3,4.3741160342312995,3,PET,Low
47,Rural,Well,11.102859520629133,5.8801899381336185,1,6.324210171641452,3,HDPE,Low
42,Rural,Bottled,10.444268259394828,13.562305877172879,2,16.83036728789848,4,PET,High
36,Urban,Bottled,7.356794990016123,2.5919990441900524,0,18.71301139019201,1,PET,High
36,Urban,Bottled,7.863337709052847,0.6023630865893053,2,15.632543651113426,3,PET,High
44,Urban,Tap,13.560203860531992,3.565740882720736,2,3.4134685056608864,4,HDPE,Low
36,Rural,Bottled,14.309006217117936,6.430410538271562,0,12.105418169395236,3,Non-Plastic,Low
34,Urban,Tap,9.285668691063838,1.8394693964449016,3,1.8403390211378747,1,PET,Low
46,Urban,Tap,10.138008241759822,4.381907319593558,4,1.8644182567527459,4,LDPE,Low
41,Rural,Tap,7.286156875018702,5.107973213224561,0,0.9083402595269389,2,PET,Low
67,Urban,Well,13.518270535802333,0.5910461153638691,3,4.696712111990537,4,HDPE,Low
18,Urban,Bottled,11.996250471075335,8.754061349555618,1,14.967208286222995,1,PET,High
61,Urban,Bottled,15.823652309391248,21.571300650389247,2,15.20562827912447,4,LDPE,High
63,Urban,Bottled,7.365030768460784,1.6457152044913623,3,13.853679840492617,2,HDPE,High
18,Urban,Bottled,8.865976302945349,9.108257257642823,2,7.048781536614002,4,Non-Plastic,Low
39,Urban,Well,10.694337767576718,10.928465572219721,0,0.39299898545427403,2,PET,Negligible
39,Urban,Tap,11.939468613177311,5.435807301359345,0,1.439267436284085,7,HDPE,Low
23,Urban,Tap,9.352997087357103,12.076381380094311,1,3.364197170461227,3,LDPE,Low
33,Rural,Tap,7.381116728638899,5.288734156216517,4,2.999914733620053,2,Non-Plastic,Negligible
28,Urban,Bottled,12.644222586770713,7.024650331840619,1,17.40636418357279,2,PET,High
71,Urban,Bottled,12.163406087636744,0.07380211441347014,0,10.361278242750098,3,PET,High
59,Urban,Tap,7.251177698308825,11.767471883030112,2,0.5866434349709505,2,Non-Plastic,Negligible
64,Rural,Tap,14.066328403316486,10.827665352018027,0,3.962222194434459,0,PET,Low
55,Urban,Bottled,13.51059612758981,0.39157627562617364,3,10.711337573242373,0,PET,High
28,Urban,Tap,10.402889491743379,4.592617027101013,3,0.43172200864470395,4,PET,Low
37,Rural,Bottled,10.238793587128109,38.64750220070523,2,10.398206154487893,3,Non-Plastic,Low
52,Rural,Well,11.662173313347722,5.4599791795618575,4,7.426751596239682,2,PET,Low
26,Urban,Tap,7.414890789231226,6.970455797169077,0,4.054821286263852,0,Non-Plastic,Negligible
55,Rural,Tap,10.090094437492246,24.071698891524832,4,4.474271733535041,3,LDPE,Low
41,Urban,Bottled,3.542849366172459,12.632341661615545,1,11.988524985316177,9,PET,High
39,Urban,Bottled,12.629366936508806,8.724416383427991,2,18.715463748147755,3,LDPE,High
55,Urban,Bottled,5.315520332674422,15.985211246967781,1,19.244649186414467,5,PET,High
51,Urban,Well,14.510259485286998,19.977971619660014,1,1.576511310804191,7,HDPE,Low
39,Rural,Tap,9.00963971810065,6.104398508926483,4,0.1051278851442428,4,HDPE,Negligible
62,Urban,Bottled,9.36499905420647,6.445634470898362,0,13.075761852636406,4,LDPE,High
28,Urban,Bottled,8.116798281746483,4.878433113638046,0,9.232501183235001,1,PET,Low
54,Rural,Bottled,9.135883378233771,34.02382283935487,3,21.77411552448879,2,HDPE,High
53,Rural,Tap,14.25559403544411,11.945713180879817,1,1.3968815538036248,3,Non-Plastic,Negligible
40,Urban,Bottled,2.536574030394762,0.8689109281468552,2,16.654585388131366,4,HDPE,High
49,Urban,Bottled,13.830896158264563,19.8747967623259,1,18.238262290493587,2,Non-Plastic,High
26,Urban,Tap,11.014070443305124,6.550038568828441,2,0.6534383082574942,2,PET,Low
58,Rural,Tap,6.378935056428354,0.7123170411325996,3,0.34597695227178427,0,Non-Plastic,Negligible
42,Urban,Bottled,6.774062820852286,7.978795716699965,3,17.05685281335542,2,PET,High
37,Rural,Tap,15.029179081624608,5.398499144592432,1,7.222162002987539,2,PET,Low
60,Urban,Tap,7.163479360171806,21.01682282439618,1,0.3323770632770389,2,Non-Plastic,Negligible
34,Urban,Tap,6.539948468212122,2.2814931377554224,1,0.6274236503322729,4,Non-Plastic,Negligible
23,Urban,Bottled,13.411943627094189,17.51373720524144,2,11.978040978221955,2,HDPE,High
21,Urban,Bottled,11.015658628857743,8.157413262354238,2,14.835414170137327,4,PET,High
54,Urban,Bottled,7.186223270390803,0.5615805894076391,4,14.232850908340225,3,PET,High
25,Rural,Tap,10.649874926213856,35.70041022711964,4,3.157016661302018,1,LDPE,Negligible
71,Urban,Bottled,6.922741949079168,7.187014146510949,4,6.363210164091028,3,Non-Plastic,Low
18,Urban,Bottled,13.302464195267817,3.4372607815508744,2,15.881931984516426,6,PET,High
70,Rural,Bottled,13.1841128946194,6.337597321774265,2,21.8893779163288,4,Non-Plastic,High
48,Urban,Well,11.596018596465829,19.50927198047229,0,5.560850389384363,2,PET,Low
43,Rural,Tap,11.08498318374105,3.637040537571317,2,3.493627037514715,6,Non-Plastic,Negligible
36,Urban,Bottled,15.283564374602122,2.1403069541003954,1,16.289781224620405,3,Non-Plastic,High
50,Urban,Tap,9.999058982164676,1.381951044775152,2,0.17162394914385995,2,LDPE,Negligible
44,Urban,Bottled,6.454377623737597,3.536216078176968,2,17.72666386747238,5,PET,High
61,Urban,Tap,11.34842173849692,15.143463339760519,1,1.638790310210317,4,Non-Plastic,Negligible
46,Rural,Tap,16.25814114861134,6.379516038605493,5,0.4150603734368378,2,LDPE,Negligible
47,Urban,Tap,6.955721520442443,2.5809945650484005,1,1.1892355836132742,4,HDPE,Negligible
39,Urban,Bottled,8.915611699918042,1.8174372330358521,3,13.004105378877298,2,HDPE,High
44,Urban,Tap,11.249338114304358,4.045597328496305,2,0.7931396180485003,1,PET,Negligible
49,Urban,Bottled,9.838285452982783,28.121510585578065,3,12.735668155508106,3,Non-Plastic,Low
19,Rural,Tap,7.053089258868056,4.20111919756408,4,3.670790608258219,2,PET,Low
24,Urban,Tap,13.365573568691413,44.33242117742316,1,0.781969323620794,3,Non-Plastic,Negligible
56,Urban,Bottled,16.96012216605178,6.640359653935747,0,17.332717725080727,5,PET,High
47,Rural,Tap,10.588394377071722,1.9743184633364994,4,0.21868479032964339,3,HDPE,Negligible
42,Urban,Tap,7.287795130791999,22.17693469201768,3,3.636976219292884,2,PET,Low
45,Rural,Bottled,5.353118424839575,6.1684445446344816,1,8.768893739409357,0,PET,Low
50,Urban,Tap,10.773927943663542,12.367416994390526,2,0.173136737558466,2,PET,Low
36,Urban,Tap,13.311632029948772,41.173010501123215,4,2.053190254788054,2,HDPE,Low
33,Urban,Tap,11.425503239486146,0.5147789070858623,3,1.2770807536957236,5,LDPE,Low
47,Rural,Well,9.992788477243439,1.0169453224685197,1,4.769556564871806,1,Non-Plastic,Negligible
30,Rural,Bottled,8.232185044632082,12.745982272098729,0,14.569511650041864,1,PET,Low
51,Urban,Bottled,6.723509101845731,3.3104201163002145,4,15.52541133832114,2,HDPE,High
19,Urban,Bottled,12.504253978974646,2.03710351255344,1,19.46210585010506,2,HDPE,High
60,Urban,Tap,12.741314864156756,0.4015750682000012,1,1.2174142275988016,3,PET,Low
52,Urban,Tap,5.362810639927801,0.2208888501872862,3,0.8444944249848592,1,LDPE,Negligible
48,Urban,Bottled,14.769516934542052,14.893712778192283,3,13.560543507592257,2,LDPE,High
59,Rural,Tap,11.722213662682003,1.4437098920670433,2,2.850584656329574,1,PET,Negligible
69,Urban,Tap,14.19878393543738,6.305867695387049,0,3.834427287865244,0,PET,Negligible
60,Urban,Tap,5.973616754544655,9.311425135641063,3,7.213243059224906,4,HDPE,Low
18,Urban,Tap,5.902527533753683,5.592315127740618,1,0.6202812899003427,2,PET,Negligible
25,Urban,Well,9.55309207069811,0.27480814660305225,1,2.518220517408479,3,HDPE,Negligible
35,Urban,Tap,11.508353280685583,15.30171671923533,2,1.0026030298272275,4,Non-Plastic,Low
45,Urban,Bottled,15.389082468780892,0.1056887890164542,1,18.719954118759148,4,LDPE,High
52,Rural,Tap,12.118236741445394,14.35022083624277,1,1.2924573063798293,6,HDPE,Low
34,Urban,Well,9.2719561695639,22.377762376637058,2,10.157754213660649,3,PET,High
47,Urban,Tap,6.920892377002324,5.67113688923094,1,2.61055080149626,4,Non-Plastic,Low
33,Urban,Tap,13.69000171815745,7.668851632250164,3,6.093684871920327,1,PET,Low
35,Rural,Bottled,7.105883722747856,6.481420613442204,1,23.15516264352116,4,HDPE,High
23,Rural,Bottled,14.885405664316965,4.9299981612267185,1,6.9470532043860596,5,Non-Plastic,Low
31,Urban,Tap,9.146846051180471,21.84131485513303,4,3.368529794496698,0,LDPE,Negligible
24,Rural,Tap,14.77174621785355,22.436891236837578,1,1.2292603691581856,1,HDPE,Negligible
30,Urban,Tap,12.036793870177835,4.091966084663726,3,0.5801390492230063,5,LDPE,Low
60,Urban,Tap,9.589013531672625,9.546931403682532,1,0.9250876075648042,5,PET,Low
30,Urban,Tap,8.44181088452162,26.160303669054812,0,0.04088758017974195,5,HDPE,Negligible
84,Urban,Tap,8.97727636796176,32.717097512450295,3,1.4846461415758208,3,PET,Low
52,Urban,Tap,11.284950077125712,7.112277339379046,1,1.4066285829088687,3,HDPE,Low
47,Rural,Tap,10.23146948865315,6.029862449957474,0,1.4899358167920829,5,PET,Negligible
32,Rural,Bottled,8.218565775793884,3.2669225918819262,3,6.8234259552055985,4,Non-Plastic,Low
55,Urban,Well,9.503105769047103,31.91063040942742,1,4.848466254020256,2,PET,Low
36,Urban,Bottled,10.235731089157449,1.5410070296113458,1,12.693856589861715,1,LDPE,Low
46,Urban,Tap,3.6137977167555633,8.670948786926992,4,0.9205265111401509,3,LDPE,Low
83,Urban,Tap,11.374504344366096,3.3205239306205243,2,1.103143087718505,3,LDPE,Low
43,Urban,Well,7.060836325849579,3.2712764016523215,3,0.8942402672912627,5,PET,Low
62,Urban,Tap,6.540002790382765,5.191410805043449,2,3.2038917321073304,5,LDPE,Low
34,Urban,Tap,4.937966958667869,67.19564161523772,1,1.4848331325192143,4,PET,Low
44,Rural,Bottled,4.618322506396329,0.5653469798623354,0,15.845088337271324,2,LDPE,Low
71,Urban,Bottled,5.9336574906631325,8.640347192819105,2,10.302570665478498,1,PET,High
35,Urban,Bottled,7.872937127108528,0.8618134850617397,0,12.196023931882763,4,LDPE,Low
72,Rural,Tap,15.859777412579705,1.6785174724564293,3,0.28361456780825905,2,PET,Negligible
55,Urban,Tap,8.422360972314388,5.790383385345262,1,2.5029297114023876,2,Non-Plastic,Negligible
36,Urban,Well,10.533250318804093,7.1428937261925,0,1.1434035109448153,3,LDPE,Negligible
54,Urban,Tap,11.201444159518985,2.9947454226575405,1,0.6981191805903767,1,PET,Low
59,Urban,Bottled,10.393195558647546,3.8046590477678084,1,16.523502414384623,3,LDPE,High
54,Rural,Bottled,9.767669617822019,0.9098327664737925,4,21.059655222203084,3,Non-Plastic,High
21,Urban,Bottled,6.414118709202266,3.6128524627551957,3,25.168835471639845,10,PET,High
34,Urban,Tap,14.352782644837635,33.979558226125086,3,0.5794029927031171,2,HDPE,Negligible
41,Rural,Tap,15.421589930913655,28.951158634953238,1,2.3727355695260357,2,LDPE,Negligible
43,Rural,Bottled,4.9520239176319425,4.077852327224315,2,6.877497308370043,3,PET,Low
54,Rural,Bottled,6.927914227340861,8.459579431278556,3,20.010937305222352,9,Non-Plastic,High
47,Urban,Well,9.160568972868981,24.03460029597596,3,0.10142363575420389,3,PET,Low
24,Urban,Tap,7.106386615269426,0.06203021661939663,4,3.777678074414697,2,PET,Low
50,Rural,Tap,11.517896660367596,16.643354328668572,0,0.020019342460239554,2,Non-Plastic,Negligible
54,Rural,Well,7.815183392780161,29.636437182826345,0,5.532815533015063,2,HDPE,Negligible
53,Urban,Bottled,16.49516820341981,0.9576859262634184,3,12.167899267941774,2,Non-Plastic,Low
61,Urban,Bottled,13.571645783030789,1.7607830972219596,2,15.901339701709965,2,HDPE,High
57,Urban,Tap,10.637722091896645,32.377096422818276,1,0.5659938885214015,4,HDPE,Negligible
51,Rural,Bottled,13.080958789959197,7.711955228569481,1,18.08649905759979,1,Non-Plastic,Low
43,Urban,Bottled,13.317701273071927,0.14298370709509134,1,9.776040752292626,0,PET,Low
20,Urban,Bottled,8.30815753582527,2.9791020022182573,3,9.799780840707255,2,HDPE,High
51,Urban,Tap,7.551348266374106,5.977345955789542,1,1.8943568701513505,7,HDPE,Negligible
48,Urban,Tap,10.234429188908942,11.806108686439714,0,0.36435254732124345,2,PET,Low
49,Rural,Bottled,12.584908373493832,13.211074682337152,1,11.53289855392117,2,LDPE,Low
25,Urban,Tap,10.417181195960254,53.863866684970496,5,1.7837642330898442,3,PET,Low
28,Rural,Tap,5.269010553427009,3.389910853962133,1,0.7077625521502331,3,HDPE,Negligible
60,Rural,Well,7.591526668147473,7.726669123908865,0,0.07138896918164593,2,LDPE,Negligible
44,Urban,Tap,9.778081409216865,7.621190833944656,3,0.0759310741104973,4,Non-Plastic,Negligible
55,Urban,Bottled,9.773003187022509,5.20278931558436,2,9.393275563862627,5,PET,Low
45,Urban,Tap,15.917626530369425,1.8532032120778896,1,2.6874252752711913,4,HDPE,Low
45,Rural,Bottled,5.842036172803006,37.92311305678069,1,10.557738384744452,2,PET,Low
59,Urban,Well,11.516767725507624,19.19482755887859,4,3.182215737397119,5,HDPE,Low
37,Urban,Tap,14.467339324984868,6.898187824161011,1,1.1303271805937536,2,HDPE,Low
46,Rural,Tap,16.814349236268388,9.244373826138894,2,1.2066060091834223,2,HDPE,Negligible
38,Urban,Tap,8.786807730448116,2.5781400225812767,2,1.4385002446835822,4,Non-Plastic,Low
38,Rural,Tap,11.4742883581606,7.8479562756010175,1,2.4967653466478446,4,Non-Plastic,Negligible
40,Urban,Bottled,11.70928107159594,11.873455829771036,4,12.776182273873632,2,PET,High
48,Urban,Well,10.586445194659872,7.239508357859227,1,0.2592776132311102,6,PET,Low
37,Urban,Tap,9.703464396282081,46.34101755230337,0,1.624119716404878,3,HDPE,Low
63,Rural,Tap,11.307926168500138,9.450546149855406,2,0.7919534012446147,7,LDPE,Negligible
31,Urban,Tap,2.403261744340944,4.635822307736845,0,1.1685543898094735,1,PET,Low
42,Rural,Bottled,12.046208470187894,14.790766602183062,3,5.017656409739349,1,LDPE,Negligible
38,Rural,Tap,10.378533710985902,1.8688697637845186,0,1.3629342817103458,2,LDPE,Negligible
66,Urban,Bottled,9.332575309665204,4.8534602614303335,5,21.674425335504832,0,PET,High
47,Rural,Bottled,16.140586587158673,4.2611528855376966,3,12.586943458247367,4,Non-Plastic,Low
60,Urban,Bottled,7.975197943628343,5.652942966301168,1,13.098026306661456,5,LDPE,High
22,Urban,Tap,8.790772032804908,15.222507530684267,2,2.4479198977277656,2,PET,Low
49,Urban,Bottled,15.974659906614203,6.619839033874896,2,11.764816724460172,1,PET,High
58,Rural,Tap,7.50381608545043,15.799492595751158,2,2.272024171556065,2,Non-Plastic,Negligible
46,Urban,Tap,8.349654151190384,8.59175562493918,1,4.135968492115348,9,Non-Plastic,Low
60,Urban,Bottled,9.55892372970745,4.186558770205241,4,11.490317062294507,3,HDPE,High
37,Urban,Bottled,12.522203446388648,16.60619337729086,1,18.915426200802237,2,PET,High
66,Urban,Tap,10.62340752205994,2.72188940651747,4,2.889929564507039,6,Non-Plastic,Low
79,Urban,Tap,6.122123958543212,2.540964112951039,0,1.7471993880098198,5,HDPE,Negligible
39,Rural,Tap,8.40349431061843,7.021938264501641,2,0.14730767720921514,1,Non-Plastic,Negligible
38,Rural,Tap,8.177936700363366,3.0225338149362373,2,4.453323544857073,1,HDPE,Negligible
66,Urban,Tap,9.768336864330863,0.09128573888656558,1,0.06253371087801106,4,PET,Negligible
68,Rural,Tap,11.277530975889487,10.449697088155181,4,2.759800543575045,0,LDPE,Negligible
37,Urban,Tap,11.254617267663916,7.155846718672418,2,2.844209060890311,1,PET,Negligible
38,Rural,Bottled,4.671964737854793,5.897205998370383,4,9.763153166508392,1,PET,Low
40,Urban,Bottled,13.191822962682568,34.10294069906828,2,11.998955933653297,2,HDPE,High
24,Urban,Bottled,10.75770653798987,8.467627661557925,3,11.935533432514262,6,Non-Plastic,High
31,Urban,Tap,14.15359614278172,19.909295283305287,3,1.1166752075166235,2,HDPE,Low
29,Rural,Well,11.332594981872015,1.501838337478074,1,0.8028454437225191,8,LDPE,Low
33,Urban,Bottled,13.303968873207285,8.421263364341424,0,13.281521114377467,2,PET,High
44,Urban,Bottled,11.39963593435038,20.247990253577083,1,20.902775171259083,1,PET,High
48,Urban,Bottled,14.038677268608245,8.74922703929043,2,14.487377856529816,3,PET,High
68,Urban,Well,11.566751908053336,12.658984863540612,2,0.22086774490573727,2,LDPE,Low
30,Urban,Bottled,9.706254260671288,4.65284490417675,4,14.399305260399071,2,HDPE,Low
59,Rural,Tap,16.817304161340644,0.9700608578105192,1,2.6784637217897336,1,PET,Low
41,Rural,Bottled,12.667111366839677,6.123053371304392,3,5.032336261964348,4,Non-Plastic,Negligible
44,Urban,Bottled,11.72123326301324,5.016666799684821,4,14.82182274814521,3,PET,High
55,Rural,Bottled,6.171086750384992,20.178587522588206,4,10.897573581590436,1,Non-Plastic,Low
28,Urban,Bottled,6.135077147609387,2.797076890024286,1,10.798658375338785,2,LDPE,High
50,Rural,Tap,10.87814644642556,34.03226264506965,2,4.011332696724463,2,PET,Low
47,Rural,Tap,10.436563593304722,31.733796466924385,3,0.703379271168658,2,HDPE,Negligible
52,Urban,Well,8.157632304975051,2.845292386217832,0,0.3470004484537055,4,HDPE,Negligible
49,Rural,Bottled,10.42294809883618,4.277904065455159,1,14.868831750113603,8,LDPE,High
81,Urban,Bottled,14.765880784130788,22.59101755380312,2,12.14093110435309,5,LDPE,High
35,Urban,Tap,12.086207423650896,33.9986489669791,3,1.71472005411527,2,PET,Low
37,Rural,Tap,6.576974470741785,5.859786853873907,2,1.7511914060005833,4,HDPE,Low
35,Urban,Bottled,9.665473518571169,3.8712980038857356,1,21.131622400260575,2,Non-Plastic,High
36,Urban,Bottled,7.585100557442317,7.467463171522045,1,13.010638451899373,3,PET,Low
35,Urban,Bottled,8.836900250774317,11.640126414462555,0,4.484015836987103,3,PET,Low
62,Rural,Tap,8.759153003111072,3.1948171795659257,2,3.9079639754813114,6,Non-Plastic,Low
66,Urban,Bottled,8.567063252187985,13.336001120802155,2,17.941598845800197,7,PET,High
36,Urban,Tap,6.234593884079816,0.5303940438718154,1,7.101539338144307,3,HDPE,Low
32,Rural,Bottled,9.617035955445429,0.505509308122376,2,14.70593673465181,3,LDPE,High
52,Rural,Tap,8.31817708945807,4.882290358062499,3,6.352167811009355,2,LDPE,High
36,Urban,Tap,1.2116539299931954,4.3614061536654,2,0.19084634751733992,2,LDPE,Negligible
54,Urban,Bottled,16.15891607350499,3.7926127023876854,2,10.836916323658585,1,PET,Low
48,Urban,Well,13.266308962650015,6.753460896468937,3,0.09539939626912268,4,PET,Low
22,Urban,Tap,8.871097825225013,3.8674186064988443,2,2.4423270882888675,3,HDPE,Low
68,Urban,Bottled,10.056457149221796,2.1351247744299524,2,8.05925534920027,1,HDPE,Low
71,Rural,Tap,6.485036958047314,3.702952073058832,1,1.1385735898257647,4,HDPE,Negligible
35,Urban,Tap,15.087168633432595,36.85057678818887,4,5.276733237609832,1,HDPE,Low
39,Urban,Tap,15.691866084319335,5.295216724374391,5,1.7846556575266788,5,PET,High
49,Urban,Tap,10.470081184739573,5.882697799283968,1,1.988543117040856,4,PET,Low
50,Rural,Bottled,13.070591932556034,8.593080041840839,1,12.238901452596785,3,Non-Plastic,Low
54,Urban,Tap,10.525860336801772,40.94790766610068,4,0.7042284484187811,5,LDPE,Negligible
75,Rural,Tap,5.989823683372208,2.7654601110677484,2,0.8747343862895819,0,PET,Negligible
42,Urban,Well,8.764529893109028,11.4344892650929,4,4.727898259106586,1,PET,Low
33,Urban,Tap,10.395783900315871,12.587271462934224,3,4.624533539858848,1,PET,Low
24,Urban,Bottled,8.636356843769667,9.347714960388029,2,11.055745386125944,4,PET,Low
34,Urban,Tap,9.344040167694892,0.9274963440079735,2,4.642278655123682,2,Non-Plastic,Negligible
44,Urban,Bottled,9.725801327472656,11.29707603047288,0,16.439520188761676,6,Non-Plastic,Low
71,Urban,Tap,9.757364506403617,0.662409946287563,2,3.471411907346127,1,Non-Plastic,Negligible
37,Urban,Tap,10.15677547149245,9.066935563182682,0,1.05471802726696,4,Non-Plastic,Negligible
48,Rural,Tap,6.818184800810197,13.45464087165402,4,9.377398382434944,4,Non-Plastic,Negligible
44,Urban,Tap,7.8489515526161915,2.3695079741946246,3,1.2783825326351694,1,LDPE,Low
62,Rural,Tap,6.146247202900092,18.42770745761794,3,1.6141377329240518,2,PET,Negligible
82,Urban,Bottled,12.9334466490586,0.30824021993599404,0,14.047450716723137,3,HDPE,High
37,Urban,Bottled,3.683059174479027,18.56700398734173,4,10.076847966345763,8,PET,High
37,Urban,Bottled,13.460771029950777,6.167956781969939,2,16.959776205517265,0,PET,High
60,Urban,Bottled,14.15904819178853,2.453737461825311,1,20.718989528886116,1,PET,High
55,Urban,Tap,9.093458239052136,1.4361421961938277,1,3.2458145622037944,3,LDPE,Negligible
72,Urban,Tap,2.1905887365181043,30.641646075080182,3,0.30054557181253605,1,PET,Negligible
53,Urban,Tap,8.916068314098128,0.754410315239231,2,2.999089810256662,4,PET,Low
39,Urban,Tap,9.807447516133543,2.220109678489743,1,1.9661791635322199,4,LDPE,Low
53,Urban,Bottled,6.9682053402132595,4.274382809073824,2,17.42080603099305,0,Non-Plastic,High
61,Rural,Bottled,8.454344818575272,9.682022408988972,1,15.057160840613005,1,LDPE,Low
57,Rural,Tap,14.590585596590053,7.8702078034706355,2,3.9283549394880324,6,Non-Plastic,Low
52,Rural,Tap,11.994781486905223,1.342670830781798,3,2.40920106457218,5,PET,Low
61,Rural,Bottled,7.2263076568657,3.42107260823604,2,10.528098309886673,2,PET,Low
62,Urban,Bottled,5.207202491213703,2.72795786510522,1,13.14562703117983,3,LDPE,High
65,Urban,Tap,9.018948047170687,2.4021704555933256,0,0.19096599005282855,7,LDPE,Low
54,Rural,Well,9.359629661948686,5.295741788075499,0,1.2846030641642818,1,HDPE,Negligible
42,Urban,Well,11.488597562089948,12.17502089059536,1,0.4305995208275283,4,HDPE,Low
47,Urban,Tap,8.394049862297024,2.452012078556946,2,0.46735689548237425,3,HDPE,Low
63,Urban,Tap,11.534498726085584,4.567776864231982,2,2.165304435482711,2,Non-Plastic,Negligible
32,Urban,Bottled,15.805462120180687,4.95801432353727,2,7.115689916158122,2,PET,High
50,Urban,Well,12.446503067332788,37.48906755366757,1,1.0342126471943627,3,PET,Low
39,Rural,Bottled,9.855734478007681,30.937058483875916,1,9.100000445359797,6,LDPE,Low
45,Urban,Tap,9.450548586840116,16.101260629157196,2,2.0924966775224965,4,PET,Low
64,Urban,Tap,8.929980597460386,2.766220220129904,0,4.098787797109173,1,PET,Low
47,Rural,Bottled,13.541922737356433,0.7046250167707582,1,9.657009156873801,3,PET,High
45,Urban,Bottled,8.118059662146091,3.8112007453192884,3,14.119184660485697,3,PET,High
24,Urban,Tap,10.135668126999947,3.103293291023623,0,1.5381337069830723,1,PET,Low
56,Urban,Bottled,10.153593705643257,7.050695709406195,0,19.934975640814827,2,PET,High
54,Rural,Bottled,8.494647421565404,15.038530172563103,1,11.060756409863236,1,HDPE,Low
77,Rural,Bottled,5.882603356347698,19.54205028797643,1,8.403086963101476,2,HDPE,Low
40,Urban,Bottled,10.968923510853005,18.634536779680218,0,5.388345936969937,4,HDPE,Low
48,Rural,Bottled,9.816988084433849,4.4578029548790035,2,13.876853990346339,0,HDPE,Low
48,Urban,Tap,11.50072140830971,11.623010700110076,2,5.292302954554506,2,PET,Low
68,Rural,Bottled,8.3991990806825,3.7517967311876155,2,8.284381573953093,0,PET,Low
43,Rural,Tap,13.662463896439142,0.6283921189922631,0,0.2889547172577189,5,PET,Negligible
49,Rural,Bottled,7.369678656364465,12.092040152918223,3,16.668980589716966,1,Non-Plastic,Low
54,Urban,Tap,15.136120852053677,0.09876161699253505,0,0.8852144807338879,1,HDPE,Negligible
47,Rural,Bottled,4.757090470515215,5.26248255940149,2,19.457304976683467,1,PET,High
38,Rural,Tap,11.304310193670673,3.9955153177151197,3,1.9078343894526646,5,PET,Low
47,Urban,Tap,11.42629204757987,11.821380553414716,4,4.661476351394474,2,Non-Plastic,Low
61,Rural,Tap,7.613328796177353,14.534837431308587,2,6.555741701751042,2,LDPE,Negligible
29,Urban,Tap,11.273181813583038,3.625415991157512,2,2.120339251630494,2,Non-Plastic,Negligible
46,Rural,Bottled,13.838556009280477,16.69331315894135,1,15.585467825869404,1,PET,High
34,Urban,Bottled,3.3495434819378067,3.4802214547138766,4,14.678991071882647,2,PET,High
62,Rural,Bottled,11.508234422472444,5.911798632695978,3,10.614008788524371,1,HDPE,Low
22,Urban,Tap,2.5201875390097674,12.983513506207151,3,1.4875694309294079,8,HDPE,Low
36,Urban,Tap,7.103005589430376,11.806477254887483,2,1.6197332705077003,10,HDPE,Low
50,Urban,Tap,14.887499094702836,43.7155939286399,1,2.7131415465711677,3,LDPE,Low
68,Urban,Tap,8.254653899823838,2.551000443984755,3,0.49662271470729524,3,LDPE,Low
44,Urban,Bottled,6.478360106773082,10.856503987174065,1,11.356663056759416,5,HDPE,High
36,Urban,Tap,9.406186813045954,9.407932524898305,0,0.9051998143273919,0,PET,Negligible
73,Urban,Tap,16.203719014490655,24.662629819439505,3,6.409925905630149,2,PET,Low
23,Urban,Tap,4.504953258381922,1.7003195424467847,2,1.1737759948256592,3,Non-Plastic,Negligible
18,Urban,Tap,6.846070265081966,13.935130073144775,3,2.8137613640002392,1,PET,Low
51,Rural,Bottled,14.492295049538878,8.399516810523487,3,13.484490485244987,0,LDPE,Low
37,Urban,Bottled,15.573107030613198,3.2112286103701893,0,11.963624778753722,1,HDPE,High
29,Rural,Tap,9.689706327129148,6.432812412387728,3,1.696655331310772,2,Non-Plastic,Negligible
55,Rural,Tap,6.282841892420072,4.061302248539729,2,4.49435551882018,0,LDPE,Negligible
48,Urban,Tap,16.287530505427476,8.658671471970726,2,1.2894673916294566,6,LDPE,Low
36,Urban,Tap,14.78332717524759,21.98230580519771,3,5.80512175290572,5,Non-Plastic,Negligible
25,Rural,Tap,12.0368409632867,8.423550598058522,1,0.48276329103821997,3,Non-Plastic,Negligible
58,Urban,Well,7.56279295318774,9.989183271273994,1,0.1541057591782063,3,HDPE,Negligible
54,Urban,Bottled,9.85291197748589,7.313639198622727,2,12.498370214064153,1,LDPE,Low
43,Urban,Bottled,9.518919756865508,0.5252089647272541,1,13.804680656265187,2,PET,High
72,Rural,Tap,10.992553913846733,2.650840837639221,0,9.809816193486839,6,HDPE,Low
28,Urban,Tap,14.353004314394008,6.772772358033138,2,2.2750814548969527,2,Non-Plastic,Negligible
22,Urban,Bottled,12.63825112341221,3.7140473047581497,4,10.76939776901294,5,Non-Plastic,High
34,Rural,Bottled,6.767871769045725,2.006039838399916,2,12.433720090575843,5,PET,High
44,Rural,Bottled,14.129489350058613,7.014472145775823,0,20.020248154433318,2,LDPE,High
48,Urban,Tap,10.939396420039467,3.8980309050500237,1,1.683951425135737,5,LDPE,Low
41,Urban,Bottled,12.06119738757675,2.98551118000952,5,14.651186472399651,5,Non-Plastic,High
50,Rural,Tap,14.399622577835808,6.235939120134725,4,5.453184266641389,4,HDPE,Low
26,Urban,Bottled,6.6652592514593465,1.430442199540243,4,8.748125880210909,4,LDPE,Low
66,Urban,Bottled,9.89252326388061,26.27563895953608,4,15.57590090345761,1,PET,High
43,Urban,Bottled,8.405636345922355,20.22699065275232,3,10.790912664261919,0,LDPE,High
61,Rural,Tap,5.296421723903633,12.297029562543074,2,1.6639833320717519,1,PET,Negligible
50,Urban,Bottled,11.040129932814759,1.1228871316461362,1,10.787556664186742,1,Non-Plastic,Low
51,Rural,Tap,17.534669654753273,14.955614060910039,1,0.09831233529796879,4,HDPE,Low
53,Rural,Tap,4.479766766482742,16.50037682215909,1,4.274958187827868,1,LDPE,Negligible
51,Urban,Tap,9.90315816685159,14.600038428355447,0,1.1753910862044439,4,LDPE,Low
54,Urban,Bottled,11.92162880522432,1.2099982699549117,1,18.406951447144834,3,Non-Plastic,High
64,Urban,Tap,10.369234604968543,10.32566033985309,4,0.2997578400330669,1,PET,Low
47,Urban,Tap,9.66061584245278,17.977260081696055,0,0.006787199467992425,7,PET,Low
55,Urban,Bottled,6.102350909662527,8.612189130065929,1,15.579831881293229,2,Non-Plastic,Low
43,Rural,Tap,10.69836022882049,10.39609805981671,3,2.438755250833847,7,Non-Plastic,Negligible
66,Urban,Bottled,7.72970806895222,6.131601287606566,1,10.586402103843554,3,Non-Plastic,High
34,Rural,Tap,3.4302348850643405,7.522759764356404,2,4.791319235978257,4,PET,Low
72,Urban,Tap,13.583776661541192,0.34981643404519636,1,0.4842006247704993,3,PET,Low
44,Urban,Bottled,12.875157459526127,10.187748936881086,2,21.40816017925468,3,PET,High
23,Urban,Tap,10.15498293055324,0.8495590498342367,3,0.4005832186124324,2,PET,Low
46,Urban,Tap,10.687224064617109,5.7095537885997505,1,0.028160755738606727,3,HDPE,Negligible
34,Rural,Bottled,13.222954038146684,3.462368928147022,5,12.553487562509817,3,PET,High
57,Urban,Bottled,10.673018970334248,7.88398852541655,5,19.742283972654494,4,HDPE,High
35,Urban,Bottled,12.712052664283943,1.4319661998462756,1,6.686376476632148,2,PET,Low
38,Urban,Tap,9.10755339737845,11.764983799247519,0,0.4170025040200711,1,PET,Negligible
18,Urban,Tap,13.93595121572184,15.848015791272337,1,0.6717232376069106,3,Non-Plastic,Negligible
38,Urban,Bottled,10.96235717779805,1.7835477457975988,3,12.229642828903376,5,PET,High
18,Urban,Bottled,10.582155830817623,1.101643549194253,1,14.030911572702738,5,PET,High
21,Rural,Bottled,6.189816733863903,1.572568957098479,0,17.78124708494346,1,PET,High
56,Urban,Bottled,10.860867562905126,20.966085503639164,3,11.78972261552459,1,PET,High
56,Rural,Bottled,7.504135247516647,7.5117735210724055,2,6.507976676277518,5,LDPE,Negligible
51,Urban,Tap,8.085151820414517,6.29723648305585,0,0.7072088922341757,2,PET,Negligible
30,Urban,Tap,7.553873115051637,1.1284603919401595,0,1.2173030330629293,9,HDPE,Low
44,Urban,Bottled,6.801295204302325,10.48554376308141,1,9.76385151195161,1,Non-Plastic,Low
44,Urban,Tap,16.374314209050887,20.24950264696681,2,3.2057924215004463,5,LDPE,Low
27,Urban,Tap,13.994017185965209,17.613420220777932,1,0.5575819063355524,7,PET,Low
67,Urban,Bottled,15.761102506432785,9.836457729649995,0,13.746440591860758,4,HDPE,High
58,Urban,Bottled,6.331314941333308,0.7826290217339418,3,15.931160496241272,4,PET,High
41,Urban,Tap,10.213761249732677,1.1923073864586062,0,6.206570656169417,2,HDPE,Low
45,Urban,Tap,6.119477124387712,0.5056617681195948,2,0.42890036032111606,5,HDPE,Negligible
48,Rural,Tap,7.912915368408807,2.977044174410967,1,4.286758587231575,4,PET,Negligible
18,Urban,Bottled,7.2456190497502755,1.4579076650342595,1,5.456800605060778,7,Non-Plastic,Low
41,Urban,Well,13.718752019324684,3.011700141513138,3,6.875303113108181,3,Non-Plastic,Low
34,Urban,Tap,8.81131096569472,4.862274151745636,2,1.299756502487609,5,Non-Plastic,Negligible
29,Urban,Tap,13.205138001082048,28.644020229109,3,2.599479665142885,5,PET,Low
40,Urban,Bottled,11.812362668765553,9.42573260902678,3,14.568177915322181,2,LDPE,High
71,Urban,Tap,16.910916256314366,18.016509430520838,5,0.40758459590975654,4,Non-Plastic,Low
54,Urban,Bottled,5.561667330580828,12.390871625761168,2,16.65136437208653,2,PET,High
36,Urban,Well,13.777699719360397,1.1935028499273859,0,0.3624419622315103,4,Non-Plastic,Negligible
53,Urban,Tap,13.439322611202183,13.315047302673324,1,8.03973128538137,0,PET,Low
