DeviceID,EnergyConsumption_kWh,DeviceStatus,SensorReading,Timestamp,CommandType
Dev_3,3.5209923986967517,idle,22.61705683735906,2023-01-01 00:00:00,cmd_c
Dev_4,2.72687219508619,idle,22.469787990719997,2023-01-01 00:01:00,cmd_a
Dev_1,1.6166853198030062,idle,29.062545805210366,2023-01-01 00:02:00,cmd_a
Dev_3,4.087595596564048,idle,22.49546199849506,2023-01-01 00:03:00,cmd_c
Dev_3,3.455182745514009,active,22.71949726128631,2023-01-01 00:04:00,cmd_b
Dev_4,0.8968230027899674,active,27.593982624179638,2023-01-01 00:05:00,cmd_c
Dev_1,4.563543204019828,idle,24.4973984245054,2023-01-01 00:06:00,cmd_c
Dev_1,4.130432490323528,active,27.767105569551813,2023-01-01 00:07:00,cmd_b
Dev_3,4.754019575130428,idle,20.653661575643852,2023-01-01 00:08:00,cmd_c
Dev_2,3.656025591102964,active,24.875711936733843,2023-01-01 00:09:00,cmd_c
Dev_3,3.1057344600853707,idle,,2023-01-01 00:10:00,cmd_c
Dev_3,2.149390877824033,idle,20.626532034553545,2023-01-01 00:11:00,cmd_b
Dev_3,4.670369568434665,active,29.06437453344411,2023-01-01 00:12:00,cmd_a
Dev_3,4.343713058552001,active,21.392453711175953,2023-01-01 00:13:00,cmd_a
Dev_4,0.3215714835203281,idle,25.32420682275217,2023-01-01 00:14:00,cmd_b
Dev_1,0.22919817503653483,idle,24.110956026007067,2023-01-01 00:15:00,cmd_a
Dev_4,1.9446704977024432,active,23.473433262588426,2023-01-01 00:16:00,cmd_c
Dev_4,4.071711320830981,active,28.998333456872725,2023-01-01 00:17:00,cmd_a
Dev_4,4.937653033643228,idle,20.218233967754895,2023-01-01 00:18:00,cmd_c
Dev_3,0.8370427664072881,active,26.63789686175589,2023-01-01 00:19:00,cmd_a
Dev_2,,idle,29.633944342135504,2023-01-01 00:20:00,cmd_b
Dev_1,1.9663651974920056,idle,25.601681834618418,2023-01-01 00:21:00,cmd_a
Dev_2,4.852580549291556,idle,29.36822462033092,2023-01-01 00:22:00,cmd_a
Dev_4,4.2263827233649724,idle,20.522578792860237,2023-01-01 00:23:00,cmd_a
Dev_4,4.207810653084575,active,24.187933190741614,2023-01-01 00:24:00,cmd_b
Dev_2,2.3965964829953545,active,22.601577909620513,2023-01-01 00:25:00,cmd_a
Dev_2,2.1326155614545597,active,27.308209649807296,2023-01-01 00:26:00,cmd_b
Dev_2,1.4396946524604608,active,29.812970904972467,2023-01-01 00:27:00,cmd_c
Dev_4,0.3762399335895429,active,22.56530062444248,2023-01-01 00:28:00,cmd_a
Dev_4,4.337139643649761,active,26.541746014740745,2023-01-01 00:29:00,cmd_b
Dev_1,4.083214944737381,active,21.9809763275974,2023-01-01 00:30:00,cmd_b
Dev_1,4.99861659910204,idle,25.653302545716098,2023-01-01 00:31:00,cmd_a
Dev_4,4.983520501662136,active,24.639324866883364,2023-01-01 00:32:00,cmd_c
Dev_2,2.821615357452875,active,29.72005329631537,2023-01-01 00:33:00,cmd_b
Dev_2,3.8680383343845017,idle,26.085272726964668,2023-01-01 00:34:00,cmd_a
Dev_1,4.729352076423897,active,23.49506372086819,2023-01-01 00:35:00,cmd_c
Dev_4,4.263272214319316,active,21.140957848879335,2023-01-01 00:36:00,cmd_b
Dev_1,1.3120056985416686,idle,21.512468287349346,2023-01-01 00:37:00,cmd_b
Dev_1,2.3076662630194584,active,22.25316929951235,2023-01-01 00:38:00,cmd_c
Dev_3,0.7328811342423255,active,22.50966661340298,2023-01-01 00:39:00,cmd_c
Dev_3,4.7748500335677395,active,28.50616057841138,2023-01-01 00:40:00,cmd_a
Dev_3,3.0702557088093125,idle,25.61222788282525,2023-01-01 00:41:00,cmd_a
Dev_2,1.2203497469669675,active,25.233909113743664,2023-01-01 00:42:00,cmd_b
Dev_4,3.3913333535886983,active,21.147688718692173,2023-01-01 00:43:00,cmd_c
Dev_4,3.1288283782436896,idle,28.60139693349435,2023-01-01 00:44:00,cmd_c
Dev_4,1.8549973183609187,active,27.228143032084837,2023-01-01 00:45:00,cmd_c
Dev_4,0.6564322017781822,idle,20.676683619000016,2023-01-01 00:46:00,cmd_b
Dev_3,3.3907086584047184,idle,27.078350972297685,2023-01-01 00:47:00,cmd_c
Dev_2,2.6495077344285876,active,25.43538217342646,2023-01-01 00:48:00,cmd_c
Dev_2,3.884360119504633,idle,20.817253457467782,2023-01-01 00:49:00,cmd_b
Dev_3,2.648801155448768,idle,24.583006415286565,2023-01-01 00:50:00,cmd_a
Dev_2,4.275689351560847,active,24.84696287130047,2023-01-01 00:51:00,cmd_a
Dev_3,2.8043435099949794,idle,21.65774540163276,2023-01-01 00:52:00,cmd_b
Dev_4,2.848596060523393,idle,29.456981470002823,2023-01-01 00:53:00,cmd_c
Dev_3,4.3956026530258905,active,28.49975371480662,2023-01-01 00:54:00,cmd_b
Dev_4,2.0770660444407456,active,26.690223373291083,2023-01-01 00:55:00,cmd_a
Dev_4,0.7566746194081396,active,24.622955610006073,2023-01-01 00:56:00,cmd_a
Dev_1,0.24103511393536098,idle,24.117655415845086,2023-01-01 00:57:00,cmd_b
Dev_3,3.8001725528007335,active,26.50973467150954,2023-01-01 00:58:00,cmd_b
Dev_1,3.139516801631977,idle,25.454318694069055,2023-01-01 00:59:00,cmd_a
Dev_3,3.5499908636861957,idle,20.622731058818857,2023-01-01 01:00:00,cmd_b
Dev_3,1.1435243913936628,idle,25.125026487703316,2023-01-01 01:01:00,cmd_a
Dev_1,0.7682202303751718,idle,28.064036172328393,2023-01-01 01:02:00,cmd_b
Dev_1,0.17126886177262146,idle,24.59239877596958,2023-01-01 01:03:00,cmd_b
Dev_3,1.8178790381523253,idle,20.519565775542684,2023-01-01 01:04:00,cmd_b
Dev_2,2.9905966655877023,idle,27.86278199384033,2023-01-01 01:05:00,cmd_a
Dev_4,2.0219958209886886,active,22.013637821359744,2023-01-01 01:06:00,cmd_b
Dev_1,2.243627117916273,active,22.586208348880387,2023-01-01 01:07:00,cmd_a
Dev_4,4.530377603019367,idle,21.64706353432296,2023-01-01 01:08:00,cmd_a
Dev_2,1.806451788414172,idle,23.302150648714974,2023-01-01 01:09:00,cmd_b
Dev_2,2.618548496883073,active,27.56751505688635,2023-01-01 01:10:00,cmd_b
Dev_2,3.9398997624316014,idle,25.193858595039373,2023-01-01 01:11:00,cmd_a
Dev_1,2.0430596333742237,active,22.048812741507128,2023-01-01 01:12:00,cmd_a
Dev_2,3.1482248311165804,active,28.778300781520407,2023-01-01 01:13:00,cmd_c
Dev_1,4.325582172859051,active,28.795818549515293,2023-01-01 01:14:00,cmd_a
Dev_2,4.752651055922446,idle,28.70578425046007,2023-01-01 01:15:00,cmd_c
Dev_4,0.8206600565522859,idle,22.38796211381539,2023-01-01 01:16:00,cmd_c
Dev_4,4.640279363291323,active,24.51239344180988,2023-01-01 01:17:00,cmd_c
Dev_3,2.511369836089737,active,29.84989656140875,2023-01-01 01:18:00,cmd_b
Dev_4,1.3653975026648961,active,27.720124763099903,2023-01-01 01:19:00,cmd_b
Dev_3,2.3497652055674805,active,20.271674212255597,2023-01-01 01:20:00,cmd_a
Dev_4,4.902159618898837,active,20.65204591260492,2023-01-01 01:21:00,cmd_c
Dev_1,2.5138286605650615,idle,24.63931376812333,2023-01-01 01:22:00,cmd_b
Dev_4,1.7108828904087905,active,29.0922020586156,2023-01-01 01:23:00,cmd_b
Dev_3,3.203664186151957,idle,25.387017979527144,2023-01-01 01:24:00,cmd_b
Dev_3,1.2767135320131462,active,24.978125080342902,2023-01-01 01:25:00,cmd_b
Dev_2,0.4717303077324533,idle,21.054736999566305,2023-01-01 01:26:00,cmd_b
Dev_1,0.7315106373621812,idle,26.56780104724294,2023-01-01 01:27:00,cmd_c
Dev_4,0.727424610893085,idle,28.221031606002256,2023-01-01 01:28:00,cmd_c
Dev_2,0.8443231982102424,idle,23.804200075075624,2023-01-01 01:29:00,cmd_c
Dev_4,0.7802531459821097,idle,27.756118509253277,2023-01-01 01:30:00,cmd_c
Dev_4,3.240286249535752,idle,29.644766539008117,2023-01-01 01:31:00,cmd_a
Dev_2,0.9912124135558097,active,22.03766459127689,2023-01-01 01:32:00,cmd_c
Dev_2,1.7937696882869298,idle,25.233296311947413,2023-01-01 01:33:00,cmd_b
Dev_2,4.494263208539458,active,22.871379580845755,2023-01-01 01:34:00,cmd_c
Dev_2,2.422412037288075,idle,27.928544190338393,2023-01-01 01:35:00,cmd_a
Dev_2,3.3710329187530337,idle,25.775933658811574,2023-01-01 01:36:00,cmd_b
Dev_4,0.9443673688879862,active,26.345824175503036,2023-01-01 01:37:00,cmd_c
Dev_2,1.0422161921624868,idle,27.97914159615894,2023-01-01 01:38:00,cmd_c
Dev_1,0.30025621970574645,active,23.959704726624548,2023-01-01 01:39:00,cmd_c
Dev_3,0.9277818090536063,active,29.150900684070432,2023-01-01 01:40:00,cmd_b
Dev_2,1.4650926612565975,active,25.3302886724614,2023-01-01 01:41:00,cmd_b
Dev_2,0.9673513729560594,active,21.57954822835348,2023-01-01 01:42:00,cmd_a
Dev_4,0.5346424154095726,idle,26.958991181688024,2023-01-01 01:43:00,cmd_b
Dev_2,0.691115768392944,idle,27.932613504382545,2023-01-01 01:44:00,cmd_b
Dev_2,2.3578159633603564,active,23.167616770675266,2023-01-01 01:45:00,cmd_c
Dev_2,1.1110352201883835,idle,28.57179256998753,2023-01-01 01:46:00,cmd_b
Dev_4,1.88492231913557,idle,29.061432547657663,2023-01-01 01:47:00,cmd_c
Dev_2,2.566744627188799,active,22.76904487377809,2023-01-01 01:48:00,cmd_c
Dev_3,3.4829346602838904,idle,29.83521472715222,2023-01-01 01:49:00,cmd_b
Dev_4,0.2926294852213848,active,21.407115280487584,2023-01-01 01:50:00,cmd_a
Dev_3,4.017110954654309,active,22.0201566840249,2023-01-01 01:51:00,cmd_a
Dev_4,3.1767119085054483,idle,21.842248392380263,2023-01-01 01:52:00,cmd_b
Dev_2,0.5006192565494724,idle,28.939897100078703,2023-01-01 01:53:00,cmd_a
Dev_3,4.380535258123208,idle,26.542925523249618,2023-01-01 01:54:00,cmd_c
Dev_4,4.612274762605884,active,21.52104283222273,2023-01-01 01:55:00,cmd_c
Dev_1,0.39928200328883245,active,24.40323418368349,2023-01-01 01:56:00,cmd_b
Dev_2,1.4567004759212985,idle,26.152980250698022,2023-01-01 01:57:00,cmd_a
Dev_4,4.050386270986,idle,20.834640849893834,2023-01-01 01:58:00,cmd_a
Dev_1,3.7664724828799265,idle,28.824163684073387,2023-01-01 01:59:00,cmd_c
Dev_4,1.004152994846249,idle,28.036035354415354,2023-01-01 02:00:00,cmd_b
Dev_1,1.1258116843498807,active,25.052067735766382,2023-01-01 02:01:00,cmd_a
Dev_2,1.9153133036777719,idle,29.671266152591706,2023-01-01 02:02:00,cmd_b
Dev_3,2.4741626274360047,active,24.177609792750996,2023-01-01 02:03:00,cmd_a
Dev_1,3.1294483804984505,active,29.841103190364976,2023-01-01 02:04:00,cmd_c
Dev_4,1.907676833891885,idle,26.67919998803627,2023-01-01 02:05:00,cmd_c
Dev_2,2.366420109052425,idle,26.346712732539416,2023-01-01 02:06:00,cmd_b
Dev_1,3.7626075968554074,idle,21.65954895295785,2023-01-01 02:07:00,cmd_c
Dev_4,0.27974769416392975,active,28.81927758304644,2023-01-01 02:08:00,cmd_a
Dev_4,1.3369410272857019,idle,24.274896879206153,2023-01-01 02:09:00,cmd_c
Dev_4,3.595412970834307,idle,21.622334057824794,2023-01-01 02:10:00,cmd_b
Dev_1,4.486513504667276,active,20.12607519975759,2023-01-01 02:11:00,cmd_b
Dev_1,2.6072194663667645,idle,25.597556836383824,2023-01-01 02:12:00,cmd_b
Dev_1,2.707356077800047,active,25.273996221226763,2023-01-01 02:13:00,cmd_a
Dev_3,0.6251428555649027,idle,27.193536223691588,2023-01-01 02:14:00,cmd_a
Dev_1,2.292320597434928,active,28.90258053017802,2023-01-01 02:15:00,cmd_a
Dev_1,2.709824605629614,idle,20.794065846430296,2023-01-01 02:16:00,cmd_a
Dev_1,1.2881054678101755,idle,27.314964903403624,2023-01-01 02:17:00,cmd_a
Dev_3,1.419291831651967,active,21.87411944097582,2023-01-01 02:18:00,cmd_c
Dev_1,1.9486923992126512,active,28.58177053157164,2023-01-01 02:19:00,cmd_a
Dev_4,0.19834886911085922,idle,28.19063513861656,2023-01-01 02:20:00,cmd_a
Dev_1,1.6781879113575737,active,25.407937549855443,2023-01-01 02:21:00,cmd_c
Dev_4,1.136095234283069,active,27.102427986233117,2023-01-01 02:22:00,cmd_a
Dev_4,1.704737025671782,active,23.143501131837482,2023-01-01 02:23:00,cmd_b
Dev_4,0.686834445914331,active,24.711678989328146,2023-01-01 02:24:00,cmd_a
Dev_3,4.463583675625485,idle,28.216368977104715,2023-01-01 02:25:00,cmd_a
Dev_3,3.008603022414839,idle,24.59265197173214,2023-01-01 02:26:00,cmd_b
Dev_3,3.4276013638079994,active,23.577982653254416,2023-01-01 02:27:00,cmd_b
Dev_1,3.966939069175958,active,24.942124472503,2023-01-01 02:28:00,cmd_b
Dev_4,2.542366774752381,active,28.282492524372184,2023-01-01 02:29:00,cmd_b
Dev_3,0.5259094116283761,active,23.352080473708728,2023-01-01 02:30:00,cmd_a
Dev_3,2.7318220549108845,idle,21.73761593135744,2023-01-01 02:31:00,cmd_b
Dev_1,2.975521478302308,idle,27.120140203307805,2023-01-01 02:32:00,cmd_b
Dev_3,3.7526534235032174,active,28.25978212708082,2023-01-01 02:33:00,cmd_c
Dev_1,2.2151317765254293,active,21.006374785235334,2023-01-01 02:34:00,cmd_b
Dev_2,0.7251434836982624,active,22.398741127559447,2023-01-01 02:35:00,cmd_b
Dev_3,1.4905019384137501,idle,21.419719897609937,2023-01-01 02:36:00,cmd_c
Dev_2,1.8791032523533122,active,23.479414115821665,2023-01-01 02:37:00,cmd_c
Dev_1,3.2649944825248465,idle,24.503509789054128,2023-01-01 02:38:00,cmd_a
Dev_4,2.8968136928776684,active,27.488263369633064,2023-01-01 02:39:00,cmd_c
Dev_3,1.8448739568994468,idle,26.51147584881674,2023-01-01 02:40:00,cmd_a
Dev_1,4.9339247190856,active,26.20928567478431,2023-01-01 02:41:00,cmd_c
Dev_4,3.068296614848747,idle,23.523749466096543,2023-01-01 02:42:00,cmd_c
Dev_4,1.262411279506373,active,28.4144755308476,2023-01-01 02:43:00,cmd_a
Dev_2,0.5987341158399784,active,24.712871673981645,2023-01-01 02:44:00,cmd_c
Dev_1,0.849009782003227,active,29.791049380151545,2023-01-01 02:45:00,cmd_a
Dev_4,1.30519286908409,idle,26.341421382957368,2023-01-01 02:46:00,cmd_c
Dev_3,0.8873387289718229,active,21.262647415645027,2023-01-01 02:47:00,cmd_b
Dev_3,1.0141784178513984,idle,26.761775620754342,2023-01-01 02:48:00,cmd_c
Dev_2,1.496966326599851,idle,23.25104015431699,2023-01-01 02:49:00,cmd_a
Dev_4,0.9495306169442986,active,26.863271966860975,2023-01-01 02:50:00,cmd_c
Dev_1,4.4941505806694835,active,20.696411481624057,2023-01-01 02:51:00,cmd_a
Dev_3,0.4931453537420468,active,21.748814371759593,2023-01-01 02:52:00,cmd_a
Dev_4,2.670105808894248,idle,28.557372589057863,2023-01-01 02:53:00,cmd_b
Dev_4,2.1109444522493415,active,22.27179557023515,2023-01-01 02:54:00,cmd_b
Dev_2,4.913655222852172,idle,28.3704112524294,2023-01-01 02:55:00,cmd_a
Dev_3,0.6489906206234565,idle,22.792760884544105,2023-01-01 02:56:00,cmd_c
Dev_3,2.049492435324134,active,26.428819100587077,2023-01-01 02:57:00,cmd_a
Dev_1,4.850405123049307,active,26.94150573509831,2023-01-01 02:58:00,cmd_a
Dev_3,4.340984916880504,active,25.12654753145053,2023-01-01 02:59:00,cmd_c
Dev_1,4.103653147651472,active,23.053106766967314,2023-01-01 03:00:00,cmd_c
Dev_3,1.3637238525202053,active,22.12644376371096,2023-01-01 03:01:00,cmd_c
Dev_2,0.9373491782113226,active,20.33189354562426,2023-01-01 03:02:00,cmd_c
Dev_3,3.3763517776297123,idle,23.039464012407237,2023-01-01 03:03:00,cmd_a
Dev_1,4.65394234672517,idle,26.53162790531283,2023-01-01 03:04:00,cmd_a
Dev_1,2.8281381757682564,idle,29.383048184484828,2023-01-01 03:05:00,cmd_b
Dev_2,2.9009021784025095,active,28.71204482263052,2023-01-01 03:06:00,cmd_a
Dev_3,1.4718975589353926,idle,27.660647765353026,2023-01-01 03:07:00,cmd_c
Dev_3,3.870515372640491,idle,27.884473432532985,2023-01-01 03:08:00,cmd_b
Dev_2,1.0165143679318647,idle,26.649849034759953,2023-01-01 03:09:00,cmd_c
Dev_3,1.6860282583807942,idle,22.60286857566003,2023-01-01 03:10:00,cmd_a
Dev_3,2.1846385492204425,idle,29.071950307058298,2023-01-01 03:11:00,cmd_b
Dev_1,2.58729085555383,active,26.70732311905834,2023-01-01 03:12:00,cmd_c
Dev_3,1.2878076888338934,active,25.6044063098044,2023-01-01 03:13:00,cmd_b
Dev_3,0.6627004412220974,idle,21.109894692134812,2023-01-01 03:14:00,cmd_b
Dev_2,3.092038207964,idle,24.470555438064252,2023-01-01 03:15:00,cmd_a
Dev_2,1.5142897108772535,idle,24.60358271201926,2023-01-01 03:16:00,cmd_c
Dev_4,2.9480672849708003,active,28.6456360952267,2023-01-01 03:17:00,cmd_b
Dev_1,0.8563773048435913,active,25.466482201877884,2023-01-01 03:18:00,cmd_b
Dev_3,2.457586499088606,idle,23.804005489704096,2023-01-01 03:19:00,cmd_c
Dev_3,2.709688219502771,active,29.768003285106595,2023-01-01 03:20:00,cmd_b
Dev_4,0.3539353304298919,active,21.107205933263156,2023-01-01 03:21:00,cmd_b
Dev_3,1.749360963150211,idle,24.225484283119446,2023-01-01 03:22:00,cmd_b
Dev_1,0.7586319170009738,active,20.420246751714053,2023-01-01 03:23:00,cmd_c
Dev_4,0.410537355316562,active,27.399041207669303,2023-01-01 03:24:00,cmd_c
Dev_1,4.950805138710732,idle,29.180765521991507,2023-01-01 03:25:00,cmd_c
Dev_4,1.6795338403761428,active,22.800373295504894,2023-01-01 03:26:00,cmd_c
Dev_4,4.068384784687711,active,28.58341676799121,2023-01-01 03:27:00,cmd_a
Dev_2,1.347739208342443,idle,22.92218230461898,2023-01-01 03:28:00,cmd_b
Dev_1,3.4393633388972535,active,29.10770161643915,2023-01-01 03:29:00,cmd_c
Dev_3,3.8251165134594647,active,27.53961903596784,2023-01-01 03:30:00,cmd_b
Dev_3,3.0186298289784372,idle,28.049067768414385,2023-01-01 03:31:00,cmd_b
Dev_1,2.4107233238957764,idle,20.180065556004546,2023-01-01 03:32:00,cmd_a
Dev_3,2.118020479321616,idle,29.628103570740258,2023-01-01 03:33:00,cmd_c
Dev_3,1.8094545060606773,active,27.26670992070323,2023-01-01 03:34:00,cmd_c
Dev_1,4.654692806814347,idle,23.047510953861334,2023-01-01 03:35:00,cmd_b
Dev_4,4.170035098159873,active,28.29394664858847,2023-01-01 03:36:00,cmd_c
Dev_1,4.828631862265912,idle,22.8152119841493,2023-01-01 03:37:00,cmd_b
Dev_4,0.7090563950791692,active,28.727538395661277,2023-01-01 03:38:00,cmd_b
Dev_3,3.6812506284978572,idle,21.12580390411937,2023-01-01 03:39:00,cmd_a
Dev_3,4.697868238423085,idle,27.036859774607958,2023-01-01 03:40:00,cmd_a
Dev_3,0.9880420242117348,idle,25.406984766449103,2023-01-01 03:41:00,cmd_a
Dev_2,0.42583171009720977,idle,20.965344701954407,2023-01-01 03:42:00,cmd_b
Dev_4,3.7314911815212897,active,22.41893828258839,2023-01-01 03:43:00,cmd_c
Dev_2,2.9149182545815684,idle,20.124040362773147,2023-01-01 03:44:00,cmd_a
Dev_2,4.224961006115533,idle,24.68767965464506,2023-01-01 03:45:00,cmd_c
Dev_1,0.7848846454688185,active,23.012652607600003,2023-01-01 03:46:00,cmd_a
Dev_2,3.9968098281134625,idle,25.98357484297759,2023-01-01 03:47:00,cmd_a
Dev_1,1.0879738682339484,active,22.972378077086173,2023-01-01 03:48:00,cmd_b
Dev_1,0.9019141200419521,idle,22.99919111506985,2023-01-01 03:49:00,cmd_a
Dev_2,0.9049024098618654,idle,27.431931987316034,2023-01-01 03:50:00,cmd_a
Dev_4,4.091416129133773,idle,20.481428359783536,2023-01-01 03:51:00,cmd_b
Dev_4,3.359466381411381,active,29.02894995191987,2023-01-01 03:52:00,cmd_c
Dev_4,2.663020581368685,idle,28.522638743911813,2023-01-01 03:53:00,cmd_a
Dev_4,1.8582693722051624,idle,26.678046832264066,2023-01-01 03:54:00,cmd_b
Dev_4,4.398282649984231,idle,25.932215701073844,2023-01-01 03:55:00,cmd_a
Dev_2,2.0229810263709136,active,28.923024981396523,2023-01-01 03:56:00,cmd_b
Dev_2,4.101337253410728,active,21.853301795287145,2023-01-01 03:57:00,cmd_c
Dev_3,2.2517610519940705,idle,20.789691621908286,2023-01-01 03:58:00,cmd_c
Dev_4,1.9470277041820474,active,22.39510169909538,2023-01-01 03:59:00,cmd_b
Dev_2,2.367130949781072,idle,27.945782787001903,2023-01-01 04:00:00,cmd_b
Dev_3,1.5767515834042964,idle,20.346702667264832,2023-01-01 04:01:00,cmd_b
Dev_4,3.763285962863631,idle,25.828068350834897,2023-01-01 04:02:00,cmd_c
Dev_1,2.563329911453148,idle,29.9543751619131,2023-01-01 04:03:00,cmd_a
Dev_3,1.237842206219405,idle,28.556960938375394,2023-01-01 04:04:00,cmd_c
Dev_2,4.507915409045386,idle,25.214456890435894,2023-01-01 04:05:00,cmd_b
Dev_1,1.981066984728736,idle,20.636409092866423,2023-01-01 04:06:00,cmd_b
Dev_1,2.7634090194585443,active,28.313735143857098,2023-01-01 04:07:00,cmd_c
Dev_1,4.54171334372628,active,25.989785081772105,2023-01-01 04:08:00,cmd_b
Dev_3,3.1587661799785614,active,21.14932997059567,2023-01-01 04:09:00,cmd_c
Dev_2,0.6728003994709839,active,20.938572848233562,2023-01-01 04:10:00,cmd_b
Dev_1,4.705177405706028,active,29.096268194365926,2023-01-01 04:11:00,cmd_a
Dev_4,3.1757694600499478,active,26.692002629380784,2023-01-01 04:12:00,cmd_a
Dev_1,1.7410375118197223,active,28.292867993167555,2023-01-01 04:13:00,cmd_b
Dev_1,0.7824331560505976,idle,28.789789002822673,2023-01-01 04:14:00,cmd_c
Dev_3,3.9907234274244505,idle,25.717723520483222,2023-01-01 04:15:00,cmd_a
Dev_3,3.1383565040497166,idle,25.174463517550414,2023-01-01 04:16:00,cmd_c
Dev_2,2.7139593506839756,idle,24.304274103209902,2023-01-01 04:17:00,cmd_b
Dev_4,4.480073656949693,active,23.169465877911193,2023-01-01 04:18:00,cmd_c
Dev_3,3.964126335000201,active,24.345959608587115,2023-01-01 04:19:00,cmd_a
Dev_1,0.8432069106904808,idle,27.738796557301562,2023-01-01 04:20:00,cmd_c
Dev_2,1.6274381321981866,idle,26.019234310151315,2023-01-01 04:21:00,cmd_c
Dev_1,1.3175967850908823,active,28.92523289954846,2023-01-01 04:22:00,cmd_b
Dev_1,3.7453368336061175,idle,24.433800143791878,2023-01-01 04:23:00,cmd_b
Dev_3,0.264308930205319,idle,26.07089578718754,2023-01-01 04:24:00,cmd_b
Dev_2,2.892459455869451,idle,26.31307553091989,2023-01-01 04:25:00,cmd_a
Dev_4,3.836047560129384,idle,25.916971623063255,2023-01-01 04:26:00,cmd_a
Dev_4,4.3961516201325725,active,27.02633773085516,2023-01-01 04:27:00,cmd_b
Dev_3,1.7762005687079467,idle,22.374334683748064,2023-01-01 04:28:00,cmd_b
Dev_3,4.124160792892863,idle,25.123637775457908,2023-01-01 04:29:00,cmd_a
Dev_2,0.6420955110805154,active,21.042248028083478,2023-01-01 04:30:00,cmd_a
Dev_4,4.2476162294991395,active,23.845113276448124,2023-01-01 04:31:00,cmd_a
Dev_4,0.7246944454267139,idle,24.876670686212645,2023-01-01 04:32:00,cmd_a
Dev_4,2.0467077237458,active,26.522242595454724,2023-01-01 04:33:00,cmd_b
Dev_1,4.006747292319813,idle,29.505310525862036,2023-01-01 04:34:00,cmd_a
Dev_4,0.8345953940089915,idle,26.00651066548356,2023-01-01 04:35:00,cmd_b
Dev_1,1.2233318366399435,active,27.435939161765596,2023-01-01 04:36:00,cmd_c
Dev_2,3.639037585126025,idle,25.06266059495203,2023-01-01 04:37:00,cmd_c
Dev_1,3.6281790290757647,idle,26.341040313763315,2023-01-01 04:38:00,cmd_a
Dev_2,3.241623401137957,idle,20.709322161337735,2023-01-01 04:39:00,cmd_c
Dev_4,3.5003473778887906,idle,22.54391580841847,2023-01-01 04:40:00,cmd_c
Dev_4,2.7593497724032217,active,23.618530932051385,2023-01-01 04:41:00,cmd_c
Dev_2,1.3338153886440687,active,24.724933550065135,2023-01-01 04:42:00,cmd_a
Dev_3,1.7939103681692055,idle,20.456487455023836,2023-01-01 04:43:00,cmd_a
Dev_2,0.9898288123269858,active,21.400240975533176,2023-01-01 04:44:00,cmd_c
Dev_3,4.5514077505347785,idle,22.76814307791306,2023-01-01 04:45:00,cmd_b
Dev_1,2.9586197943539907,idle,29.715326909010507,2023-01-01 04:46:00,cmd_c
Dev_1,2.0641719421418356,idle,23.31347007103051,2023-01-01 04:47:00,cmd_a
Dev_1,2.36382843785625,idle,24.820410581120825,2023-01-01 04:48:00,cmd_a
Dev_4,4.741688364097895,idle,21.96097712738393,2023-01-01 04:49:00,cmd_a
Dev_1,0.851421875268793,active,26.107800710757683,2023-01-01 04:50:00,cmd_c
Dev_3,2.972526176882307,idle,22.806832155159743,2023-01-01 04:51:00,cmd_b
Dev_1,2.5788545265338834,active,22.069925784384267,2023-01-01 04:52:00,cmd_a
Dev_2,3.096125753629775,active,25.16572628445979,2023-01-01 04:53:00,cmd_a
Dev_2,0.1887399007221185,idle,20.055057991604208,2023-01-01 04:54:00,cmd_c
Dev_4,4.373407153826342,idle,20.076640326492253,2023-01-01 04:55:00,cmd_b
Dev_2,4.667379584169701,idle,22.19068809101858,2023-01-01 04:56:00,cmd_c
Dev_3,2.869152599587124,idle,20.367213625008212,2023-01-01 04:57:00,cmd_a
Dev_1,3.5135890369967724,idle,21.080257541306914,2023-01-01 04:58:00,cmd_b
Dev_4,4.6202469677687485,active,23.388606493387517,2023-01-01 04:59:00,cmd_b
Dev_1,3.5654693081356537,idle,28.025856795798127,2023-01-01 05:00:00,cmd_a
Dev_1,0.8474413102798807,idle,25.720486433693008,2023-01-01 05:01:00,cmd_b
Dev_3,2.923812964817385,active,25.126677259564165,2023-01-01 05:02:00,cmd_b
Dev_2,3.0729037272759943,active,22.934888232081217,2023-01-01 05:03:00,cmd_c
Dev_2,2.1782402893816917,idle,29.317537194328164,2023-01-01 05:04:00,cmd_a
Dev_1,3.7085767545611423,active,23.970150412371915,2023-01-01 05:05:00,cmd_a
Dev_4,4.678398372368172,idle,20.870927667957716,2023-01-01 05:06:00,cmd_a
Dev_2,4.635285713243204,active,26.170665161178015,2023-01-01 05:07:00,cmd_a
Dev_4,2.3091129198802474,active,21.138383934766015,2023-01-01 05:08:00,cmd_a
Dev_2,0.6548664246197008,idle,23.452231428016923,2023-01-01 05:09:00,cmd_b
Dev_4,4.925721874915439,active,25.074119387178087,2023-01-01 05:10:00,cmd_c
Dev_3,4.210600623585077,active,28.74222524685176,2023-01-01 05:11:00,cmd_a
Dev_4,0.7108471378960075,active,24.935465803401186,2023-01-01 05:12:00,cmd_c
Dev_3,4.6121252248251245,active,27.022587660316642,2023-01-01 05:13:00,cmd_c
Dev_3,4.362492174104428,active,29.928168389990702,2023-01-01 05:14:00,cmd_b
Dev_4,2.6423064799177536,active,21.314891198979815,2023-01-01 05:15:00,cmd_a
Dev_3,2.9972496351501534,idle,22.747315255195197,2023-01-01 05:16:00,cmd_b
Dev_1,2.0551132489636386,idle,23.945760755976465,2023-01-01 05:17:00,cmd_a
Dev_3,0.3683320302279536,active,24.218281785388314,2023-01-01 05:18:00,cmd_b
Dev_2,1.7424664840649147,idle,24.11021075265546,2023-01-01 05:19:00,cmd_c
Dev_4,4.033981898130256,idle,29.076110025565548,2023-01-01 05:20:00,cmd_a
Dev_1,0.12269691272255401,idle,27.140326444668563,2023-01-01 05:21:00,cmd_c
Dev_4,1.7341459412866067,active,26.079052140907038,2023-01-01 05:22:00,cmd_c
Dev_2,2.051026598595622,idle,23.09372717862782,2023-01-01 05:23:00,cmd_b
Dev_2,2.7332384543958224,active,28.237903842212948,2023-01-01 05:24:00,cmd_a
Dev_2,4.607292520422527,idle,29.550605114849887,2023-01-01 05:25:00,cmd_c
Dev_3,1.7970953723932104,active,28.211982825502265,2023-01-01 05:26:00,cmd_b
Dev_3,1.800070689291516,active,20.01565105191473,2023-01-01 05:27:00,cmd_a
Dev_4,3.7137561157377674,idle,26.364013701834068,2023-01-01 05:28:00,cmd_a
Dev_4,2.3158679103600552,idle,20.511353814421007,2023-01-01 05:29:00,cmd_c
Dev_1,1.2005636324059117,active,22.57607220333722,2023-01-01 05:30:00,cmd_a
Dev_1,2.316953629050198,idle,20.595247003477716,2023-01-01 05:31:00,cmd_c
Dev_4,0.7901993998610193,idle,26.037954529493877,2023-01-01 05:32:00,cmd_a
Dev_3,0.9642962338804942,idle,26.865899134926067,2023-01-01 05:33:00,cmd_b
Dev_2,2.542002086423451,active,21.144876380659053,2023-01-01 05:34:00,cmd_c
Dev_4,2.152734702572285,active,23.838388830449794,2023-01-01 05:35:00,cmd_c
Dev_1,4.5827449152336905,idle,24.56236508955542,2023-01-01 05:36:00,cmd_a
Dev_3,1.8757301056715026,idle,23.690530217609165,2023-01-01 05:37:00,cmd_a
Dev_4,2.9448829163624133,idle,21.21025000485193,2023-01-01 05:38:00,cmd_c
Dev_4,3.1980950108056994,active,24.189477901874753,2023-01-01 05:39:00,cmd_a
Dev_3,0.16416283728283482,active,27.51178047808418,2023-01-01 05:40:00,cmd_b
Dev_4,3.3513331228818823,idle,20.710076645332556,2023-01-01 05:41:00,cmd_a
Dev_3,0.972376237661782,idle,20.801800140819033,2023-01-01 05:42:00,cmd_b
Dev_2,4.80924455560033,idle,23.547712918359842,2023-01-01 05:43:00,cmd_b
Dev_3,0.8284473659902535,idle,29.41725711618925,2023-01-01 05:44:00,cmd_b
Dev_3,2.1316582062624163,idle,26.68572646722914,2023-01-01 05:45:00,cmd_b
Dev_3,0.5182133735853549,idle,26.78669956672565,2023-01-01 05:46:00,cmd_b
Dev_4,4.984683834045142,active,23.61919990837865,2023-01-01 05:47:00,cmd_a
Dev_4,2.560755550623089,idle,25.936607912085385,2023-01-01 05:48:00,cmd_b
Dev_3,3.017386584868215,active,20.101311840277432,2023-01-01 05:49:00,cmd_a
Dev_4,0.4286747392032947,idle,26.36096046409542,2023-01-01 05:50:00,cmd_b
Dev_1,3.7748063049559715,idle,29.13286947576237,2023-01-01 05:51:00,cmd_c
Dev_1,1.1285374061683704,active,26.125734683448194,2023-01-01 05:52:00,cmd_b
Dev_4,4.500466018259497,active,28.73698593466345,2023-01-01 05:53:00,cmd_c
Dev_4,1.1051842383618353,active,27.239730554660937,2023-01-01 05:54:00,cmd_b
Dev_3,1.0343698312519662,active,21.205584164036903,2023-01-01 05:55:00,cmd_b
Dev_2,0.2790933724556649,idle,29.024533072858418,2023-01-01 05:56:00,cmd_b
Dev_4,2.4131280310389966,active,20.66443844355775,2023-01-01 05:57:00,cmd_c
Dev_1,2.8677215529868207,idle,25.339674725477636,2023-01-01 05:58:00,cmd_c
Dev_3,0.4219723331989266,active,21.421371237934576,2023-01-01 05:59:00,cmd_b
Dev_4,3.9000853218055522,idle,20.11706610730904,2023-01-01 06:00:00,cmd_a
Dev_1,2.3211152902653356,idle,24.22034260127639,2023-01-01 06:01:00,cmd_b
Dev_1,2.6695123197051425,idle,22.950407076541563,2023-01-01 06:02:00,cmd_c
Dev_2,2.2597374599973183,idle,24.86000493797603,2023-01-01 06:03:00,cmd_b
Dev_3,2.0637389982890975,idle,25.77199886734551,2023-01-01 06:04:00,cmd_c
Dev_3,2.8422376234102678,idle,20.437390723089475,2023-01-01 06:05:00,cmd_c
Dev_2,0.8606772050604913,active,21.230032951237455,2023-01-01 06:06:00,cmd_c
Dev_2,0.9914478394268286,idle,25.586423964504252,2023-01-01 06:07:00,cmd_b
Dev_3,4.322749542966235,active,23.43167353172658,2023-01-01 06:08:00,cmd_c
Dev_3,4.7359657644548,active,27.29173487549448,2023-01-01 06:09:00,cmd_c
Dev_4,1.9292156497707897,idle,26.522916485919396,2023-01-01 06:10:00,cmd_b
Dev_4,1.4266488984034136,active,28.456043629899067,2023-01-01 06:11:00,cmd_c
Dev_2,3.2555977618711776,idle,26.924928266692252,2023-01-01 06:12:00,cmd_b
Dev_4,2.1027974383806725,active,24.29931077390148,2023-01-01 06:13:00,cmd_c
Dev_1,0.22439314273568983,idle,26.729666223944324,2023-01-01 06:14:00,cmd_a
Dev_4,0.8651477270943327,active,22.753811742554184,2023-01-01 06:15:00,cmd_a
Dev_4,3.6082639213522483,idle,23.063134987782128,2023-01-01 06:16:00,cmd_c
Dev_1,3.328727315359742,idle,27.889851599207933,2023-01-01 06:17:00,cmd_a
Dev_2,0.23277036326706912,idle,24.46419516401582,2023-01-01 06:18:00,cmd_b
Dev_1,1.1876635934714523,idle,27.983803405183526,2023-01-01 06:19:00,cmd_a
Dev_4,1.23226650328155,active,28.224223736682784,2023-01-01 06:20:00,cmd_c
Dev_2,3.3922744436337697,idle,28.57562337661284,2023-01-01 06:21:00,cmd_c
Dev_4,0.19658163499638437,active,29.166352358412073,2023-01-01 06:22:00,cmd_b
Dev_1,0.6101320517244119,active,24.309852205132962,2023-01-01 06:23:00,cmd_c
Dev_1,4.019588818328628,active,23.188668183211387,2023-01-01 06:24:00,cmd_b
Dev_4,0.9748688440662348,idle,25.821987465941138,2023-01-01 06:25:00,cmd_a
Dev_3,3.2984559284741866,active,23.711724234376277,2023-01-01 06:26:00,cmd_a
Dev_3,1.2670956271289602,active,26.01074166800233,2023-01-01 06:27:00,cmd_b
Dev_1,0.5872628245207914,active,27.055858626438244,2023-01-01 06:28:00,cmd_b
Dev_1,1.2915437358973252,idle,26.88405018492137,2023-01-01 06:29:00,cmd_c
Dev_3,3.6391079660927304,idle,23.745528870201213,2023-01-01 06:30:00,cmd_a
Dev_3,4.2929126937208,active,21.668602016987528,2023-01-01 06:31:00,cmd_b
Dev_4,4.168077336378259,idle,24.305293384622075,2023-01-01 06:32:00,cmd_a
Dev_4,2.0461992951304286,idle,21.425941440819088,2023-01-01 06:33:00,cmd_b
Dev_3,3.3736171691961667,active,28.900970351838083,2023-01-01 06:34:00,cmd_a
Dev_4,1.104423047537523,active,23.458774607378572,2023-01-01 06:35:00,cmd_c
Dev_4,1.5364238782789652,idle,21.54459747223324,2023-01-01 06:36:00,cmd_a
Dev_2,4.492045510753487,active,20.25447759905751,2023-01-01 06:37:00,cmd_a
Dev_4,0.1637094252026066,idle,26.45822386286484,2023-01-01 06:38:00,cmd_a
Dev_1,0.5189918011868936,idle,26.369023174547433,2023-01-01 06:39:00,cmd_a
Dev_4,1.118642650215534,idle,23.406041665812918,2023-01-01 06:40:00,cmd_a
Dev_4,0.2300077989817166,idle,20.71711888847651,2023-01-01 06:41:00,cmd_c
Dev_3,0.9890336319400069,idle,24.09628894895232,2023-01-01 06:42:00,cmd_b
Dev_1,2.956903648751492,idle,23.112174950633936,2023-01-01 06:43:00,cmd_a
Dev_4,2.16498029790324,active,26.771206397350092,2023-01-01 06:44:00,cmd_c
Dev_4,4.474091384277177,active,26.057792494526904,2023-01-01 06:45:00,cmd_a
Dev_2,4.1054734525183605,idle,23.6459372819754,2023-01-01 06:46:00,cmd_a
Dev_4,1.7749050233195924,idle,22.1789255425499,2023-01-01 06:47:00,cmd_b
Dev_4,1.3711748238133334,idle,29.880359661555918,2023-01-01 06:48:00,cmd_a
Dev_2,1.960492800019608,active,24.54001621196115,2023-01-01 06:49:00,cmd_c
Dev_3,2.9924452183225583,idle,26.88274235780237,2023-01-01 06:50:00,cmd_c
Dev_4,1.4135118400320938,active,21.405529675783608,2023-01-01 06:51:00,cmd_b
Dev_2,3.158329648460757,idle,24.855896996593977,2023-01-01 06:52:00,cmd_a
Dev_1,2.1061170957370785,idle,20.275367198694656,2023-01-01 06:53:00,cmd_c
Dev_3,2.8050311861747033,active,25.0545511791045,2023-01-01 06:54:00,cmd_a
Dev_1,2.237019992763052,active,29.64017407117702,2023-01-01 06:55:00,cmd_a
Dev_1,1.5428822217553968,idle,23.842067129858002,2023-01-01 06:56:00,cmd_a
Dev_2,4.747421204114568,idle,20.389960125749116,2023-01-01 06:57:00,cmd_b
Dev_4,3.8416683913828282,idle,20.309557909193437,2023-01-01 06:58:00,cmd_a
Dev_2,0.7865545612556175,active,23.879867599468696,2023-01-01 06:59:00,cmd_c
Dev_2,4.355493081899772,active,21.600249364631942,2023-01-01 07:00:00,cmd_a
Dev_2,2.488412871422617,active,20.23352096328186,2023-01-01 07:01:00,cmd_c
Dev_2,4.483305911781048,active,27.562136139501767,2023-01-01 07:02:00,cmd_a
Dev_3,4.019290754141845,active,24.585230088818907,2023-01-01 07:03:00,cmd_c
Dev_4,2.183546171899244,active,22.892447719726544,2023-01-01 07:04:00,cmd_c
Dev_1,0.21009961076857525,idle,29.000831830164806,2023-01-01 07:05:00,cmd_a
Dev_1,1.416519060986236,idle,21.161389602005258,2023-01-01 07:06:00,cmd_a
Dev_4,2.7540076518382484,active,29.55918828955319,2023-01-01 07:07:00,cmd_c
Dev_1,3.2040432771481218,idle,23.139667173773528,2023-01-01 07:08:00,cmd_b
Dev_4,1.3636496586226914,idle,28.884036723086812,2023-01-01 07:09:00,cmd_a
Dev_1,0.7828447629568382,active,26.029428764794616,2023-01-01 07:10:00,cmd_b
Dev_2,4.191158160316566,idle,28.267073597414875,2023-01-01 07:11:00,cmd_a
Dev_1,4.923570685447405,active,29.840131632104644,2023-01-01 07:12:00,cmd_a
Dev_4,2.6758818932831607,active,22.884054378187457,2023-01-01 07:13:00,cmd_a
Dev_4,0.9412285006566872,idle,29.61135485407593,2023-01-01 07:14:00,cmd_a
Dev_4,1.434305899944908,active,23.894818949024202,2023-01-01 07:15:00,cmd_b
Dev_4,0.190114315082587,active,23.85511904736922,2023-01-01 07:16:00,cmd_a
Dev_4,4.580064152146445,active,23.403871042545056,2023-01-01 07:17:00,cmd_c
Dev_3,0.6769803061616916,active,25.41407607347585,2023-01-01 07:18:00,cmd_c
Dev_3,2.9249307300198426,active,21.54145043178487,2023-01-01 07:19:00,cmd_b
Dev_1,1.4428705813673095,active,25.537114853580114,2023-01-01 07:20:00,cmd_a
Dev_4,2.815472212327388,active,25.41704812410004,2023-01-01 07:21:00,cmd_c
Dev_1,3.291959902924135,active,27.6190181260487,2023-01-01 07:22:00,cmd_b
Dev_4,4.165734838165288,idle,28.336499619375857,2023-01-01 07:23:00,cmd_a
Dev_4,1.1114642316269558,idle,24.40441350312424,2023-01-01 07:24:00,cmd_c
Dev_3,0.15387956042655435,idle,23.023332493514935,2023-01-01 07:25:00,cmd_c
Dev_3,0.7707395873371556,active,22.593348973170944,2023-01-01 07:26:00,cmd_b
Dev_2,4.510091345055715,active,21.946238367048718,2023-01-01 07:27:00,cmd_a
Dev_3,4.382061380056324,idle,20.57647582199025,2023-01-01 07:28:00,cmd_a
Dev_2,3.027324200634511,idle,23.424479788347135,2023-01-01 07:29:00,cmd_c
Dev_2,3.042532616124902,idle,22.702476921307834,2023-01-01 07:30:00,cmd_c
Dev_2,3.358679705276652,active,29.66417385866407,2023-01-01 07:31:00,cmd_c
Dev_2,0.9593192652549031,idle,25.57708826250044,2023-01-01 07:32:00,cmd_a
Dev_2,4.580618535032303,idle,23.472770390305076,2023-01-01 07:33:00,cmd_b
Dev_1,2.1519755719711586,active,25.804676009936962,2023-01-01 07:34:00,cmd_b
Dev_3,1.9773787884225378,idle,21.391967013456956,2023-01-01 07:35:00,cmd_a
Dev_2,2.642696755885904,active,24.440437492022028,2023-01-01 07:36:00,cmd_b
Dev_4,0.33013323719776977,active,26.262343214210638,2023-01-01 07:37:00,cmd_c
Dev_3,0.9147885069047892,active,24.888978317924515,2023-01-01 07:38:00,cmd_b
Dev_3,3.7163647204892154,idle,24.017788006543242,2023-01-01 07:39:00,cmd_b
Dev_2,0.5057134728331197,idle,29.938483888996984,2023-01-01 07:40:00,cmd_b
Dev_1,3.0554453363853025,active,28.80314762148927,2023-01-01 07:41:00,cmd_c
Dev_2,1.3022106374384728,idle,26.2340595815944,2023-01-01 07:42:00,cmd_a
Dev_1,2.007548508805685,idle,25.693773611822827,2023-01-01 07:43:00,cmd_c
Dev_4,1.5145993101764295,idle,26.20660479824584,2023-01-01 07:44:00,cmd_a
Dev_3,1.842796310678251,idle,22.013121078224334,2023-01-01 07:45:00,cmd_a
Dev_4,3.6233249354028034,active,23.951377432643184,2023-01-01 07:46:00,cmd_a
Dev_1,1.5558964065535579,idle,20.39459532890899,2023-01-01 07:47:00,cmd_b
Dev_1,2.8753827374547964,active,24.755460374868267,2023-01-01 07:48:00,cmd_b
Dev_4,2.4326469707755884,active,25.43024583957663,2023-01-01 07:49:00,cmd_a
Dev_1,3.3519887102769763,idle,22.277497361032097,2023-01-01 07:50:00,cmd_a
Dev_4,4.6904657226913145,active,29.64028847165514,2023-01-01 07:51:00,cmd_b
Dev_3,3.6896032763302267,idle,29.09454610937242,2023-01-01 07:52:00,cmd_c
Dev_4,1.1532078550947082,idle,27.22143235455906,2023-01-01 07:53:00,cmd_a
Dev_3,0.2527973618002949,active,25.333866287653628,2023-01-01 07:54:00,cmd_c
Dev_4,1.3850938170691431,active,28.69969159647685,2023-01-01 07:55:00,cmd_b
Dev_1,3.015881860431249,active,21.306523438234628,2023-01-01 07:56:00,cmd_a
Dev_4,0.3519864860728268,active,27.90509794274885,2023-01-01 07:57:00,cmd_c
Dev_1,2.5321946112860583,idle,21.248208139668485,2023-01-01 07:58:00,cmd_c
Dev_4,3.0245299596927575,idle,27.942106625494056,2023-01-01 07:59:00,cmd_c
Dev_4,1.7377950650031082,idle,22.757675682513568,2023-01-01 08:00:00,cmd_b
Dev_2,3.877469798354528,active,28.770905810181887,2023-01-01 08:01:00,cmd_b
Dev_1,0.6223314403554818,active,29.44042093825398,2023-01-01 08:02:00,cmd_c
Dev_2,0.468175130505463,active,21.487959694051156,2023-01-01 08:03:00,cmd_c
Dev_1,3.6681249053976566,idle,24.626756050653935,2023-01-01 08:04:00,cmd_b
Dev_2,2.527907449410373,active,29.80987378162685,2023-01-01 08:05:00,cmd_c
Dev_3,3.4731717424959068,idle,24.834074359731467,2023-01-01 08:06:00,cmd_c
Dev_4,2.230653959158357,active,28.635475225145452,2023-01-01 08:07:00,cmd_b
Dev_1,1.3073699628716235,idle,25.887315221313198,2023-01-01 08:08:00,cmd_c
Dev_1,4.113601356603579,idle,23.75329907919602,2023-01-01 08:09:00,cmd_c
Dev_4,4.017137806947998,active,22.857835555258703,2023-01-01 08:10:00,cmd_c
Dev_1,3.5040127071866913,active,22.03223091086087,2023-01-01 08:11:00,cmd_b
Dev_1,1.4335111724268175,idle,27.617981913776973,2023-01-01 08:12:00,cmd_c
Dev_2,2.992130267658527,idle,23.865405068230277,2023-01-01 08:13:00,cmd_b
Dev_1,1.8687720950061315,active,25.11275462200751,2023-01-01 08:14:00,cmd_b
Dev_3,0.5487521593005074,active,24.92325480001182,2023-01-01 08:15:00,cmd_a
Dev_3,4.59483651976499,idle,25.77279029233131,2023-01-01 08:16:00,cmd_a
Dev_4,0.7704112915029109,active,28.655771456245525,2023-01-01 08:17:00,cmd_c
Dev_1,4.756163033721932,idle,29.807393435834292,2023-01-01 08:18:00,cmd_b
Dev_4,2.2854282874939833,idle,24.07584208573817,2023-01-01 08:19:00,cmd_a
Dev_3,1.0071513513092363,active,28.27518922106303,2023-01-01 08:20:00,cmd_c
Dev_1,2.755314642153955,active,27.645277946547175,2023-01-01 08:21:00,cmd_a
Dev_1,4.3774345957944005,active,25.73528951455573,2023-01-01 08:22:00,cmd_a
Dev_4,3.68790194340685,active,29.56047143611933,2023-01-01 08:23:00,cmd_b
Dev_3,4.052149624521104,active,22.004745155284027,2023-01-01 08:24:00,cmd_b
Dev_1,3.3280384968825154,idle,21.092642103096214,2023-01-01 08:25:00,cmd_a
Dev_4,3.4921551661374775,idle,28.53961966955422,2023-01-01 08:26:00,cmd_a
Dev_3,4.261058692670065,active,24.391498166337485,2023-01-01 08:27:00,cmd_b
Dev_4,1.3233732434100114,active,28.469688542070607,2023-01-01 08:28:00,cmd_c
Dev_2,2.4981823218513886,active,28.93090205195415,2023-01-01 08:29:00,cmd_b
Dev_1,1.1839262649160511,idle,20.624575936190716,2023-01-01 08:30:00,cmd_a
Dev_2,4.93957323918357,active,28.834647629860605,2023-01-01 08:31:00,cmd_c
Dev_3,4.725890764464405,active,24.48319055369422,2023-01-01 08:32:00,cmd_a
Dev_2,0.29319137570567894,idle,25.10432489004232,2023-01-01 08:33:00,cmd_c
Dev_2,3.5573183453268737,idle,26.265925110932102,2023-01-01 08:34:00,cmd_a
Dev_3,4.633716755336763,active,29.26382606730087,2023-01-01 08:35:00,cmd_c
Dev_4,0.9848191911239343,active,20.19116094429764,2023-01-01 08:36:00,cmd_c
Dev_2,2.8829316297078846,active,24.76843468317817,2023-01-01 08:37:00,cmd_a
Dev_4,4.585892658181405,idle,26.877220424305605,2023-01-01 08:38:00,cmd_c
Dev_2,0.2663352950704143,active,27.227069576982284,2023-01-01 08:39:00,cmd_b
Dev_4,3.517359309509516,active,26.92532431537108,2023-01-01 08:40:00,cmd_a
Dev_3,1.5570101361254989,active,21.344351294081218,2023-01-01 08:41:00,cmd_b
Dev_2,4.629541357344999,idle,22.99395588371681,2023-01-01 08:42:00,cmd_a
Dev_3,4.858185401310302,idle,23.587155254170135,2023-01-01 08:43:00,cmd_c
Dev_2,4.726905796655826,active,28.04437207679505,2023-01-01 08:44:00,cmd_c
Dev_3,2.423649661621573,active,22.787598724145532,2023-01-01 08:45:00,cmd_c
Dev_3,4.324008989847636,idle,22.10704963867203,2023-01-01 08:46:00,cmd_a
Dev_2,4.238292052821845,idle,29.57448019038096,2023-01-01 08:47:00,cmd_b
Dev_2,1.6635923188919528,idle,20.08863285113469,2023-01-01 08:48:00,cmd_b
Dev_2,4.161685823338319,idle,29.97820855681978,2023-01-01 08:49:00,cmd_a
Dev_1,0.28133741010591384,idle,26.768212988573957,2023-01-01 08:50:00,cmd_a
Dev_4,3.0217224045620603,idle,28.28469299449117,2023-01-01 08:51:00,cmd_b
Dev_1,1.2270433027097452,idle,22.94619396346193,2023-01-01 08:52:00,cmd_b
Dev_1,0.6907777403086662,idle,20.1431527766706,2023-01-01 08:53:00,cmd_b
Dev_3,0.4770706879831249,idle,27.3786951856153,2023-01-01 08:54:00,cmd_b
Dev_2,3.5118150018028853,active,28.34144597000676,2023-01-01 08:55:00,cmd_a
Dev_4,1.7653873224635244,active,27.40476131953519,2023-01-01 08:56:00,cmd_a
Dev_3,3.6513571804909315,active,21.428502873008387,2023-01-01 08:57:00,cmd_c
Dev_1,0.4202460699148176,idle,27.53427922256969,2023-01-01 08:58:00,cmd_b
Dev_2,1.644922655369991,active,27.689227821076408,2023-01-01 08:59:00,cmd_c
Dev_3,2.743507332639153,idle,26.58540515670055,2023-01-01 09:00:00,cmd_a
Dev_2,3.974543507710922,idle,27.66115932795586,2023-01-01 09:01:00,cmd_a
Dev_3,1.6618872643671427,active,28.45921439677732,2023-01-01 09:02:00,cmd_c
Dev_2,3.166867744541345,idle,26.136041142374584,2023-01-01 09:03:00,cmd_b
Dev_1,4.441290966357317,active,20.886047139696792,2023-01-01 09:04:00,cmd_b
Dev_4,3.1177296220932926,active,24.87627809667211,2023-01-01 09:05:00,cmd_b
Dev_1,1.2415014262928057,active,20.77649334671605,2023-01-01 09:06:00,cmd_b
Dev_4,0.2195638296270363,idle,24.075430310324307,2023-01-01 09:07:00,cmd_c
Dev_2,4.363484482114556,active,24.071064891256277,2023-01-01 09:08:00,cmd_c
Dev_3,0.20422011316689698,idle,20.660098441402415,2023-01-01 09:09:00,cmd_a
Dev_1,4.386038196152577,active,23.488205339694794,2023-01-01 09:10:00,cmd_b
Dev_4,2.691791956733339,active,21.109980987913147,2023-01-01 09:11:00,cmd_b
Dev_1,4.701431722713191,active,28.082352100092223,2023-01-01 09:12:00,cmd_b
Dev_4,4.014037855290961,idle,29.47688025964471,2023-01-01 09:13:00,cmd_c
Dev_1,4.989877141613354,idle,20.723164752579386,2023-01-01 09:14:00,cmd_b
Dev_4,1.8184878957133799,idle,29.551152072917013,2023-01-01 09:15:00,cmd_c
Dev_4,3.8592226157625222,active,25.225765993367453,2023-01-01 09:16:00,cmd_b
Dev_2,2.069461476685287,active,22.995656779538738,2023-01-01 09:17:00,cmd_b
Dev_4,2.4513905394891538,idle,20.768620752761635,2023-01-01 09:18:00,cmd_a
Dev_2,3.1747767697700136,idle,25.006242680704176,2023-01-01 09:19:00,cmd_b
Dev_4,4.38101785951306,idle,27.945155444907485,2023-01-01 09:20:00,cmd_b
Dev_3,4.922008999076546,idle,27.07086477266698,2023-01-01 09:21:00,cmd_a
Dev_3,3.8645397279361395,idle,20.50226011463974,2023-01-01 09:22:00,cmd_c
Dev_3,2.1470572326199355,idle,20.729018353679034,2023-01-01 09:23:00,cmd_c
Dev_4,2.164649311157644,active,24.02873282632637,2023-01-01 09:24:00,cmd_b
Dev_2,3.714153277785569,idle,22.95290494047943,2023-01-01 09:25:00,cmd_c
Dev_2,1.2700080142646817,active,22.323843230560477,2023-01-01 09:26:00,cmd_b
Dev_4,0.6413231543438338,active,22.810044989087135,2023-01-01 09:27:00,cmd_a
Dev_3,1.8376485724398053,idle,28.034827432968846,2023-01-01 09:28:00,cmd_a
Dev_3,1.5074710591050007,idle,29.29228053631854,2023-01-01 09:29:00,cmd_b
Dev_2,1.5519097902343517,active,24.051026945275666,2023-01-01 09:30:00,cmd_a
Dev_3,1.2446779801445589,idle,29.06111002132497,2023-01-01 09:31:00,cmd_a
Dev_1,0.30625662921817326,idle,23.21495701247882,2023-01-01 09:32:00,cmd_b
Dev_2,0.1875822801937277,active,24.764369863437917,2023-01-01 09:33:00,cmd_b
Dev_3,4.939839709706555,active,22.260289978159996,2023-01-01 09:34:00,cmd_a
Dev_2,2.1960883553057258,active,26.40476042175844,2023-01-01 09:35:00,cmd_c
Dev_1,1.9832005710824405,idle,29.78981115174809,2023-01-01 09:36:00,cmd_c
Dev_2,3.4302716851960424,active,26.034930960433787,2023-01-01 09:37:00,cmd_b
Dev_2,1.1694440505388146,idle,23.57814084113549,2023-01-01 09:38:00,cmd_b
Dev_2,4.754809801356104,active,26.478174459905283,2023-01-01 09:39:00,cmd_c
Dev_2,3.9530905706362054,active,21.229206784653876,2023-01-01 09:40:00,cmd_a
Dev_1,0.5381139113300717,active,28.886590802653984,2023-01-01 09:41:00,cmd_c
Dev_4,2.146145801346149,idle,25.030839507798362,2023-01-01 09:42:00,cmd_c
Dev_2,4.407679707054607,idle,24.49349742039642,2023-01-01 09:43:00,cmd_c
Dev_2,4.72918690922791,active,25.85864788453519,2023-01-01 09:44:00,cmd_c
Dev_3,2.3902674051243618,active,26.247838627894026,2023-01-01 09:45:00,cmd_b
Dev_2,3.105715807132468,active,20.71775806226513,2023-01-01 09:46:00,cmd_b
Dev_3,0.9184663358511687,idle,26.826172212234024,2023-01-01 09:47:00,cmd_a
Dev_4,4.956726268071185,active,22.419316803155297,2023-01-01 09:48:00,cmd_a
Dev_1,1.2351913367788727,idle,27.139526325065898,2023-01-01 09:49:00,cmd_a
Dev_1,4.719385693262116,active,28.225347943841967,2023-01-01 09:50:00,cmd_a
Dev_4,3.2832685800626056,active,28.039585075525203,2023-01-01 09:51:00,cmd_c
Dev_1,3.07791029490641,active,25.52500967407889,2023-01-01 09:52:00,cmd_b
Dev_4,2.6121737039808925,active,25.20169892310751,2023-01-01 09:53:00,cmd_b
Dev_4,1.2302820774170178,active,21.428759613394117,2023-01-01 09:54:00,cmd_a
Dev_4,0.9649873568269905,active,27.753461504031357,2023-01-01 09:55:00,cmd_a
Dev_1,1.1803824244438594,idle,22.714093804467144,2023-01-01 09:56:00,cmd_c
Dev_3,1.0135474845068473,active,24.966954228179468,2023-01-01 09:57:00,cmd_c
Dev_4,3.9199639204770915,idle,22.842740929275166,2023-01-01 09:58:00,cmd_a
Dev_2,1.8156137699169776,active,21.33828362999693,2023-01-01 09:59:00,cmd_b
Dev_1,0.38342911516064226,active,26.295576968917366,2023-01-01 10:00:00,cmd_b
Dev_4,4.848602887689975,idle,20.543320348229038,2023-01-01 10:01:00,cmd_b
Dev_4,4.430550836320786,active,27.486452341262,2023-01-01 10:02:00,cmd_a
Dev_2,4.645986187656543,idle,23.175867952611167,2023-01-01 10:03:00,cmd_b
Dev_3,4.975048330967533,idle,20.001346930044853,2023-01-01 10:04:00,cmd_c
Dev_3,0.9520867211754878,active,25.111291392372298,2023-01-01 10:05:00,cmd_c
Dev_3,2.041585892623028,idle,20.468519085276032,2023-01-01 10:06:00,cmd_a
Dev_4,3.815368530950048,idle,22.761695578208993,2023-01-01 10:07:00,cmd_c
Dev_4,3.5105010284635823,active,27.069764874557162,2023-01-01 10:08:00,cmd_a
Dev_4,0.8540899410652898,idle,20.626896216218658,2023-01-01 10:09:00,cmd_b
Dev_1,4.097582312454027,active,28.393384923560024,2023-01-01 10:10:00,cmd_b
Dev_2,1.1997588019996375,active,20.03819922658583,2023-01-01 10:11:00,cmd_b
Dev_4,1.1967063126308533,active,22.46823869201902,2023-01-01 10:12:00,cmd_c
Dev_2,2.7311746721777266,active,27.409040561520715,2023-01-01 10:13:00,cmd_a
Dev_2,3.005405680724346,idle,23.162701497293067,2023-01-01 10:14:00,cmd_b
Dev_3,2.942422418405275,active,21.018923880660136,2023-01-01 10:15:00,cmd_a
Dev_1,0.5482855032489989,active,23.60233918800428,2023-01-01 10:16:00,cmd_b
Dev_4,4.399558226888864,idle,22.703932863845257,2023-01-01 10:17:00,cmd_c
Dev_3,1.4014402086846598,active,28.42711902160555,2023-01-01 10:18:00,cmd_c
Dev_3,0.7346231142857405,active,23.13347917585143,2023-01-01 10:19:00,cmd_a
Dev_4,4.454865591357988,idle,27.889324717760072,2023-01-01 10:20:00,cmd_c
Dev_2,4.782692341325792,idle,28.91872144810735,2023-01-01 10:21:00,cmd_c
Dev_3,4.324425324600708,idle,24.338174195765294,2023-01-01 10:22:00,cmd_a
Dev_2,4.0666287661519025,idle,29.09943143854392,2023-01-01 10:23:00,cmd_b
Dev_1,3.3106857051312066,idle,23.77318053963193,2023-01-01 10:24:00,cmd_c
Dev_2,2.7992011159847827,idle,29.64078416490108,2023-01-01 10:25:00,cmd_a
Dev_1,0.5262351235659097,idle,20.89289524525573,2023-01-01 10:26:00,cmd_c
Dev_2,2.101420744046424,active,26.870192665032427,2023-01-01 10:27:00,cmd_c
Dev_3,1.9261737333603388,idle,24.93814040456929,2023-01-01 10:28:00,cmd_c
Dev_3,1.3727935404255986,idle,23.87648805455647,2023-01-01 10:29:00,cmd_c
Dev_1,3.6447585570740664,idle,26.327118787486008,2023-01-01 10:30:00,cmd_a
Dev_4,2.5297911018859773,active,27.03857091634331,2023-01-01 10:31:00,cmd_a
Dev_1,0.4971264579474749,active,20.043632696503092,2023-01-01 10:32:00,cmd_a
Dev_1,1.1788976895540757,idle,21.669530887471986,2023-01-01 10:33:00,cmd_c
Dev_2,3.44796794193202,idle,27.130460506343187,2023-01-01 10:34:00,cmd_c
Dev_2,0.4730412115024709,idle,26.663854135782064,2023-01-01 10:35:00,cmd_c
Dev_1,4.270913878838966,active,29.660475051286774,2023-01-01 10:36:00,cmd_a
Dev_3,2.5262179823684745,active,27.610377902507828,2023-01-01 10:37:00,cmd_c
Dev_2,2.4548742289005756,idle,29.50772707731338,2023-01-01 10:38:00,cmd_b
Dev_4,3.0027981448316363,active,27.02540501534807,2023-01-01 10:39:00,cmd_c
Dev_2,4.1409367330332305,idle,22.98052208639443,2023-01-01 10:40:00,cmd_b
Dev_2,1.8042651187207461,active,21.053649222508565,2023-01-01 10:41:00,cmd_c
Dev_4,3.422279147539412,active,27.818238633449354,2023-01-01 10:42:00,cmd_a
Dev_1,2.8720866235793765,idle,26.44149221475916,2023-01-01 10:43:00,cmd_c
Dev_4,1.4084385238301647,idle,20.48186012393296,2023-01-01 10:44:00,cmd_b
Dev_1,4.405286933140274,idle,23.600504659009783,2023-01-01 10:45:00,cmd_b
Dev_1,4.007387505873948,idle,29.56799815484286,2023-01-01 10:46:00,cmd_c
Dev_1,3.3264139898262854,active,25.004011457102013,2023-01-01 10:47:00,cmd_b
Dev_4,4.267850472561785,active,24.327291360197044,2023-01-01 10:48:00,cmd_b
Dev_1,4.349741584703032,active,24.57699605159294,2023-01-01 10:49:00,cmd_a
Dev_3,3.5709785859036707,idle,22.088827240051636,2023-01-01 10:50:00,cmd_c
Dev_4,4.201365308981993,active,23.687071708647952,2023-01-01 10:51:00,cmd_c
Dev_3,3.51761016217949,idle,23.698132559871766,2023-01-01 10:52:00,cmd_c
Dev_1,3.4326897816254722,active,20.523550201874723,2023-01-01 10:53:00,cmd_b
Dev_2,3.1311957532544032,idle,27.675676285179183,2023-01-01 10:54:00,cmd_c
Dev_1,3.7883115338324425,idle,24.165044319038792,2023-01-01 10:55:00,cmd_c
Dev_3,0.8771650159360612,active,28.221798868164235,2023-01-01 10:56:00,cmd_a
Dev_3,4.416266720074749,idle,28.503480011198953,2023-01-01 10:57:00,cmd_a
Dev_4,4.372033285951637,idle,22.11994054698658,2023-01-01 10:58:00,cmd_a
Dev_2,0.24331168686933982,active,26.573534821701287,2023-01-01 10:59:00,cmd_b
Dev_4,4.146502077767337,idle,24.722818041629818,2023-01-01 11:00:00,cmd_c
Dev_3,0.7314623506198815,idle,28.801567379214852,2023-01-01 11:01:00,cmd_a
Dev_1,1.7420823858697956,idle,22.15740679176454,2023-01-01 11:02:00,cmd_a
Dev_2,3.7431904558288784,active,26.778132003100442,2023-01-01 11:03:00,cmd_a
Dev_1,0.8877234906367102,active,26.077521222527224,2023-01-01 11:04:00,cmd_c
Dev_1,4.108038418183405,idle,22.953014775718326,2023-01-01 11:05:00,cmd_c
Dev_2,4.177457471992935,active,21.366009036511727,2023-01-01 11:06:00,cmd_c
Dev_4,2.5865918954280978,idle,26.516397604772767,2023-01-01 11:07:00,cmd_b
Dev_1,0.13129077141248455,idle,27.385974581323307,2023-01-01 11:08:00,cmd_b
Dev_3,1.5064868525570727,idle,23.1562734376335,2023-01-01 11:09:00,cmd_a
Dev_1,3.122941900041137,idle,26.448326040223137,2023-01-01 11:10:00,cmd_c
Dev_2,4.907812272334375,idle,23.95130907611503,2023-01-01 11:11:00,cmd_a
Dev_2,3.195886282381675,active,27.132068832826178,2023-01-01 11:12:00,cmd_c
Dev_2,1.3730375472143832,idle,21.99215274894053,2023-01-01 11:13:00,cmd_c
Dev_4,3.206627945188096,active,28.902150026361745,2023-01-01 11:14:00,cmd_c
Dev_1,2.7459283606076923,active,22.874095964655798,2023-01-01 11:15:00,cmd_b
Dev_4,3.921242436240604,idle,23.67785987756153,2023-01-01 11:16:00,cmd_b
Dev_4,0.6242051302520962,idle,20.580919520803498,2023-01-01 11:17:00,cmd_c
Dev_2,3.8290367222599375,active,21.115122123212764,2023-01-01 11:18:00,cmd_a
Dev_2,2.752206235512941,active,25.15861902712328,2023-01-01 11:19:00,cmd_c
Dev_4,4.818660818909073,active,22.675926767279716,2023-01-01 11:20:00,cmd_c
Dev_1,1.775173613589562,idle,28.354802257421944,2023-01-01 11:21:00,cmd_a
Dev_3,3.199847276356346,active,20.14693388654954,2023-01-01 11:22:00,cmd_c
Dev_4,4.666937716999086,idle,23.79094048671936,2023-01-01 11:23:00,cmd_a
Dev_1,0.6022976671543284,idle,23.373455467690928,2023-01-01 11:24:00,cmd_b
Dev_2,4.692419587458611,idle,20.19327630917601,2023-01-01 11:25:00,cmd_b
Dev_2,3.470640039273986,active,21.243683990005103,2023-01-01 11:26:00,cmd_a
Dev_1,0.43240158961534236,idle,24.136426749186352,2023-01-01 11:27:00,cmd_b
Dev_3,1.5747214780393999,idle,24.928645844474467,2023-01-01 11:28:00,cmd_b
Dev_2,3.57004323436188,idle,24.04289747254869,2023-01-01 11:29:00,cmd_a
Dev_2,0.4300179471969814,idle,25.30937678412094,2023-01-01 11:30:00,cmd_b
Dev_2,2.9526352548637393,idle,25.951316749056815,2023-01-01 11:31:00,cmd_c
Dev_1,1.7948269790694882,active,20.099238211278355,2023-01-01 11:32:00,cmd_c
Dev_4,3.142486037060638,idle,24.64095159453504,2023-01-01 11:33:00,cmd_a
Dev_2,0.324135965681313,idle,29.63499240887588,2023-01-01 11:34:00,cmd_b
Dev_4,4.370530350146644,active,25.190322801295487,2023-01-01 11:35:00,cmd_c
Dev_3,4.870095948969245,idle,26.77542267458953,2023-01-01 11:36:00,cmd_c
Dev_2,4.847501490899888,active,23.11863857916883,2023-01-01 11:37:00,cmd_b
Dev_2,3.7732939755403314,idle,27.739913781527626,2023-01-01 11:38:00,cmd_b
Dev_3,0.7374225766400967,active,27.72921481876115,2023-01-01 11:39:00,cmd_c
Dev_2,3.815489660052211,active,25.21296047654139,2023-01-01 11:40:00,cmd_c
Dev_4,0.22047589064812742,idle,29.760138232792137,2023-01-01 11:41:00,cmd_a
Dev_1,0.20840540249208656,idle,21.255502147626533,2023-01-01 11:42:00,cmd_a
Dev_4,1.6856900738327523,idle,20.16947664889581,2023-01-01 11:43:00,cmd_c
Dev_1,2.4943516329828626,active,27.701582117570958,2023-01-01 11:44:00,cmd_a
Dev_1,3.874996347258187,active,28.071555373648827,2023-01-01 11:45:00,cmd_c
Dev_4,3.4481473453718756,active,21.202072291205763,2023-01-01 11:46:00,cmd_c
Dev_4,2.284923261246067,idle,22.65582832958606,2023-01-01 11:47:00,cmd_a
Dev_4,1.440770664780163,active,20.175523633666288,2023-01-01 11:48:00,cmd_a
Dev_4,4.985910050772785,active,22.933086107805646,2023-01-01 11:49:00,cmd_b
Dev_3,2.188288380956268,idle,27.731418739186715,2023-01-01 11:50:00,cmd_b
Dev_2,2.31179641921541,active,25.179605277125788,2023-01-01 11:51:00,cmd_b
Dev_1,0.901756723839179,active,23.48095593168288,2023-01-01 11:52:00,cmd_c
Dev_4,3.9945667888746543,idle,23.717392949063303,2023-01-01 11:53:00,cmd_a
Dev_4,3.4990429063292945,active,20.01353625715468,2023-01-01 11:54:00,cmd_c
Dev_4,1.181771102664926,idle,22.99800527565236,2023-01-01 11:55:00,cmd_a
Dev_3,0.5036671235176292,idle,26.464587416379306,2023-01-01 11:56:00,cmd_c
Dev_4,3.4344465801660946,idle,29.74194443816357,2023-01-01 11:57:00,cmd_b
Dev_4,3.307104949977563,idle,28.470608269838994,2023-01-01 11:58:00,cmd_b
Dev_4,1.438971682291226,idle,20.235949646455293,2023-01-01 11:59:00,cmd_b
Dev_2,4.7592314550270105,active,28.985606046748394,2023-01-01 12:00:00,cmd_c
Dev_3,0.8401836697264111,active,27.83198413298626,2023-01-01 12:01:00,cmd_a
Dev_4,2.2184405251087496,idle,27.803761235709803,2023-01-01 12:02:00,cmd_a
Dev_1,4.723718008821234,idle,24.579957590035715,2023-01-01 12:03:00,cmd_b
Dev_1,2.1566638529379993,active,23.980052929545028,2023-01-01 12:04:00,cmd_b
Dev_1,3.2287771435540193,idle,23.029157288331927,2023-01-01 12:05:00,cmd_b
Dev_3,2.048212550017692,idle,20.656948589543656,2023-01-01 12:06:00,cmd_b
Dev_3,1.4436544915084832,idle,22.282353634936992,2023-01-01 12:07:00,cmd_a
Dev_1,4.921490475003158,active,22.466036349780246,2023-01-01 12:08:00,cmd_c
Dev_4,2.105736630943711,active,24.840770697102016,2023-01-01 12:09:00,cmd_c
Dev_3,4.481086098027759,idle,27.47444406596694,2023-01-01 12:10:00,cmd_c
Dev_1,1.2267775688663225,idle,24.73809828397947,2023-01-01 12:11:00,cmd_c
Dev_1,1.1442130497229084,active,20.578444494471604,2023-01-01 12:12:00,cmd_b
Dev_4,0.2525570061341057,active,29.57789800988204,2023-01-01 12:13:00,cmd_b
Dev_2,3.293167444341837,idle,29.427243190941123,2023-01-01 12:14:00,cmd_b
Dev_3,1.9057790842464297,idle,27.851895431484085,2023-01-01 12:15:00,cmd_c
Dev_4,4.335355424214222,active,29.913279015642203,2023-01-01 12:16:00,cmd_b
Dev_1,2.4187285427886303,active,25.444823328002627,2023-01-01 12:17:00,cmd_b
Dev_1,4.844147796782137,active,29.62768350253206,2023-01-01 12:18:00,cmd_a
Dev_4,1.0090750269452937,idle,20.756050406167507,2023-01-01 12:19:00,cmd_a
Dev_3,4.356253522982493,active,23.656807482613715,2023-01-01 12:20:00,cmd_b
Dev_2,3.9053245786795348,idle,22.253812680067657,2023-01-01 12:21:00,cmd_a
Dev_2,3.877517038755855,active,21.9583308413427,2023-01-01 12:22:00,cmd_a
Dev_1,4.23943781777275,active,21.40802948892676,2023-01-01 12:23:00,cmd_b
Dev_3,3.8290175556206947,active,26.224136415659967,2023-01-01 12:24:00,cmd_b
Dev_2,3.1684795759939357,active,27.81321855747305,2023-01-01 12:25:00,cmd_b
Dev_3,0.7430999006436991,idle,25.782983994203605,2023-01-01 12:26:00,cmd_b
Dev_3,0.25937827950713443,idle,21.469627095882096,2023-01-01 12:27:00,cmd_c
Dev_1,4.612154454296865,active,28.11123769933471,2023-01-01 12:28:00,cmd_c
Dev_2,3.1215865411516166,idle,26.359547071637284,2023-01-01 12:29:00,cmd_b
Dev_4,4.003032725783264,active,23.881657061269955,2023-01-01 12:30:00,cmd_a
Dev_1,2.4594595224114957,active,26.74130295536063,2023-01-01 12:31:00,cmd_b
Dev_2,0.674810125915733,active,22.59904979242833,2023-01-01 12:32:00,cmd_b
Dev_2,0.7134103817924972,active,23.451922084942105,2023-01-01 12:33:00,cmd_a
Dev_2,3.45926990742196,idle,29.174858431319905,2023-01-01 12:34:00,cmd_c
Dev_2,2.2084988850073675,active,22.905045056714204,2023-01-01 12:35:00,cmd_b
Dev_2,1.08257116083165,active,24.699882681579368,2023-01-01 12:36:00,cmd_b
Dev_3,2.508813279033041,idle,28.901411373960144,2023-01-01 12:37:00,cmd_c
Dev_1,0.4146237916681571,active,27.077213502675274,2023-01-01 12:38:00,cmd_c
Dev_3,2.9516598693805545,active,20.62203226164703,2023-01-01 12:39:00,cmd_a
Dev_4,1.4180676817319788,active,21.473030442789703,2023-01-01 12:40:00,cmd_c
Dev_2,4.008039593122222,idle,20.07841590771917,2023-01-01 12:41:00,cmd_c
Dev_1,1.6207735987255116,active,26.309217902291635,2023-01-01 12:42:00,cmd_c
Dev_2,2.330578730500826,idle,24.476734254104183,2023-01-01 12:43:00,cmd_a
Dev_1,0.15694064554969311,active,21.342748509022755,2023-01-01 12:44:00,cmd_c
Dev_3,0.45498975019333854,active,29.579341210567705,2023-01-01 12:45:00,cmd_c
Dev_1,2.0232184263927557,idle,25.296597239456197,2023-01-01 12:46:00,cmd_a
Dev_4,2.4517002901139056,active,22.418932941128894,2023-01-01 12:47:00,cmd_c
Dev_4,3.0401006857845885,active,25.006035711547074,2023-01-01 12:48:00,cmd_c
Dev_1,1.529146635675586,idle,26.79620332735108,2023-01-01 12:49:00,cmd_a
Dev_1,3.5054112420200587,idle,20.762392179735645,2023-01-01 12:50:00,cmd_b
Dev_1,4.314599746227103,idle,22.74703815047892,2023-01-01 12:51:00,cmd_a
Dev_1,3.9212698455774144,idle,28.069654908839937,2023-01-01 12:52:00,cmd_c
Dev_4,0.29413224420695006,idle,24.596648704026613,2023-01-01 12:53:00,cmd_c
Dev_2,2.454484041563362,active,25.465771420322948,2023-01-01 12:54:00,cmd_c
Dev_1,0.6141578742490569,idle,24.328160022094693,2023-01-01 12:55:00,cmd_a
Dev_1,1.2860205777263847,active,20.43899942643005,2023-01-01 12:56:00,cmd_c
Dev_4,4.934646707009017,active,21.65749779820156,2023-01-01 12:57:00,cmd_c
Dev_4,0.7982281602174148,active,24.455416387418907,2023-01-01 12:58:00,cmd_a
Dev_3,2.544551951911645,idle,22.091854654079278,2023-01-01 12:59:00,cmd_b
Dev_1,3.128963098158784,idle,20.499790286596788,2023-01-01 13:00:00,cmd_b
Dev_3,3.5420783556661095,active,28.436496640518236,2023-01-01 13:01:00,cmd_c
Dev_4,2.8422785490858793,idle,29.81192529164116,2023-01-01 13:02:00,cmd_a
Dev_4,0.14787715235399995,idle,27.931428739967394,2023-01-01 13:03:00,cmd_c
Dev_2,1.6996604103955604,idle,28.53784921704667,2023-01-01 13:04:00,cmd_a
Dev_1,2.636787052585086,idle,22.419771303170453,2023-01-01 13:05:00,cmd_a
Dev_3,0.5305458458096834,active,29.606269755131997,2023-01-01 13:06:00,cmd_b
Dev_4,1.818071962924986,active,21.969257044534285,2023-01-01 13:07:00,cmd_b
Dev_4,0.26269523307769616,idle,29.514298103618323,2023-01-01 13:08:00,cmd_a
Dev_3,0.48503463605960173,active,29.94819293965951,2023-01-01 13:09:00,cmd_c
Dev_2,2.044924053387821,idle,27.117228057460487,2023-01-01 13:10:00,cmd_b
Dev_4,0.7503071948109957,idle,29.81143731791822,2023-01-01 13:11:00,cmd_c
Dev_1,2.880950156481635,active,25.695397795671035,2023-01-01 13:12:00,cmd_b
Dev_4,3.4783783487726025,active,22.595417831760905,2023-01-01 13:13:00,cmd_b
Dev_1,4.022874825634506,active,24.369958856656208,2023-01-01 13:14:00,cmd_c
Dev_3,1.0807361967995697,idle,25.93560935378786,2023-01-01 13:15:00,cmd_b
Dev_1,0.9206646530694419,active,20.73081562027015,2023-01-01 13:16:00,cmd_b
Dev_3,0.6123824176385613,idle,26.223432646172462,2023-01-01 13:17:00,cmd_c
Dev_1,3.21850822276382,active,29.811778367622946,2023-01-01 13:18:00,cmd_b
Dev_3,3.561731059785816,active,21.901076497837277,2023-01-01 13:19:00,cmd_b
Dev_1,0.254772109645646,idle,27.925951162883834,2023-01-01 13:20:00,cmd_b
Dev_2,4.68744000659408,idle,29.078987937796192,2023-01-01 13:21:00,cmd_c
Dev_1,0.35465928989221485,idle,29.437015928202207,2023-01-01 13:22:00,cmd_a
Dev_1,2.7523520429752457,idle,29.601356044054473,2023-01-01 13:23:00,cmd_c
Dev_2,3.5743965453094906,idle,25.21459638721472,2023-01-01 13:24:00,cmd_a
Dev_4,4.36774870635582,idle,29.773079079915036,2023-01-01 13:25:00,cmd_b
Dev_4,3.5990259674488967,idle,27.573102071344387,2023-01-01 13:26:00,cmd_a
Dev_1,4.02846760704198,idle,21.61671436236962,2023-01-01 13:27:00,cmd_c
Dev_2,1.76330594345975,active,24.7690010646797,2023-01-01 13:28:00,cmd_c
Dev_1,4.09264305735791,idle,27.18331175372004,2023-01-01 13:29:00,cmd_b
Dev_3,0.49256274728490823,idle,22.473403158190834,2023-01-01 13:30:00,cmd_a
Dev_3,4.484601614696586,active,26.406151835488874,2023-01-01 13:31:00,cmd_b
Dev_1,2.7832026431533077,idle,26.666004790466193,2023-01-01 13:32:00,cmd_b
Dev_4,4.104759072816219,active,21.62699743808566,2023-01-01 13:33:00,cmd_c
Dev_4,2.316359594139671,active,25.650853124527565,2023-01-01 13:34:00,cmd_a
Dev_1,3.2535307064629726,idle,27.716269109786076,2023-01-01 13:35:00,cmd_a
Dev_1,2.679373038586955,active,24.98895664535942,2023-01-01 13:36:00,cmd_a
Dev_3,3.6847886566011265,idle,20.121031167761075,2023-01-01 13:37:00,cmd_a
Dev_4,0.499986911949889,active,20.090384690792924,2023-01-01 13:38:00,cmd_b
Dev_1,0.3957252115537626,active,23.570293439700123,2023-01-01 13:39:00,cmd_b
Dev_3,1.3108058466497177,active,29.26194068431782,2023-01-01 13:40:00,cmd_c
Dev_4,0.881768932554623,idle,22.286767796036088,2023-01-01 13:41:00,cmd_b
Dev_2,4.371739476301788,idle,26.343636888716873,2023-01-01 13:42:00,cmd_b
Dev_3,1.1741485380544172,active,22.220758706933207,2023-01-01 13:43:00,cmd_c
Dev_4,4.8817397535137435,active,23.216699896595486,2023-01-01 13:44:00,cmd_c
Dev_4,1.7507893796784237,idle,28.48042089601484,2023-01-01 13:45:00,cmd_c
Dev_3,0.9923777868746265,idle,27.288614422699467,2023-01-01 13:46:00,cmd_b
Dev_2,3.969522684998148,active,20.953992773132107,2023-01-01 13:47:00,cmd_b
Dev_3,3.3276680999542934,active,24.287020209864338,2023-01-01 13:48:00,cmd_c
Dev_4,2.5411590106203814,idle,20.291697636452646,2023-01-01 13:49:00,cmd_c
Dev_1,2.8212813995943935,idle,24.80890146603009,2023-01-01 13:50:00,cmd_c
Dev_1,3.624088713534093,idle,26.624340117010682,2023-01-01 13:51:00,cmd_b
Dev_3,1.2194282325233639,idle,21.185026235981514,2023-01-01 13:52:00,cmd_b
Dev_4,4.982036188678036,idle,22.888849389091657,2023-01-01 13:53:00,cmd_a
Dev_1,4.876486494519237,active,23.97836625502157,2023-01-01 13:54:00,cmd_b
Dev_4,3.286595863099991,idle,29.195310246560496,2023-01-01 13:55:00,cmd_b
Dev_3,1.0777580095528112,active,29.932550154229638,2023-01-01 13:56:00,cmd_b
Dev_1,3.4331183879133276,idle,20.44911298995616,2023-01-01 13:57:00,cmd_c
Dev_4,0.4537722039979617,active,27.610079234953922,2023-01-01 13:58:00,cmd_b
Dev_1,0.25019726080844973,idle,23.717240664023432,2023-01-01 13:59:00,cmd_c
Dev_3,1.3626461537049472,idle,23.9245818622948,2023-01-01 14:00:00,cmd_a
Dev_4,2.36685248802265,active,27.542649733470228,2023-01-01 14:01:00,cmd_a
Dev_1,4.354535276501064,active,29.184264321454087,2023-01-01 14:02:00,cmd_c
Dev_3,3.6631284418549095,idle,29.509285945025482,2023-01-01 14:03:00,cmd_c
Dev_1,3.7392619538799075,idle,25.771225860383208,2023-01-01 14:04:00,cmd_c
Dev_1,2.1849173387955694,idle,23.571211593005028,2023-01-01 14:05:00,cmd_b
Dev_2,1.7950814634801184,idle,27.875490858587792,2023-01-01 14:06:00,cmd_a
Dev_2,1.9180899386245533,idle,22.510013832623002,2023-01-01 14:07:00,cmd_c
Dev_3,4.939482862306684,active,25.640740288335177,2023-01-01 14:08:00,cmd_b
Dev_2,0.2965350379211642,active,23.58578461524873,2023-01-01 14:09:00,cmd_a
Dev_3,4.348454330999998,idle,26.566310737078762,2023-01-01 14:10:00,cmd_b
Dev_2,2.935509502004728,active,22.40398912893507,2023-01-01 14:11:00,cmd_a
Dev_1,2.2492155540289933,active,21.91592945734826,2023-01-01 14:12:00,cmd_b
Dev_3,3.6537625360341695,active,29.18239086675437,2023-01-01 14:13:00,cmd_a
Dev_3,2.4846778129810443,idle,21.01803682949537,2023-01-01 14:14:00,cmd_a
Dev_1,4.379773866600137,active,25.059579077349316,2023-01-01 14:15:00,cmd_b
Dev_3,4.513439133655167,idle,22.20852782963009,2023-01-01 14:16:00,cmd_c
Dev_3,2.166432541679932,active,20.389299633256673,2023-01-01 14:17:00,cmd_a
Dev_2,1.456456206451753,idle,20.360188182914264,2023-01-01 14:18:00,cmd_c
Dev_3,3.002516610107475,active,21.752217721058273,2023-01-01 14:19:00,cmd_b
Dev_4,4.5705803935217855,idle,28.66770354506,2023-01-01 14:20:00,cmd_c
Dev_1,1.1322447261277664,idle,22.824787439770265,2023-01-01 14:21:00,cmd_c
Dev_2,3.152536259461066,active,29.504591705752958,2023-01-01 14:22:00,cmd_c
Dev_2,3.194645078453351,idle,25.816222929891936,2023-01-01 14:23:00,cmd_c
Dev_4,3.692253809834877,idle,24.366141897687662,2023-01-01 14:24:00,cmd_c
Dev_1,0.744681657123573,idle,25.800888346694546,2023-01-01 14:25:00,cmd_a
Dev_1,3.607542326942234,idle,25.16698385226268,2023-01-01 14:26:00,cmd_a
Dev_2,4.554259351261641,idle,27.58776253757325,2023-01-01 14:27:00,cmd_a
Dev_3,0.9804472334641857,idle,22.82496065972852,2023-01-01 14:28:00,cmd_b
Dev_2,1.2639622921270006,idle,23.530503916003024,2023-01-01 14:29:00,cmd_c
Dev_1,4.859835960804034,idle,28.94094302533251,2023-01-01 14:30:00,cmd_a
Dev_4,0.9867870682764999,active,29.464565131504052,2023-01-01 14:31:00,cmd_b
Dev_2,4.286486957510938,active,28.925582274864745,2023-01-01 14:32:00,cmd_a
Dev_1,2.512161496595371,idle,24.194479939573135,2023-01-01 14:33:00,cmd_a
Dev_2,1.3114322645755676,idle,27.803655030068818,2023-01-01 14:34:00,cmd_c
Dev_3,4.366674516235306,active,24.763357333010987,2023-01-01 14:35:00,cmd_b
Dev_2,2.281995749513061,active,24.975398521461024,2023-01-01 14:36:00,cmd_c
Dev_2,2.622605034255482,active,22.04680109057284,2023-01-01 14:37:00,cmd_c
Dev_1,1.8602435100588521,idle,25.911303032585167,2023-01-01 14:38:00,cmd_a
Dev_1,3.0054591720311445,active,21.86135897753348,2023-01-01 14:39:00,cmd_c
Dev_1,0.9012669756666116,idle,23.315646990671937,2023-01-01 14:40:00,cmd_b
Dev_2,2.0162995295936277,idle,28.550302016199353,2023-01-01 14:41:00,cmd_c
Dev_3,4.850120379442909,active,22.07075809210855,2023-01-01 14:42:00,cmd_c
Dev_4,1.3648538202355252,idle,20.711582851734327,2023-01-01 14:43:00,cmd_c
Dev_4,3.318009656252332,idle,20.690075926128163,2023-01-01 14:44:00,cmd_a
Dev_1,1.6934313147010052,idle,29.40784520503108,2023-01-01 14:45:00,cmd_b
Dev_1,3.8900183158643435,idle,25.06920437961835,2023-01-01 14:46:00,cmd_a
Dev_2,0.7412809375199142,active,24.09412071817018,2023-01-01 14:47:00,cmd_a
Dev_4,4.852123120884869,active,28.108785810079183,2023-01-01 14:48:00,cmd_a
Dev_1,2.3235687527798325,idle,28.358259279105162,2023-01-01 14:49:00,cmd_a
Dev_3,1.2566472703976737,idle,23.321910331156047,2023-01-01 14:50:00,cmd_a
Dev_3,0.4601340619170621,active,26.936180574737953,2023-01-01 14:51:00,cmd_b
Dev_1,0.9318137349289497,idle,27.711228158518864,2023-01-01 14:52:00,cmd_c
Dev_1,2.646892347924487,active,26.546506868659545,2023-01-01 14:53:00,cmd_a
Dev_4,1.7513155645133032,idle,21.515950748000993,2023-01-01 14:54:00,cmd_a
Dev_4,4.161528492824786,idle,28.75883083517057,2023-01-01 14:55:00,cmd_b
Dev_2,2.2113488659428495,active,25.39094552736009,2023-01-01 14:56:00,cmd_b
Dev_4,1.3186999356793867,active,22.824724263700038,2023-01-01 14:57:00,cmd_c
Dev_3,3.1240104343597475,active,24.25228185437694,2023-01-01 14:58:00,cmd_b
Dev_3,3.563208362738685,active,20.375710903989074,2023-01-01 14:59:00,cmd_c
Dev_1,0.9185053487146544,idle,21.278668012224177,2023-01-01 15:00:00,cmd_a
Dev_4,0.9213341598127566,active,27.655467505158608,2023-01-01 15:01:00,cmd_a
Dev_2,0.2796899919743606,idle,20.00011634755366,2023-01-01 15:02:00,cmd_c
Dev_3,3.708369873821639,active,24.16565828482292,2023-01-01 15:03:00,cmd_b
Dev_3,3.3526421853468453,active,25.225101810855882,2023-01-01 15:04:00,cmd_c
Dev_2,2.4256912911740884,idle,20.546344200009724,2023-01-01 15:05:00,cmd_b
Dev_2,4.2364351999490655,active,29.730781629723328,2023-01-01 15:06:00,cmd_a
Dev_3,4.04778374945526,active,22.26125331249672,2023-01-01 15:07:00,cmd_b
Dev_3,2.9682363855440856,active,23.041987196362808,2023-01-01 15:08:00,cmd_c
Dev_2,4.3545292745149675,active,23.039425122550274,2023-01-01 15:09:00,cmd_c
Dev_3,1.1086219291801647,idle,22.3041666211735,2023-01-01 15:10:00,cmd_a
Dev_1,0.6484061350488666,idle,20.014738220863116,2023-01-01 15:11:00,cmd_b
Dev_1,1.4217730964332493,active,27.293447940879965,2023-01-01 15:12:00,cmd_b
Dev_2,0.3797255948376428,active,29.668454997992853,2023-01-01 15:13:00,cmd_b
Dev_4,2.702730687205057,active,22.24293483285045,2023-01-01 15:14:00,cmd_a
Dev_2,4.689367892245311,idle,26.630471918034225,2023-01-01 15:15:00,cmd_b
Dev_2,0.29278334927569727,idle,27.418963269587152,2023-01-01 15:16:00,cmd_c
Dev_4,0.6983385786491313,idle,28.48425379090525,2023-01-01 15:17:00,cmd_b
Dev_4,2.315775238588833,idle,24.226291970136092,2023-01-01 15:18:00,cmd_a
Dev_4,4.675987585886734,active,23.029309056404294,2023-01-01 15:19:00,cmd_b
Dev_1,1.6491649143860776,active,23.25295134023031,2023-01-01 15:20:00,cmd_b
Dev_3,2.585450562573123,active,27.126213330985127,2023-01-01 15:21:00,cmd_c
Dev_1,0.3037070093469213,idle,28.167794665056363,2023-01-01 15:22:00,cmd_b
Dev_3,0.8268816847142354,active,21.816139677566028,2023-01-01 15:23:00,cmd_c
Dev_1,4.93448760249835,idle,23.70941008157765,2023-01-01 15:24:00,cmd_c
Dev_3,4.829081612536623,idle,29.0194019674915,2023-01-01 15:25:00,cmd_a
Dev_1,0.12420590657860713,active,28.06693519694739,2023-01-01 15:26:00,cmd_c
Dev_4,4.763877748573871,active,29.84858402762476,2023-01-01 15:27:00,cmd_c
Dev_2,3.231687695295952,active,27.542482596820808,2023-01-01 15:28:00,cmd_a
Dev_1,4.352799643148108,idle,23.931952010279222,2023-01-01 15:29:00,cmd_c
Dev_3,2.32822529260591,idle,25.90637833994638,2023-01-01 15:30:00,cmd_a
Dev_4,2.6264205400383265,active,26.610142542473202,2023-01-01 15:31:00,cmd_b
Dev_1,2.4953482432589094,active,20.78455816317124,2023-01-01 15:32:00,cmd_a
Dev_1,3.3676348619759118,idle,25.44496959103865,2023-01-01 15:33:00,cmd_c
Dev_4,0.7842911483059333,active,27.093208284726096,2023-01-01 15:34:00,cmd_a
Dev_1,0.246870590376122,idle,21.673213040010605,2023-01-01 15:35:00,cmd_c
Dev_2,1.6088567137968357,idle,27.80631717425557,2023-01-01 15:36:00,cmd_b
Dev_1,3.552935737409569,active,25.837727805141117,2023-01-01 15:37:00,cmd_a
Dev_2,1.0890819154024471,active,29.522217856975946,2023-01-01 15:38:00,cmd_b
Dev_2,3.399818923292095,active,20.424222982068915,2023-01-01 15:39:00,cmd_c
Dev_4,4.852569025925625,active,22.65326137555467,2023-01-01 15:40:00,cmd_c
Dev_1,0.5601135073681501,idle,26.015538792998242,2023-01-01 15:41:00,cmd_b
Dev_4,3.395750379303119,idle,22.965599122059306,2023-01-01 15:42:00,cmd_a
Dev_1,2.2743760745923987,idle,27.144241640712423,2023-01-01 15:43:00,cmd_a
Dev_1,4.353897046449776,active,27.59005282521931,2023-01-01 15:44:00,cmd_c
Dev_3,0.968033968292191,idle,21.025159640664743,2023-01-01 15:45:00,cmd_b
Dev_1,3.4938671659082066,active,25.13854464206768,2023-01-01 15:46:00,cmd_b
Dev_4,4.20676491927574,active,25.088905555910557,2023-01-01 15:47:00,cmd_a
Dev_2,4.728609675422714,active,23.69280770215541,2023-01-01 15:48:00,cmd_a
Dev_1,3.4479153386192647,active,29.32924862569672,2023-01-01 15:49:00,cmd_a
Dev_3,2.536156343641294,active,28.275063198732212,2023-01-01 15:50:00,cmd_b
Dev_4,3.1274514769859483,active,26.97209381909637,2023-01-01 15:51:00,cmd_a
Dev_1,4.357634423945719,idle,27.143266357349976,2023-01-01 15:52:00,cmd_a
Dev_4,2.8959877585302656,active,24.61716143813119,2023-01-01 15:53:00,cmd_c
Dev_3,0.24889659251450064,idle,29.209945210965756,2023-01-01 15:54:00,cmd_a
Dev_3,4.6616486079841915,idle,26.945954272532852,2023-01-01 15:55:00,cmd_a
Dev_4,3.47868108005465,active,27.289810616558164,2023-01-01 15:56:00,cmd_b
Dev_1,3.4149155903085084,active,28.61690903787345,2023-01-01 15:57:00,cmd_b
Dev_2,1.1568082467488143,active,22.74071589342191,2023-01-01 15:58:00,cmd_c
Dev_3,3.328538804140021,idle,28.07070903866703,2023-01-01 15:59:00,cmd_a
Dev_1,2.029935587705377,active,21.95240602956492,2023-01-01 16:00:00,cmd_c
Dev_1,3.2910415875033117,idle,23.45341952244888,2023-01-01 16:01:00,cmd_b
Dev_2,0.6223058485091546,active,23.356104542698425,2023-01-01 16:02:00,cmd_c
Dev_3,3.323441992554877,active,29.785254683891406,2023-01-01 16:03:00,cmd_b
Dev_3,4.997127256276266,idle,28.565372237479266,2023-01-01 16:04:00,cmd_c
Dev_1,0.33623899041672456,idle,27.011698615902596,2023-01-01 16:05:00,cmd_c
Dev_1,4.888153502684455,active,27.2705676161539,2023-01-01 16:06:00,cmd_a
Dev_2,2.093849007542066,idle,25.62072794402571,2023-01-01 16:07:00,cmd_c
Dev_2,4.366691906652569,idle,29.47090667108519,2023-01-01 16:08:00,cmd_a
Dev_3,3.9336888718855403,idle,24.962587528823615,2023-01-01 16:09:00,cmd_a
Dev_4,2.8783796788346727,idle,23.805177098698945,2023-01-01 16:10:00,cmd_a
Dev_3,3.7184011253315004,idle,21.63035336931591,2023-01-01 16:11:00,cmd_a
Dev_1,4.404726250376605,active,27.86205652261058,2023-01-01 16:12:00,cmd_c
Dev_3,2.0802875760900617,active,27.344439320755914,2023-01-01 16:13:00,cmd_b
Dev_4,1.7024624916598698,idle,23.84355038524135,2023-01-01 16:14:00,cmd_b
Dev_2,3.3712075892615654,active,20.251934139592294,2023-01-01 16:15:00,cmd_b
Dev_4,4.058445115512167,active,28.389973277180108,2023-01-01 16:16:00,cmd_c
Dev_4,3.8351971604054174,idle,20.114179834540735,2023-01-01 16:17:00,cmd_a
Dev_4,4.009286879407309,active,27.03699779629051,2023-01-01 16:18:00,cmd_b
Dev_2,2.234358242583372,idle,29.70257109726057,2023-01-01 16:19:00,cmd_c
Dev_4,4.107387659257606,idle,24.376613281482037,2023-01-01 16:20:00,cmd_a
Dev_4,0.6890243713159814,active,22.34973404995953,2023-01-01 16:21:00,cmd_b
Dev_4,2.767996580008163,idle,27.048710100433816,2023-01-01 16:22:00,cmd_a
Dev_1,0.1282174364407957,idle,28.17128142015585,2023-01-01 16:23:00,cmd_b
Dev_4,1.6904705665113247,idle,25.464303160778474,2023-01-01 16:24:00,cmd_b
Dev_2,1.8956615208698497,idle,29.670352752561463,2023-01-01 16:25:00,cmd_b
Dev_4,2.0412461888853515,idle,20.516687216579612,2023-01-01 16:26:00,cmd_a
Dev_4,3.507789312780325,active,25.04795598304528,2023-01-01 16:27:00,cmd_c
Dev_2,2.003934696224694,active,27.1845394732255,2023-01-01 16:28:00,cmd_a
Dev_4,2.2985987508504007,idle,28.626404711491787,2023-01-01 16:29:00,cmd_b
Dev_2,1.2639662412842048,idle,21.7925561190779,2023-01-01 16:30:00,cmd_a
Dev_4,1.9289337789837666,active,28.000034817636816,2023-01-01 16:31:00,cmd_c
Dev_2,1.2136211735894424,idle,25.527070757185452,2023-01-01 16:32:00,cmd_a
Dev_4,0.45866002646537385,active,23.965536819899633,2023-01-01 16:33:00,cmd_c
Dev_4,3.056898107568752,idle,21.317150285790937,2023-01-01 16:34:00,cmd_c
Dev_1,3.37424271291958,idle,28.652957589089127,2023-01-01 16:35:00,cmd_a
Dev_1,3.1355026954471112,idle,21.572732081797152,2023-01-01 16:36:00,cmd_b
Dev_4,2.3711208146228047,idle,23.097878592090993,2023-01-01 16:37:00,cmd_c
Dev_4,1.9609503228782263,idle,22.90045531962437,2023-01-01 16:38:00,cmd_a
Dev_3,4.330334882901943,idle,28.714140341908543,2023-01-01 16:39:00,cmd_c
